oracle_id,name,mana_cost,cmc,type_line,oracle_text,colors,color_identity,legalities_commander,legalities_standard,legalities_modern,scryfall_id
48a773d0-c433-4463-b50f-b6d4604a042c,"Abigale, Eloquent First-Year",{W/B}{W/B},2.0,Legendary Creature — Bird Bard,"Flying, first strike, lifelink
When Abigale enters, up to one other target creature loses all abilities. Put a flying counter, a first strike counter, and a lifelink counter on that creature.",BW,BW,legal,legal,legal,bf708169-a307-494b-b8d8-baae53b2e2f2
edbf1b87-2d1e-47e6-a04e-a2b1646af7d9,Abnormal Endurance,{1}{B},2.0,Instant,"Until end of turn, target creature gets +2/+0 and gains ""When this creature dies, return it to the battlefield tapped under its owner's control.""",B,B,legal,not_legal,legal,de2de2bd-9ba7-4b6f-94c2-dafb2011a48e
e8ebf5cb-3a26-4bbd-812b-414c129e4bb7,Abstruse Interference,{2}{U},3.0,Instant,"Devoid (This card has no color.)
Counter target spell unless its controller pays {1}. You create a 1/1 colorless Eldrazi Scion creature token. It has ""Sacrifice this token: Add {C}."" ({C} represents colorless mana.)",,U,legal,not_legal,legal,249a7be3-311e-4ce6-97dc-97242463ae23
eccc9a54-2b56-4a02-9926-258d5b2e25fb,Abundance,{2}{G}{G},4.0,Enchantment,"If you would draw a card, you may instead choose land or nonland and reveal cards from the top of your library until you reveal a card of the chosen kind. Put that card into your hand and put all other cards revealed this way on the bottom of your library in any order.",G,G,legal,not_legal,legal,7f3fff7e-f34d-4a99-a805-bd66c4e9f0cb
947a2665-2f4d-4193-8768-118f85334549,Abundant Growth,{G},1.0,Enchantment — Aura,"Enchant land
When this Aura enters, draw a card.
Enchanted land has ""{T}: Add one mana of any color.""",G,G,legal,not_legal,legal,1a05b2f6-a6b3-4e30-904b-0dc85d124ef8
e7b2f844-2ba2-4465-bb80-358a4d915f36,Abzan Advantage,{1}{W},2.0,Instant,Target player sacrifices an enchantment of their choice. Bolster 1. (Choose a creature with the least toughness among creatures you control and put a +1/+1 counter on it.),W,W,legal,not_legal,legal,3ffd46f5-afd1-4130-b019-d8822e61fdfa
85b2fb89-5ebe-4c13-bc12-38d1417e5880,Abzan Guide,{3}{W}{B}{G},6.0,Creature — Human Warrior,"Lifelink (Damage dealt by this creature also causes you to gain that much life.)
Morph {2}{W}{B}{G} (You may cast this card face down as a 2/2 creature for {3}. Turn it face up any time for its morph cost.)",BGW,BGW,legal,not_legal,legal,1b7f7158-4a31-4a1c-bf3b-574c0b09276a
866fc4b9-f661-444b-b7fd-929814dbc69d,Abzan Skycaptain,{3}{W},4.0,Creature — Bird Soldier,"Flying
When this creature dies, bolster 2. (Choose a creature with the least toughness among creatures you control and put two +1/+1 counters on it.)",W,W,legal,not_legal,legal,c4195373-e902-4fc3-aead-1f6e728dbbae
b400700c-1d82-4721-a166-56f88ba6ad19,Academy Journeymage,{4}{U},5.0,Creature — Human Wizard,"This spell costs {1} less to cast if you control a Wizard.
When this creature enters, return target creature an opponent controls to its owner's hand.",U,U,legal,not_legal,legal,a46a65e0-66a3-4896-8acc-0ad5e9927c40
21f45043-5419-4019-8b6c-e5294bd5f549,Acidic Slime,{3}{G}{G},5.0,Creature — Ooze,"Deathtouch (Any amount of damage this deals to a creature is enough to destroy it.)
When this creature enters, destroy target artifact, enchantment, or land.",G,G,legal,not_legal,legal,2a6d791f-11c1-44ce-8084-591250b9f802
944689b2-f9f7-45c3-952c-54287b9824d5,Acolyte's Reward,{1}{W},2.0,Instant,"Prevent the next X damage that would be dealt to target creature this turn, where X is your devotion to white. If damage is prevented this way, Acolyte's Reward deals that much damage to any target. (Each {W} in the mana costs of permanents you control counts toward your devotion to white.)",W,W,legal,not_legal,legal,cd8980af-c3fa-4027-917a-4a3d441c0a75
9d08af23-9f4a-4097-9abc-3b17475ab744,Act of Treason,{2}{R},3.0,Sorcery,Gain control of target creature until end of turn. Untap that creature. It gains haste until end of turn. (It can attack and {T} this turn.),R,R,legal,not_legal,legal,20234668-53ce-4cc8-892f-30ee3ecfc34c
5bf49f39-b3d5-4148-8dc2-b5b5011769d2,Adventurous Impulse,{G},1.0,Sorcery,Look at the top three cards of your library. You may reveal a creature or land card from among them and put it into your hand. Put the rest on the bottom of your library in any order.,G,G,legal,not_legal,legal,f426c92c-6e71-49f0-9a91-0d529bf8c17d
7a5a81f7-1597-4972-8565-fd2a5667df99,Adverse Conditions,{3}{U},4.0,Instant,"Devoid (This card has no color.)
Tap up to two target creatures. Those creatures don't untap during their controller's next untap step. Create a 1/1 colorless Eldrazi Scion creature token. It has ""Sacrifice this token: Add {C}.""",,U,legal,not_legal,legal,03d86e0b-294f-41b8-a5cd-d3144a019334
5902e074-7154-4fc7-8776-b87e8b1925e7,Aegis Angel,{4}{W}{W},6.0,Creature — Angel,"Flying (This creature can't be blocked except by creatures with flying or reach.)
When this creature enters, another target permanent gains indestructible for as long as you control this creature. (Effects that say ""destroy"" don't destroy it. A creature with indestructible can't be destroyed by damage.)",W,W,legal,not_legal,legal,44a93838-caea-41da-bf00-163b40cfb758
727f4734-53cc-4279-ba51-dfa26c4ceb1d,Aegis Automaton,{2},2.0,Artifact Creature — Construct,{4}{W}: Return another target creature you control to its owner's hand.,,W,legal,not_legal,legal,e5f9fa2d-4bf4-4fcb-9b76-fd4a9ff5a58c
a4eb06ca-16d8-41c2-8fc6-22e73872b5b0,Aerial Assault,{2}{W},3.0,Sorcery,Destroy target tapped creature. You gain 1 life for each creature you control with flying.,W,W,legal,not_legal,legal,64d9c182-cbb3-4791-90dd-0e533ddeebda
b0168b7e-a8b8-4ce3-af12-a43f3818b6a1,Aerial Formation,{U},1.0,Instant,"Strive — This spell costs {2}{U} more to cast for each target beyond the first.
Any number of target creatures each get +1/+1 and gain flying until end of turn.",U,U,legal,not_legal,legal,fce86785-bc03-451e-8422-8bb53082cc12
b56c0846-e465-4251-93ea-2e3e7be8dffc,Aerial Guide,{2}{U},3.0,Creature — Drake,"Flying
Whenever this creature attacks, another target attacking creature gains flying until end of turn.",U,U,legal,not_legal,legal,b744c138-9b9e-47f6-9d56-feb6a78ce377
a0cd19c1-9125-4627-83ba-d42c489b4e7d,Aeromunculus,{1}{G}{U},3.0,Creature — Homunculus Mutant,"Flying
{2}{G}{U}: Adapt 1. (If this creature has no +1/+1 counters on it, put a +1/+1 counter on it.)",GU,GU,legal,not_legal,legal,671c94c1-df52-4985-ad78-3e1c9c78df18
61c89b11-65c9-4fda-bbcd-d84de25df801,Aether Hub,,0.0,Land,"When this land enters, you get {E} (an energy counter).
{T}: Add {C}.
{T}, Pay {E}: Add one mana of any color.",,,legal,not_legal,legal,25ea04d8-5d85-49d3-8d8d-7fe123d0ed6c
3a0dd318-9523-4740-b0aa-a911032e3851,Aether Tradewinds,{2}{U},3.0,Instant,Return target permanent you control and target permanent you don't control to their owners' hands.,U,U,legal,not_legal,legal,26fe4768-fe18-4698-885d-86f5ad150125
8517e5f4-89c5-4879-9b4f-b35e268798df,Aetherstream Leopard,{2}{G},3.0,Creature — Cat,"Trample
When this creature enters, you get {E} (an energy counter).
Whenever this creature attacks, you may pay {E}. If you do, it gets +2/+0 until end of turn.",G,G,legal,not_legal,legal,6f3a727a-5eca-44de-aa8f-0d2573db83eb
5b38a1e4-a6af-4094-9392-70a87759e20d,Affa Protector,{2}{W},3.0,Creature — Human Soldier Ally,Vigilance,W,W,legal,not_legal,legal,0e54ac79-fbaa-4385-869b-aaf31e33a11f
032b5fc4-5aca-41b6-9bf6-2c1ed0018968,Aggressive Mammoth,{3}{G}{G}{G},6.0,Creature — Elephant,"Trample (This creature can deal excess combat damage to the player or planeswalker it's attacking.)
Other creatures you control have trample.",G,G,legal,legal,legal,323f3c76-5e79-43e6-ae78-f555810edbc3
11669fe5-9298-4e1a-a4f7-6a4598dbc8dd,Agonizing Syphon,{3}{B},4.0,Sorcery,Agonizing Syphon deals 3 damage to any target and you gain 3 life.,B,B,legal,not_legal,legal,0d8efd95-1c2f-4dd1-b70b-3cfb10ff3a28
d7d163a7-6f3f-40ab-a47c-ed497df92244,Ahn-Crop Invader,{2}{R},3.0,Creature — Zombie Minotaur Warrior,"During your turn, this creature has first strike.
{1}, Sacrifice another creature: This creature gets +2/+0 until end of turn.",R,R,legal,not_legal,legal,2dea2466-5c7f-40ce-b749-100ae89d2c90
c169929a-850b-4d46-9f14-a922f4465d85,Aim High,{1}{G},2.0,Instant,Untap target creature. It gets +2/+2 and gains reach until end of turn.,G,G,legal,not_legal,legal,98cd33cc-df39-4db1-a4a0-09756ec8372c
8a4028cd-6004-4fb0-a044-0bee662a78e1,Ainok Bond-Kin,{1}{W},2.0,Creature — Dog Soldier,"Outlast {1}{W} ({1}{W}, {T}: Put a +1/+1 counter on this creature. Outlast only as a sorcery.)
Each creature you control with a +1/+1 counter on it has first strike.",W,W,legal,not_legal,legal,22d2a844-17fc-4628-9591-684555e98f7b
e5f96482-4bae-4d1b-97b2-dcc09676eb6e,Ainok Guide,{1}{G},2.0,Creature — Dog Scout,"When this creature enters, choose one —
• Put a +1/+1 counter on this creature.
• Search your library for a basic land card, reveal it, then shuffle and put that card on top.",G,G,legal,not_legal,legal,c361ea9c-a989-4ded-8b2c-f565aa9d8a1d
bf84a598-12d3-406d-8eeb-40592e782b87,Ainok Tracker,{5}{R},6.0,Creature — Dog Scout,"First strike
Morph {4}{R} (You may cast this card face down as a 2/2 creature for {3}. Turn it face up any time for its morph cost.)",R,R,legal,not_legal,legal,0ff9400d-4842-471f-bf7e-3b21df352e0a
49638d96-e83e-4aab-bafb-d6183a6e3ff6,Air Servant,{4}{U},5.0,Creature — Elemental,"Flying
{2}{U}: Tap target creature with flying.",U,U,legal,not_legal,legal,01007d7f-e29b-49d5-bc60-44b2fb77ed3d
95e94dea-5ac0-4d6f-adec-ca147aee861f,Ajani's Pridemate,{1}{W},2.0,Creature — Cat Soldier,"Whenever you gain life, put a +1/+1 counter on this creature.",W,W,legal,legal,legal,2f717e04-c078-4696-9ed6-e973033d7be0
4b4c76e1-c480-4d10-93d4-483ef2debc4b,Akki Ronin,{1}{R},2.0,Creature — Goblin Samurai,"Whenever a Samurai or Warrior you control attacks alone, you may discard a card. If you do, draw a card.",R,R,legal,not_legal,legal,fa16ee8e-d33a-40e9-9956-e345f0511819
efae637f-3232-46f2-9839-f3386e2f447d,Akoum Flameseeker,{2}{R},3.0,Creature — Human Shaman Ally,"Cohort — {T}, Tap an untapped Ally you control: Discard a card. If you do, draw a card.",R,R,legal,not_legal,legal,6ef4e1e2-7961-47d2-bb55-9168ea201214
6039b9b7-e49a-4ea3-887c-a17dd502d63f,Akroan Mastiff,{3}{W},4.0,Creature — Dog,"{W}, {T}: Tap target creature.",W,W,legal,not_legal,legal,7e21938b-46b1-4b2f-8269-0cd0e998cddc
fb9af562-7384-4575-93bb-34f1ada23735,Alley Strangler,{2}{B},3.0,Creature — Aetherborn Rogue,Menace,B,B,legal,not_legal,legal,a131d558-5f6b-448b-a378-1882e2d02bd2
2baf2ee6-e290-4a2b-89a0-0e725edde06d,Allied Reinforcements,{3}{W},4.0,Sorcery,Create two 2/2 white Knight Ally creature tokens.,W,W,legal,not_legal,legal,fd7d7c93-5622-45ca-9359-110685d9162c
278e51fe-3cd9-4c82-bd81-2164771f8611,Alms Collector,{3}{W},4.0,Creature — Cat Cleric,"Flash
If an opponent would draw two or more cards, instead you and that player each draw a card.",W,W,legal,not_legal,not_legal,9fe88f96-fd3a-44e5-aa05-3bc63581e33d
4045c24e-098f-4582-8c50-576a94c7b705,Ambassador Oak,{3}{G},4.0,Creature — Treefolk Warrior,"When this creature enters, create a 1/1 green Elf Warrior creature token.",G,G,legal,not_legal,legal,a064f5e2-20b2-47a1-b3f3-78f077d71ec7
84de4fec-2f38-4293-93d3-b3882c5aac14,Ambition's Cost,{3}{B},4.0,Sorcery,You draw three cards and you lose 3 life.,B,B,legal,not_legal,legal,baed5a5d-ea54-4cf7-873e-627e2c728547
c2f6ddc2-86bc-43da-9bdd-0c2af79c62fd,Ammit Eternal,{2}{B},3.0,Creature — Zombie Crocodile Demon,"Afflict 3 (Whenever this creature becomes blocked, defending player loses 3 life.)
Whenever an opponent casts a spell, put a -1/-1 counter on this creature.
Whenever this creature deals combat damage to a player, remove all -1/-1 counters from it.",B,B,legal,not_legal,legal,436c2fd0-131c-48e4-8959-896cfdba5c36
6bab6d0a-cd06-45e3-b780-d5354ee2a032,Ancient Crab,{1}{U}{U},3.0,Creature — Crab,,U,U,legal,not_legal,legal,783794e3-fe0c-4014-ae5a-6c249af23ddc
6f053f0d-c9c7-4fcd-b218-a29d1d080104,Ancient Vendetta,{3}{B},4.0,Sorcery,"Choose a card name. Search target opponent's graveyard, hand, and library for up to four cards with that name and exile them. Then that player shuffles.",B,B,legal,legal,legal,230301f2-f288-4b13-9f62-e649ad8357bb
48d14b5c-711a-4f8a-9de5-55415cb7a79a,Angel of Finality,{3}{W},4.0,Creature — Angel,"Flying
When this creature enters, exile target player's graveyard.",W,W,legal,legal,legal,c3dc3acf-ec09-4c24-ade6-6f4dd30bd0a8
e5e04968-d9b7-4bd5-b826-be9502360cd3,Angelic Gift,{1}{W},2.0,Enchantment — Aura,"Enchant creature
When this Aura enters, draw a card.
Enchanted creature has flying.",W,W,legal,not_legal,legal,35100197-7914-450e-9205-57cb4fc345d6
eaabd151-2160-4bff-82c0-3fa88659be98,Anger,{3}{R},4.0,Creature — Incarnation,"Haste
As long as this card is in your graveyard and you control a Mountain, creatures you control have haste.",R,R,legal,not_legal,not_legal,0c7ce363-3f57-49ed-b89a-f12bb5227ab4
5212f0a8-7341-4960-835b-2f4600ca1b2d,Anointed Deacon,{4}{B},5.0,Creature — Vampire Cleric,"At the beginning of combat on your turn, you may have target Vampire get +2/+0 until end of turn.",B,B,legal,not_legal,legal,9bae5e75-0048-41fd-8bbb-89607ab96d6e
a97da5a9-17fc-4367-81e1-17ff81601a63,Anticipate,{1}{U},2.0,Instant,Look at the top three cards of your library. Put one of them into your hand and the rest on the bottom of your library in any order.,U,U,legal,not_legal,legal,2080556a-6c76-4819-9eb2-c4dd4c9dbd67
d06eedb4-bd5a-4864-9505-a570a745d165,Apex of Power,{7}{R}{R}{R},10.0,Sorcery,"Exile the top seven cards of your library. Until end of turn, you may cast spells from among them.
If this spell was cast from your hand, add ten mana of any one color.",R,R,legal,not_legal,legal,dc922e89-c816-476a-82c3-3c6b9fd196a9
3420da71-0af4-46b4-a994-91a82332d0fb,Apothecary Geist,{3}{W},4.0,Creature — Spirit,"Flying
When this creature enters, if you control another Spirit, you gain 3 life.",W,W,legal,not_legal,legal,37e2358c-211e-4d79-8120-88bb9e656cba
cea09261-41a2-43e5-bf43-c4097e6615c6,Appeal to Eirdu,{3}{W},4.0,Instant,"Convoke (Your creatures can help cast this spell. Each creature you tap while casting this spell pays for {1} or one mana of that creature's color.)
One or two target creatures each get +2/+1 until end of turn.",W,W,legal,legal,legal,68ce9752-21f9-48e9-bf48-7f76f1cecbc5
93ee2ea1-4f9b-47dd-b7d4-b0ed5a26d719,Applied Biomancy,{G}{U},2.0,Instant,"Choose one or both —
• Target creature gets +1/+1 until end of turn.
• Return target creature to its owner's hand.",GU,GU,legal,not_legal,legal,f91ed618-7b0b-4a70-95ad-d9ed46e28692
3378fef3-4d8c-4d9e-a338-4abb6f70d410,Aqueous Form,{U},1.0,Enchantment — Aura,"Enchant creature
Enchanted creature can't be blocked.
Whenever enchanted creature attacks, scry 1. (Look at the top card of your library. You may put that card on the bottom.)",U,U,legal,not_legal,legal,ba104245-0483-407f-971b-ad6d8efd9733
b9dee727-8ad8-42e0-93c6-5ef91d3f7309,Aquitect's Defenses,{1}{U},2.0,Enchantment — Aura,"Flash
Enchant creature you control
When this Aura enters, enchanted creature gains hexproof until end of turn. (It can't be the target of spells or abilities your opponents control.)
Enchanted creature gets +1/+2.",U,U,legal,legal,legal,9af9a907-fd2e-4ae0-ac7b-529074b79a14
66944a11-40a1-4f3a-9f83-52324e0edfef,"Arahbo, Roar of the World",{3}{G}{W},5.0,Legendary Creature — Cat Avatar,"Eminence — At the beginning of combat on your turn, if Arahbo is in the command zone or on the battlefield, another target Cat you control gets +3/+3 until end of turn.
Whenever another Cat you control attacks, you may pay {1}{G}{W}. If you do, it gains trample and gets +X/+X until end of turn, where X is its power.",GW,GW,legal,not_legal,not_legal,81dc3d00-97cd-4549-b5a4-15a1e08767f5
69bcdb42-c170-4848-b95b-f4621867d084,Arashin Cleric,{1}{W},2.0,Creature — Human Cleric,"When this creature enters, you gain 3 life.",W,W,legal,not_legal,legal,10aeac19-6892-448e-9e5f-302051a089fc
d18a0815-59d3-4667-b52b-9acda741215e,Arboreal Grazer,{G},1.0,Creature — Sloth Beast,"Reach
When this creature enters, you may put a land card from your hand onto the battlefield tapped.",G,G,legal,not_legal,legal,c4a5f86f-44a8-4735-909a-770586d33a15
901ee0e3-1011-40e1-815a-09246112e8dc,Arcane Endeavor,{5}{U}{U},7.0,Sorcery,Roll two d8 and choose one result. Draw cards equal to that result. Then you may cast an instant or sorcery spell with mana value less than or equal to the other result from your hand without paying its mana cost.,U,U,legal,not_legal,not_legal,7886d4e9-003c-4978-a48d-4743fbc38985
7d7cf15c-06b9-4062-a1eb-32614c458a3b,Arcane Sanctum,,0.0,Land,"This land enters tapped.
{T}: Add {W}, {U}, or {B}.",,BUW,legal,not_legal,legal,48d87619-6a6d-42ba-8a69-910d3cc7aede
0bc7f093-bef0-4f1a-852c-4b75ebf54838,Arcane Signet,{2},2.0,Artifact,{T}: Add one mana of any color in your commander's color identity.,,,legal,not_legal,legal,552be01e-cd54-46ba-b38a-96883a48d985
ad6bdd24-5a32-4046-83ee-2fe51bf8bb7a,Archers of Qarsi,{3}{G},4.0,Creature — Snake Archer,"Defender
Reach (This creature can block creatures with flying.)",G,G,legal,not_legal,legal,0fcf0074-162a-4cc0-9726-8672a0261307
898f0824-cf4c-4e34-8407-9a32fdae6dcb,Arctic Foxes,{1}{W},2.0,Creature — Fox,This creature can't be blocked by creatures with power 2 or greater as long as defending player controls a snow land.,W,W,legal,not_legal,not_legal,98f99c3e-dddc-492f-aab6-1d899346a385
d0a1f39b-cda4-4925-83f8-2161f575edfb,Argentum Armor,{6},6.0,Artifact — Equipment,"Equipped creature gets +6/+6.
Whenever equipped creature attacks, destroy target permanent.
Equip {6}",,,legal,not_legal,legal,d2d72bc2-92c4-4525-b89f-25aa236fade8
1a4d16eb-343e-41ca-9363-90dc79da4769,Armament of Nyx,{2}{W},3.0,Enchantment — Aura,"Enchant creature
Enchanted creature has double strike as long as it's an enchantment. Otherwise, prevent all damage that would be dealt by enchanted creature. (A creature with double strike deals both first-strike and regular combat damage.)",W,W,legal,not_legal,legal,4203df15-dd44-496b-889a-d7a8fe320330
3963140c-da67-43e6-9514-fe9dc0a43c4d,Armillary Sphere,{2},2.0,Artifact,"{2}, {T}, Sacrifice this artifact: Search your library for up to two basic land cards, reveal them, put them into your hand, then shuffle.",,,legal,not_legal,legal,57a446d0-7854-4663-b0b1-017207630455
ccfb612a-762d-41a7-bc3d-268c6abf8e85,Arrester's Admonition,{2}{U},3.0,Instant,"Return target creature to its owner's hand.
Addendum — If you cast this spell during your main phase, draw a card.",U,U,legal,not_legal,legal,637c2d6a-e6b8-4dc5-81aa-da1b7384e006
a0ce2f5a-9c0b-4801-9105-72f84d8a4a1f,Arrow Storm,{3}{R}{R},5.0,Sorcery,"Arrow Storm deals 4 damage to any target.
Raid — If you attacked this turn, instead Arrow Storm deals 5 damage to that permanent or player and the damage can't be prevented.",R,R,legal,not_legal,legal,c57534fb-2591-4003-aeec-6452faa4a759
d561dcff-0a19-46ac-9dee-f374c840d532,Arvad the Cursed,{3}{W}{B},5.0,Legendary Creature — Vampire Knight,"Deathtouch, lifelink
Other legendary creatures you control get +2/+2.",BW,BW,legal,not_legal,legal,e811f37a-f381-42e7-9b4a-15b2241eb10d
455f66eb-3e33-4b51-9ec1-32288bdd3a68,Ashen Rider,{4}{W}{W}{B}{B},8.0,Creature — Archon,"Flying
When this creature enters or dies, exile target permanent.",BW,BW,legal,not_legal,legal,dae91853-6487-46db-8f09-8aa4c2e19e5f
ffaa2776-f61d-4eaa-8949-a0407f85214f,Ashiok's Skulker,{4}{U},5.0,Creature — Nightmare,{3}{U}: This creature can't be blocked this turn.,U,U,legal,not_legal,legal,7dd5b0a1-104d-4e0f-82de-65487fbf01ff
4b65276e-7d03-4700-834c-48178fe98353,Aspect of Gorgon,{2}{B},3.0,Enchantment — Aura,"Enchant creature
Enchanted creature gets +1/+3 and has deathtouch. (Any amount of damage it deals to a creature is enough to destroy it.)",B,B,legal,not_legal,legal,be8956d0-5502-415d-bead-d8bbddf9871d
1c2ce0d0-8c3e-48e8-b1fd-54658bdb9af9,Asphyxiate,{1}{B}{B},3.0,Sorcery,Destroy target untapped creature.,B,B,legal,not_legal,legal,894f3f5f-586d-45e4-9af7-4de80e44dfae
ecf574a5-6410-466d-a726-732134f904b2,Assert Perfection,{1}{G},2.0,Sorcery,Target creature you control gets +1/+0 until end of turn. It deals damage equal to its power to up to one target creature an opponent controls.,G,G,legal,legal,legal,6995b308-5582-4ca1-ab10-a536d5ca0a6d
c0b3bbce-977c-42a9-afcb-dabdfc717c97,"Atarka, World Render",{5}{R}{G},7.0,Legendary Creature — Dragon,"Flying, trample
Whenever a Dragon you control attacks, it gains double strike until end of turn.",GR,GR,legal,not_legal,legal,35ad1ce5-6054-4f0c-8fbe-636be576d408
5ec0e58c-99b5-4ebf-8053-f59c30b86ef7,Augmenting Automaton,{1},1.0,Artifact Creature — Construct,{1}{B}: This creature gets +1/+1 until end of turn.,,B,legal,not_legal,legal,7d017798-8278-4f9c-a691-912935c10c20
be5d6779-ecc9-44b9-8c4d-97a243059d55,Augur of Bolas,{1}{U},2.0,Creature — Merfolk Wizard,"When this creature enters, look at the top three cards of your library. You may reveal an instant or sorcery card from among them and put it into your hand. Put the rest on the bottom of your library in any order.",U,U,legal,not_legal,legal,d19fbfe6-69bb-452a-be3c-b9c625e23193
406e6db7-6e31-44b9-a793-57ee10688f71,Auntie's Sentence,{1}{B},2.0,Sorcery,"Choose one —
• Target opponent reveals their hand. You choose a nonland permanent card from it. That player discards that card.
• Target creature gets -2/-2 until end of turn.",B,B,legal,legal,legal,e64bfe16-7362-4982-9136-1f4e0d335441
2e1e0385-1537-4cb6-9d24-e4593d9a8f4a,"Aurelia, Exemplar of Justice",{2}{R}{W},4.0,Legendary Creature — Angel,"Flying
Mentor (Whenever this creature attacks, put a +1/+1 counter on target attacking creature with lesser power.)
At the beginning of combat on your turn, choose up to one target creature you control. Until end of turn, that creature gets +2/+0, gains trample if it's red, and gains vigilance if it's white.",RW,RW,legal,not_legal,legal,a8e9f4d2-bba5-4061-8ae7-a68b912f2c11
ba7aad10-6897-4e85-a976-1bf9282de5de,Aven Eternal,{2}{U},3.0,Creature — Zombie Bird Warrior,"Flying
When this creature enters, amass Zombies 1. (Put a +1/+1 counter on an Army you control. It's also a Zombie. If you don't control an Army, create a 0/0 black Zombie Army creature token first.)",U,U,legal,not_legal,legal,fe479484-a827-4d3c-8e35-e905e4f6664a
d9517c5d-66d0-4178-96fb-a8c04f311ad8,Aven Mindcensor,{2}{W},3.0,Creature — Bird Wizard,"Flash
Flying
If an opponent would search a library, that player searches the top four cards of that library instead.",W,W,legal,not_legal,legal,403a50cc-fa16-42a4-b9f2-d8327e5d1bb6
57831c07-6915-4579-b3e1-de93a3664444,Aven Surveyor,{3}{U}{U},5.0,Creature — Bird Scout,"Flying
When this creature enters, choose one —
• Put a +1/+1 counter on this creature.
• Return target creature to its owner's hand.",U,U,legal,not_legal,legal,dbb2185d-46c6-44c1-a67c-9b6af872e8eb
ad11ff81-acaa-4529-ba15-718dadbea259,Aviation Pioneer,{2}{U},3.0,Creature — Human Artificer,"When this creature enters, create a 1/1 colorless Thopter artifact creature token with flying.",U,U,legal,not_legal,legal,e6966738-b4fc-4854-81b0-09de305854f2
8f1d5c8d-98e1-47b7-8347-38887253e34a,Axebane Beast,{3}{G},4.0,Creature — Beast,,G,G,legal,not_legal,legal,2f420b35-1f73-41c8-a15f-1aee4af0999c
189fc8f4-17ac-4f1d-82c8-8401445bdaf4,Azorius Chancery,,0.0,Land,"This land enters tapped.
When this land enters, return a land you control to its owner's hand.
{T}: Add {W}{U}.",,UW,legal,not_legal,legal,cdcce65a-5645-4444-9f49-0270fab0e440
ad1712d8-809f-410c-8b91-ffe6fb8a69a1,Azorius Guildgate,,0.0,Land — Gate,"This land enters tapped.
{T}: Add {W} or {U}.",,UW,legal,legal,legal,65bbe27d-c92a-4c65-a997-b21536d7667e
4443345d-a292-4394-97dd-0e6f4d9aedf7,Bag of Devouring,{B},1.0,Artifact,"Whenever you sacrifice another nontoken artifact or creature, exile it.
{2}, {T}, Sacrifice another artifact or creature: Draw a card.
{3}, {T}, Sacrifice this artifact: Roll a d10. Return up to X cards from among cards exiled with this artifact to their owners' hands, where X is the result.",B,B,legal,not_legal,not_legal,d183e52b-432d-4b4d-803c-33f7a5f178f1
63c04040-e109-494e-baa6-c639a6c9a996,Bag of Holding,{1},1.0,Artifact,"Whenever you discard a card, exile that card from your graveyard.
{2}, {T}: Draw a card, then discard a card.
{4}, {T}, Sacrifice this artifact: Return all cards exiled with this artifact to their owner's hand.",,,legal,not_legal,legal,49283832-54f2-4619-b4a9-750493c93292
f14ce7d7-6cfa-4f88-a381-d6e912c18b5d,Bag of Tricks,{1}{G},2.0,Artifact,"{4}{G}, {T}: Roll a d8. Reveal cards from the top of your library until you reveal a creature card with mana value equal to the result. Put that card onto the battlefield and the rest on the bottom of your library in a random order.",G,G,legal,not_legal,not_legal,f0b22a3e-90b0-4dde-8a63-789bab92ba01
753b4258-bc1d-47f4-b994-356507b0816a,Bala Ged Scorpion,{3}{B},4.0,Creature — Scorpion,"When this creature enters, you may destroy target creature with power 1 or less.",B,B,legal,not_legal,legal,4acb66bd-6abd-46dd-a272-09bea66e2917
d12cfd46-73c2-4206-9a10-0d2e7d6ac87e,"Balan, Wandering Knight",{2}{W}{W},4.0,Legendary Creature — Cat Knight,"First strike
Balan has double strike as long as two or more Equipment are attached to it.
{1}{W}: Attach all Equipment you control to Balan.",W,W,legal,not_legal,not_legal,5d0b279c-9a6d-4a56-878e-0ebf3f609f65
1cfa9f7d-ef1f-4907-aeb1-15c0df33fccc,Baleful Ammit,{2}{B},3.0,Creature — Crocodile Demon,"Lifelink
When this creature enters, put a -1/-1 counter on target creature you control.",B,B,legal,not_legal,legal,fb662d58-ae50-423d-b1c5-abd45baca12b
37688720-03de-4eca-a82d-a0afe8d58adc,Baleful Strix,{U}{B},2.0,Artifact Creature — Bird,"Flying, deathtouch
When this creature enters, draw a card.",BU,BU,legal,not_legal,not_legal,3e417331-84ec-4513-8022-e93ffc260a38
a8631e87-bfc3-463b-bdd1-974ea1d79ae4,Band Together,{2}{G},3.0,Instant,Up to two target creatures you control each deal damage equal to their power to another target creature.,G,G,legal,not_legal,legal,4d1d8aa1-d742-477c-819a-0113912d5011
38839894-1706-4e11-8310-5ea8dd8866d9,Bane of Bala Ged,{7},7.0,Creature — Eldrazi,"Whenever this creature attacks, defending player exiles two permanents they control.",,,legal,not_legal,legal,3741e62a-4b86-46ff-a7df-a8ceaf3b9a0c
63d846e2-4bef-4911-9508-273c75a4a040,Banehound,{B},1.0,Creature — Nightmare Dog,"Lifelink, haste",B,B,legal,not_legal,legal,b9e03567-c95a-40b8-a75a-971076093f57
10a66403-606d-4814-9583-50cdcd6976e0,Bankrupt in Blood,{1}{B},2.0,Sorcery,"As an additional cost to cast this spell, sacrifice two creatures.
Draw three cards.",B,B,legal,not_legal,legal,e635c433-0398-442a-856e-1869f6bf2cfd
324889d6-c857-41ed-bb60-408809fc9964,Bant Charm,{G}{W}{U},3.0,Instant,"Choose one —
• Destroy target artifact.
• Put target creature on the bottom of its owner's library.
• Counter target instant spell.",GUW,GUW,legal,not_legal,legal,7bb17888-f298-438d-aab0-3d28111daa3f
0a1d817d-dce8-4e83-a380-909f7c9eee46,Bant Panorama,,0.0,Land,"{T}: Add {C}.
{1}, {T}, Sacrifice this land: Search your library for a basic Forest, Plains, or Island card, put it onto the battlefield tapped, then shuffle.",,,legal,not_legal,legal,c1b0eb8f-f91e-43d0-9c16-2f330612550a
59faa1b9-17aa-4f2c-a8f8-17ab50392b36,Barbarian Class,{R},1.0,Enchantment — Class,"(Gain the next level as a sorcery to add its ability.)
If you would roll one or more dice, instead roll that many dice plus one and ignore the lowest roll.
{1}{R}: Level 2
Whenever you roll one or more dice, target creature you control gets +2/+0 and gains menace until end of turn.
{2}{R}: Level 3
Creatures you control have haste.",R,R,legal,not_legal,legal,647c2269-bdc7-4455-9158-73abbff6e50e
15febce7-8320-4591-9535-ef11c8adecc2,Barbed Bloodletter,{1}{B},2.0,Artifact — Equipment,"Flash
When this Equipment enters, attach it to target creature you control. That creature gains wither until end of turn. (It deals damage to creatures in the form of -1/-1 counters.)
Equipped creature gets +1/+2.
Equip {2}",B,B,legal,legal,legal,8ff1a13c-e338-42e9-8eb3-b303fabd67de
db3ba239-2239-4e9d-ad70-cff32ed24578,Bark of Doran,{1}{W},2.0,Artifact — Equipment,"Equipped creature gets +0/+1.
As long as equipped creature's toughness is greater than its power, it assigns combat damage equal to its toughness rather than its power.
Equip {1} ({1}: Attach to target creature you control. Equip only as a sorcery.)",W,W,legal,legal,legal,98210276-1b85-4db5-8ab4-ecb08f5d2ee2
71a756f3-cd1e-4047-90ac-eda096b90647,Barrage of Boulders,{2}{R},3.0,Sorcery,"Barrage of Boulders deals 1 damage to each creature you don't control.
Ferocious — If you control a creature with power 4 or greater, creatures can't block this turn.",R,R,legal,not_legal,legal,2eb1a9f7-32ba-48fd-a7f7-788b0ec052c6
4f25b125-1ded-4a34-9ed1-e6ce087ec48d,Barrier of Bones,{B},1.0,Creature — Skeleton Wall,"Defender
When this creature enters, surveil 1. (Look at the top card of your library. You may put that card into your graveyard.)",B,B,legal,not_legal,legal,28129aaf-aaff-47f4-8dd2-8c576c55052c
f5f4dd28-f4ae-4d39-b9b8-6ebfd63c93fe,Basilisk Collar,{1},1.0,Artifact — Equipment,"Equipped creature has deathtouch and lifelink. (Any amount of damage it deals to a creature is enough to destroy it. Damage dealt by this creature also causes you to gain that much life.)
Equip {2} ({2}: Attach to target creature you control. Equip only as a sorcery.)",,,legal,legal,legal,0d85fb76-2ae9-425b-9c5e-2c63471c9599
87449f64-9500-4967-a073-cde19824e087,Bastion Enforcer,{2}{W},3.0,Creature — Dwarf Soldier,,W,W,legal,not_legal,legal,88b9c0f7-d49b-4d74-9038-44954054ce21
900ae045-0160-4e85-b283-e35399c2acec,Bastion Inventor,{5}{U},6.0,Creature — Vedalken Artificer,"Improvise (Your artifacts can help cast this spell. Each artifact you tap after you're done activating mana abilities pays for {1}.)
Hexproof (This creature can't be the target of spells or abilities your opponents control.)",U,U,legal,not_legal,legal,856f804d-0213-4b86-bc6a-6a0a1147c4f9
72d793e8-1d19-4ca1-894c-8851a2ebecde,Bathe in Dragonfire,{2}{R},3.0,Sorcery,Bathe in Dragonfire deals 4 damage to target creature.,R,R,legal,not_legal,legal,b8cc6931-2005-4d0a-a42a-ce8bc279372e
3d0c1301-4fa7-4245-a13f-f613188eb638,Battering Krasis,{2}{G},3.0,Creature — Shark Beast,"Trample
Evolve (Whenever a creature you control enters, if that creature has greater power or toughness than this creature, put a +1/+1 counter on this creature.)",G,G,legal,not_legal,legal,5d9aa740-9adf-412a-b6ec-0b9bb1b4618b
303d74d0-84db-4694-bb1a-470cf470bc4f,Battlefield Promotion,{1}{W},2.0,Instant,Put a +1/+1 counter on target creature. That creature gains first strike until end of turn. You gain 2 life. (A creature with first strike deals combat damage before creatures without first strike.),W,W,legal,not_legal,legal,89f8e970-b90c-4829-8970-0a3364027bbb
b4540f6a-bec8-4942-aebe-d3285b8a8134,Battlewise Valor,{1}{W},2.0,Instant,Target creature gets +2/+2 until end of turn. Scry 1. (Look at the top card of your library. You may put that card on the bottom.),W,W,legal,not_legal,legal,7d967a4c-2323-4361-a907-5ca9140d8793
7735eeba-693b-47e2-bd51-414379cf1016,Beast Within,{2}{G},3.0,Instant,Destroy target permanent. Its controller creates a 3/3 green Beast creature token.,G,G,legal,not_legal,legal,6dc4dfa3-527f-4401-bc76-32d81e9f6ef1
bceecc64-96f1-4e7b-8904-0aef90377764,Bedevil,{B}{B}{R},3.0,Instant,"Destroy target artifact, creature, or planeswalker.",BR,BR,legal,not_legal,legal,ffd34d49-9c77-499d-a9ad-a491f5d169d0
00573e77-8ff6-4acb-8683-8827d965288f,Behemoth Sledge,{1}{G}{W},3.0,Artifact — Equipment,"Equipped creature gets +2/+2 and has trample and lifelink.
Equip {3}",GW,GW,legal,not_legal,legal,179461b8-0a6b-48c5-9d1f-db8bcfecc6f9
eb70939f-c4ce-4224-ab74-acc24771d7f0,Belt of Giant Strength,{1}{G},2.0,Artifact — Equipment,"Equipped creature has base power and toughness 10/10.
Equip {10}. This ability costs {X} less to activate, where X is the power of the creature it targets.",G,G,legal,not_legal,not_legal,4ef2b9aa-4f7c-4640-bb34-9775e1be0935
3a1e85fe-7064-4df7-bc3b-24131cd15d06,Benalish Commander,{3}{W},4.0,Creature — Human Soldier,"Benalish Commander's power and toughness are each equal to the number of Soldiers you control.
Suspend X—{X}{W}{W}. X can't be 0.
Whenever a time counter is removed from this card while it's exiled, create a 1/1 white Soldier creature token.",W,W,legal,not_legal,legal,44814da0-3bc8-423d-9b22-3fea123048fa
43c449d1-51a9-45e0-8102-823a6811ff54,Benthic Giant,{5}{U},6.0,Creature — Giant,Hexproof (This creature can't be the target of spells or abilities your opponents control.),U,U,legal,not_legal,legal,295f9eb0-5a75-4f86-aca9-3f76b0213c41
b2977807-5f46-424a-a6e9-14262f8a723a,Benthic Infiltrator,{2}{U},3.0,Creature — Eldrazi Drone,"Devoid (This card has no color.)
Ingest (Whenever this creature deals combat damage to a player, that player exiles the top card of their library.)
This creature can't be blocked.",,U,legal,not_legal,legal,f380ae58-08cc-42df-ac74-3c6890a62463
5cd51d39-aebc-4367-9157-da70b8d9b1a3,Berserker's Frenzy,{2}{R},3.0,Instant,"Cast this spell only before combat or during combat before blockers are declared.
Roll two d20 and ignore the lower roll.
1—14 | Choose any number of creatures. They block this turn if able.
15—20 | You choose which creatures block this turn and how those creatures block.",R,R,legal,not_legal,not_legal,36b50ed5-321f-4840-82d7-54fec200984d
5a651557-ce08-46ba-aecd-0e4fbfdef3c0,Bile-Vial Boggart,{B},1.0,Creature — Goblin Assassin,"When this creature dies, put a -1/-1 counter on up to one target creature.",B,B,legal,legal,legal,2c0fcf98-1f3c-4cff-9234-7f3d0c8b22e9
30812870-87c0-469c-95a5-811d5a181e72,Biogenic Upgrade,{4}{G}{G},6.0,Sorcery,"Distribute three +1/+1 counters among one, two, or three target creatures, then double the number of +1/+1 counters on each of those creatures.",G,G,legal,legal,legal,0dd73fb2-453f-40b9-8beb-dfa99e6a706e
05058594-608f-4046-bf44-b736a7072f0a,Bishop of Rebirth,{3}{W}{W},5.0,Creature — Vampire Cleric,"Vigilance
Whenever this creature attacks, you may return target creature card with mana value 3 or less from your graveyard to the battlefield.",W,W,legal,not_legal,legal,734afc51-2569-43b2-a33c-e0c5f4501264
5effb651-f9e0-4c14-8192-bd0e132b8d5d,Bitterbloom Bearer,{B}{B},2.0,Creature — Faerie Rogue,"Flash
Flying
At the beginning of your upkeep, you lose 1 life and create a 1/1 blue and black Faerie creature token with flying.",B,B,legal,legal,legal,58aa273f-9ec7-4024-b30e-e75fa404de72
d291d8f7-bb67-470c-8794-cd553c91e5cc,Bituminous Blast,{3}{B}{R},5.0,Instant,"Cascade (When you cast this spell, exile cards from the top of your library until you exile a nonland card that costs less. You may cast it without paying its mana cost. Put the exiled cards on the bottom in a random order.)
Bituminous Blast deals 4 damage to target creature.",BR,BR,legal,not_legal,legal,af8613ee-4b67-49b8-920b-3b5a25897f64
9456c5b6-946d-403a-8ed0-dff9f921d98c,Black Knight,{B}{B},2.0,Creature — Human Knight,"First strike (This creature deals combat damage before creatures without first strike.)
Protection from white (This creature can't be blocked, targeted, dealt damage, or enchanted by anything white.)",B,B,legal,not_legal,legal,47716cf4-f35c-4613-9686-4e00b5063408
77cff683-013c-4568-8ae0-f86ef0590fe1,Blade Instructor,{2}{W},3.0,Creature — Human Soldier,"Mentor (Whenever this creature attacks, put a +1/+1 counter on target attacking creature with lesser power.)",W,W,legal,not_legal,legal,9b1c7f07-8d39-425b-8ae9-b3ab317cc0fe
34400cf5-b8c4-4cf2-9186-51f12037cc51,Blade Juggler,{4}{B},5.0,Creature — Human Rogue,"Spectacle {2}{B} (You may cast this spell for its spectacle cost rather than its mana cost if an opponent lost life this turn.)
When this creature enters, it deals 1 damage to you and you draw a card.",B,B,legal,not_legal,legal,099bc474-e656-4167-b105-3a3a36c0b23e
6d9ac636-3c6c-40ca-90f3-1a3387836bb4,Blade of the Oni,{1}{B},2.0,Artifact Creature — Equipment Demon,"Menace
Equipped creature has base power and toughness 5/5, has menace, and is a black Demon in addition to its other colors and types.
Reconfigure {2}{B}{B} ({2}{B}{B}: Attach to target creature you control; or unattach from a creature. Reconfigure only as a sorcery. While attached, this isn't a creature.)",B,B,legal,not_legal,legal,4e9896df-0d5c-4b02-b584-345f4c7cd127
c22cc70a-9533-4bfc-b3ce-b2d43a73f0c1,Bladewing the Risen,{3}{B}{B}{R}{R},7.0,Legendary Creature — Zombie Dragon,"Flying
When Bladewing enters, you may return target Dragon permanent card from your graveyard to the battlefield.
{B}{R}: Dragon creatures get +1/+1 until end of turn.",BR,BR,legal,not_legal,not_legal,27ce43cb-44f4-4d94-8700-d9f3cc043989
cf5b1cf9-dcd3-44d1-b8b2-338651ebb2a1,Blight Rot,{2}{B},3.0,Instant,Put four -1/-1 counters on target creature.,B,B,legal,legal,legal,5201bdeb-ba47-459b-ac0d-603367914578
a294968e-9a7f-4d66-bde0-e775ae5f8197,Blighted Blackthorn,{4}{B},5.0,Creature — Treefolk Warlock,"Whenever this creature enters or attacks, you may blight 2. If you do, you draw a card and lose 1 life. (To blight 2, put two -1/-1 counters on a creature you control.)",B,B,legal,legal,legal,3515531a-45d6-4fe0-96a3-7ca1ce545068
4d722521-0396-48f9-88b2-08b6249f970d,Blighted Cataract,,0.0,Land,"{T}: Add {C}.
{5}{U}, {T}, Sacrifice this land: Draw two cards.",,U,legal,not_legal,legal,8908b6b0-a488-426c-954d-458456be0651
db16a2fb-dc42-4086-9928-52076043097f,Blighted Steppe,,0.0,Land,"{T}: Add {C}.
{3}{W}, {T}, Sacrifice this land: You gain 2 life for each creature you control.",,W,legal,not_legal,legal,f43df8ee-d3e4-419e-aed0-1059d95f9cab
02679a2e-303d-412f-87d8-0a37a8ca259c,Blighted Woodland,,0.0,Land,"{T}: Add {C}.
{3}{G}, {T}, Sacrifice this land: Search your library for up to two basic land cards, put them onto the battlefield tapped, then shuffle.",,G,legal,not_legal,legal,7508d531-da52-41fb-a729-3f5704c9a194
9abeb38c-2243-424c-bfbc-87aa45b6ea4f,Blindblast,{2}{R},3.0,Instant,"Blindblast deals 1 damage to target creature. That creature can't block this turn.
Draw a card.",R,R,legal,not_legal,legal,1d49637b-2255-4f16-8f24-140145966bfa
c924e240-02a0-46b5-b004-d5c42db277ec,Blinding Drone,{1}{U},2.0,Creature — Eldrazi Drone,"Devoid (This card has no color.)
{C}, {T}: Tap target creature. ({C} represents colorless mana.)",,U,legal,not_legal,legal,4eb60957-0811-40c3-a92b-cce3e6a94745
88ce2017-83a6-4b55-afba-371875bf2172,Blinding Spray,{4}{U},5.0,Instant,"Creatures your opponents control get -4/-0 until end of turn.
Draw a card.",U,U,legal,not_legal,legal,9b588355-c349-458d-aeb7-0e2780caa3f9
43985bbc-a0f6-4812-984e-392bc8562633,Blood Crypt,,0.0,Land — Swamp Mountain,"({T}: Add {B} or {R}.)
As this land enters, you may pay 2 life. If you don't, it enters tapped.",,BR,legal,legal,legal,6da63cc5-4624-4491-abd9-9b600c3fefe2
c1cf9d74-e700-456a-9e5a-1c4df22db268,Blood Divination,{3}{B},4.0,Sorcery,"As an additional cost to cast this spell, sacrifice a creature.
Draw three cards.",B,B,legal,not_legal,legal,6fe72bd9-825e-4451-9314-826882f75c85
98f9619e-585f-486f-b143-fb42085eb583,Blood-Toll Harpy,{2}{B},3.0,Creature — Harpy,"Flying
When this creature enters, each player loses 1 life.",B,B,legal,not_legal,legal,d334fc9b-c1f4-411e-8619-a92f1cc4e7db
b1f441ce-7619-4ab5-ab36-724ed0a76728,Bloodcrazed Hoplite,{1}{B},2.0,Creature — Human Soldier,"Heroic — Whenever you cast a spell that targets this creature, put a +1/+1 counter on it.
Whenever a +1/+1 counter is put on this creature, remove a +1/+1 counter from target creature an opponent controls.",B,B,legal,not_legal,legal,f2a6556b-a4f1-4ff5-8e6e-a47618c8c66e
64e29bfc-9313-4e8c-808c-bc27f6b018a6,Bloodfell Caves,,0.0,Land,"This land enters tapped.
When this land enters, you gain 1 life.
{T}: Add {B} or {R}.",,BR,legal,legal,legal,9b7ec5a3-3c40-4090-b9e3-11fb5b06fb8f
2c47319a-4062-4aec-b68a-e8e8f023cf86,Bloodfire Mentor,{2}{R},3.0,Creature — Efreet Shaman,"{2}{U}, {T}: Draw a card, then discard a card.",R,RU,legal,not_legal,legal,4836fb70-a8f3-44ed-bae4-890ef7d07f88
81a7f559-5edd-47ec-91f7-51e5ee998ed0,Bloodforged Battle-Axe,{1},1.0,Artifact — Equipment,"Equipped creature gets +2/+0.
Whenever equipped creature deals combat damage to a player, create a token that's a copy of this Equipment.
Equip {2}",,,legal,not_legal,not_legal,b7f22249-579f-433d-9422-29d4e82ddc49
7e3e09a2-b45c-4897-ba10-02628cca3f4c,Bloodhunter Bat,{3}{B},4.0,Creature — Bat,"Flying
When this creature enters, target player loses 2 life and you gain 2 life.",B,B,legal,not_legal,legal,3ded635c-ab7c-4bb4-a771-481c4d66381e
826b83ba-0fe5-4f1d-91c8-799a1100d1e6,Bloodlust Inciter,{R},1.0,Creature — Human Warrior,{T}: Target creature gains haste until end of turn. (It can attack and {T} this turn.),R,R,legal,not_legal,legal,b1cd0757-1b06-4e1b-a236-31271bd0d9a3
c8a20fc7-025b-403a-b893-ff5efcbdc9d8,Bloodmad Vampire,{2}{R},3.0,Creature — Vampire Berserker,"Whenever this creature deals combat damage to a player, put a +1/+1 counter on it.
Madness {1}{R} (If you discard this card, discard it into exile. When you do, cast it for its madness cost or put it into your graveyard.)",R,R,legal,not_legal,legal,b64e974a-3cf7-49f1-9d5a-c74f920f0169
ec17b9db-dd80-4b46-a1b5-215f26bf6498,Bloodstone Goblin,{1}{R},2.0,Creature — Goblin Warrior,"Whenever you cast a spell, if that spell was kicked, this creature gets +1/+1 and gains menace until end of turn. (It can't be blocked except by two or more creatures.)",R,R,legal,not_legal,legal,31adbfd4-56aa-4137-aeba-8720233260be
c99896a8-8b58-4946-8f2d-b4e2562f278a,Bloom Hulk,{3}{G},4.0,Creature — Plant Elemental,"When this creature enters, proliferate. (Choose any number of permanents and/or players, then give each another counter of each kind already there.)",G,G,legal,not_legal,legal,fd1c9129-254d-4d1d-9d95-112292bd6bcc
0ecb35b3-5bd1-4467-a4a3-ce468023ced2,Blossombind,{1}{U},2.0,Enchantment — Aura,"Enchant creature
When this Aura enters, tap enchanted creature.
Enchanted creature can't become untapped and can't have counters put on it.",U,U,legal,legal,legal,382b83c0-bbbc-4db8-bc04-cfea79aed1b3
45429b2c-be3b-4b2e-9bab-a059ccbda8cd,Blossoming Sands,,0.0,Land,"This land enters tapped.
When this land enters, you gain 1 life.
{T}: Add {G} or {W}.",,GW,legal,legal,legal,8577b07c-c3e8-4492-8eaf-0281a4a0ceb9
699bc130-2f1f-4bc8-a25f-9329e40efbb1,Bogardan Hellkite,{6}{R}{R},8.0,Creature — Dragon,"Flash
Flying
When this creature enters, it deals 5 damage divided as you choose among any number of targets.",R,R,legal,not_legal,legal,22dd2242-2fd8-4752-886c-fc6dbabcf89a
880793a2-84b0-4ae1-9bb8-6e942e3dc723,Boggart Brute,{2}{R},3.0,Creature — Goblin Warrior,Menace (This creature can't be blocked except by two or more creatures.),R,R,legal,not_legal,legal,32b7438d-e905-4627-9299-e2224377c8e7
1bcac664-835a-4474-8ca4-263801bde08e,Boggart Prankster,{1}{B},2.0,Creature — Goblin Warrior,"Whenever you attack, target attacking Goblin you control gets +1/+0 until end of turn.",B,B,legal,legal,legal,eb228ea6-9235-4093-aea7-708e743b1b44
21695c70-f746-4d77-b6d3-e2713a5c929e,Bogslither's Embrace,{1}{B},2.0,Sorcery,"As an additional cost to cast this spell, blight 1 or pay {3}. (To blight 1, put a -1/-1 counter on a creature you control.)
Exile target creature.",B,B,legal,legal,legal,4beca2e7-9c6d-493b-b15f-69e483a8dfff
7c2f1915-8d91-47c6-bab4-be325348673a,Bogstomper,{4}{B}{B},6.0,Creature — Beast,,B,B,legal,not_legal,legal,05145a8d-0bfb-4f07-87cf-65875310bdb4
04b7362d-0490-4cb0-b5d7-2a7732f659ce,Bojuka Bog,,0.0,Land,"This land enters tapped.
When this land enters, exile target player's graveyard.
{T}: Add {B}.",,B,legal,not_legal,legal,6e1d1e83-c34a-46af-8aec-ff698446099f
ab32c671-7686-435b-a987-14a08f6790eb,Boldwyr Aggressor,{3}{R}{R},5.0,Creature — Giant Warrior,"Double strike
Other Giants you control have double strike.",R,R,legal,legal,legal,76bbccd2-8a90-49a7-921a-6565b495efdf
c20a96f7-aa5a-4c15-b8b1-806685c99b27,Bolt Bend,{3}{R},4.0,Instant,"This spell costs {3} less to cast if you control a creature with power 4 or greater.
Change the target of target spell or ability with a single target.",R,R,legal,legal,legal,39b35408-3728-4e1b-9f58-b0775df914d6
e07f50fb-98b2-40b7-9610-b8e9438be394,Bolt of Keranos,{1}{R}{R},3.0,Sorcery,Bolt of Keranos deals 3 damage to any target. Scry 1. (Look at the top card of your library. You may put that card on the bottom.),R,R,legal,not_legal,legal,4df70b14-5d67-4a92-aaba-72480c621d10
00e9957a-5684-4a07-954e-8161925fefe4,Bond of Discipline,{4}{W},5.0,Sorcery,Tap all creatures your opponents control. Creatures you control gain lifelink until end of turn.,W,W,legal,not_legal,legal,bb7c78bb-9f2a-47a4-adc4-b497bb38f46f
e9c9e730-3b73-48e3-845b-1b7f2d16050c,Bond of Flourishing,{1}{G},2.0,Sorcery,Look at the top three cards of your library. You may reveal a permanent card from among them and put it into your hand. Put the rest on the bottom of your library in any order. You gain 3 life.,G,G,legal,not_legal,legal,df901fdc-8672-44f5-ade5-7c4e0b5c5d81
3a877718-ff90-4d6e-9f95-47b06adad7f8,Bond of Insight,{3}{U},4.0,Sorcery,Each player mills four cards. Return up to two instant and/or sorcery cards from your graveyard to your hand. Exile Bond of Insight.,U,U,legal,not_legal,legal,648629af-e911-49e1-b564-c98f339b84a1
826f9f42-f2ff-4b9e-be79-a9de6b5b7b38,Bond of Passion,{4}{R}{R},6.0,Sorcery,Gain control of target creature until end of turn. Untap that creature. It gains haste until end of turn. Bond of Passion deals 2 damage to any other target.,R,R,legal,not_legal,legal,ae644e9d-9bc4-4ccd-aef4-3d0559948aa6
62cca25f-3bf7-4b67-97d5-280bf2544722,Bond of Revival,{4}{B},5.0,Sorcery,Return target creature card from your graveyard to the battlefield. It gains haste until your next turn.,B,B,legal,not_legal,legal,c6482fb9-f874-4e33-aa74-7a0da4c9760c
0c936582-d4c0-4da8-bc7e-49da5a433939,Bone Splinters,{B},1.0,Sorcery,"As an additional cost to cast this spell, sacrifice a creature.
Destroy target creature.",B,B,legal,not_legal,legal,74780faa-1c64-4d73-8d09-53b47ba02d7a
a08f69f9-de48-46d6-8b75-31886159cf45,Boneclub Berserker,{3}{R},4.0,Creature — Goblin Berserker,This creature gets +2/+0 for each other Goblin you control.,R,R,legal,legal,legal,b3dbbe30-3d6e-46f8-92c1-caee995cba1a
eef40ab2-9e17-4e8d-9e58-1a82ab871b5b,Boneyard Scourge,{2}{B}{B},4.0,Creature — Zombie Dragon,"Flying
Whenever a Dragon you control dies while this card is in your graveyard, you may pay {1}{B}. If you do, return this card from your graveyard to the battlefield.",B,B,legal,not_legal,not_legal,55a3a094-48c5-4da5-8626-e30a0e8d8f3a
11fd2650-2150-4e62-8b64-e820d734a231,Borderland Marauder,{1}{R},2.0,Creature — Human Warrior,"Whenever this creature attacks, it gets +2/+0 until end of turn.",R,R,legal,not_legal,legal,41eaedf2-38be-4825-a711-3cc0f7659ae3
bc6b40b1-0d17-4dd2-bec9-f1653611dba3,Boros Challenger,{R}{W},2.0,Creature — Human Soldier,"Mentor (Whenever this creature attacks, put a +1/+1 counter on target attacking creature with lesser power.)
{2}{R}{W}: This creature gets +1/+1 until end of turn.",RW,RW,legal,not_legal,legal,545f3a30-7984-4046-8a14-51bc9cbc3fe0
73c423b7-cab8-4e69-8070-9edbf96a6c2c,Boros Guildgate,,0.0,Land — Gate,"This land enters tapped.
{T}: Add {R} or {W}.",,RW,legal,legal,legal,c52ceefc-90d0-49d1-ae54-9a4eab819849
b044b4fd-d504-4a11-80bf-eb8fb0b6e21e,Boros Locket,{3},3.0,Artifact,"{T}: Add {R} or {W}.
{R/W}{R/W}{R/W}{R/W}, {T}, Sacrifice this artifact: Draw two cards.",,RW,legal,not_legal,legal,5e972d97-0df2-44e4-8ff2-cc8707316dc1
30a9ad0e-1b23-41ce-bacc-3b27f78ef628,Boulder Dash,{1}{R},2.0,Sorcery,Boulder Dash deals 2 damage to any target and 1 damage to any other target.,R,R,legal,legal,legal,657a2a24-22d1-4bc2-9f22-ed361ae487e3
16df20e2-5228-4543-84b7-74a3170d9d31,Boulder Salvo,{4}{R},5.0,Sorcery,"Surge {1}{R} (You may cast this spell for its surge cost if you or a teammate has cast another spell this turn.)
Boulder Salvo deals 4 damage to target creature.",R,R,legal,not_legal,legal,4e269989-bb22-4da4-a374-434a572e8e8f
dfa8de88-9222-435f-a56e-c32e91fd5289,Brain Weevil,{3}{B},4.0,Creature — Insect,"Intimidate (This creature can't be blocked except by artifact creatures and/or creatures that share a color with it.)
Sacrifice this creature: Target player discards two cards. Activate only as a sorcery.",B,B,legal,not_legal,legal,40e1bd88-939a-4adc-8693-210a7ba9a5a1
36cd2364-d113-47d1-b2c4-b088d9eb88dd,Brainstorm,{U},1.0,Instant,"Draw three cards, then put two cards from your hand on top of your library in any order.",U,U,legal,not_legal,not_legal,48070245-1370-4cf1-be15-d4e8a8b92ba8
eb25920a-3162-4838-b092-09cbd43332fd,Brambleback Brute,{2}{R},3.0,Creature — Giant Warrior,"This creature enters with two -1/-1 counters on it.
{1}{R}, Remove a counter from this creature: Target creature can't block this turn. Activate only as a sorcery.",R,R,legal,legal,legal,5ebb8365-c6e1-46e8-a242-6aa27b21e68a
422ef4ec-863a-450e-9577-a0707bc16532,Brazen Scourge,{1}{R}{R},3.0,Creature — Gremlin,Haste (This creature can attack and {T} as soon as it comes under your control.),R,R,legal,legal,legal,60d002f9-ae69-4e07-943f-95036f083dea
592689f2-f17c-40d6-b880-431f4b6a6b0c,Bristlebane Battler,{1}{G},2.0,Creature — Kithkin Soldier,"Trample, ward {2}
This creature enters with five -1/-1 counters on it.
Whenever another creature you control enters while this creature has a -1/-1 counter on it, remove a -1/-1 counter from this creature.",G,G,legal,legal,legal,c857fa32-1b5d-4139-8809-b4d0df44b472
48f7217e-ae11-44bd-ac42-7c8d9dd5dc36,Bristlebane Outrider,{3}{G},4.0,Creature — Kithkin Knight,"This creature can't be blocked by creatures with power 2 or less.
As long as another creature entered the battlefield under your control this turn, this creature gets +2/+0.",G,G,legal,legal,legal,38b17a3c-4457-47e3-986e-ff0b94c41b1a
f4aed3d2-04f5-49a4-a6be-d3cf097903f8,Bristling Boar,{3}{G},4.0,Creature — Boar,This creature can't be blocked by more than one creature.,G,G,legal,not_legal,legal,999030b2-2f91-4c45-981f-acdbbf9034af
02d50c11-51e3-4b3f-bf3d-3b1775d514f6,Broodhunter Wurm,{3}{G},4.0,Creature — Wurm,,G,G,legal,not_legal,legal,c11c852d-9c7c-4d9b-8e79-70ea5ac865df
86529f12-6f0f-4b0d-96f1-785474f6763a,Broodmate Dragon,{3}{B}{R}{G},6.0,Creature — Dragon,"Flying
When this creature enters, create a 4/4 red Dragon creature token with flying.",BGR,BGR,legal,not_legal,legal,ea62ec34-be95-4682-a3fd-9a92a89103b5
b7a16caa-96e0-40c5-8fcb-81e06d26f92a,Brute Strength,{1}{R},2.0,Instant,Target creature gets +3/+1 and gains trample until end of turn. (It can deal excess combat damage to the player or planeswalker it's attacking.),R,R,legal,not_legal,legal,1a7bd68d-02eb-44ec-955f-08b328e1b6d3
f70b9eee-3874-4391-8df8-e10bbd19307e,Bucknard's Everfull Purse,{2},2.0,Artifact,"{1}, {T}: Roll a d4 and create a number of Treasure tokens equal to the result. The player to your right gains control of this artifact.",,,legal,not_legal,not_legal,57073533-dcd8-4a86-9aa8-d7205d3799e1
f606bd15-b380-447f-b147-72f811266593,Bulwark Giant,{5}{W},6.0,Creature — Giant Soldier,"When this creature enters, you gain 5 life.",W,W,legal,not_legal,legal,11510817-edb3-40d4-bd27-6161fedadd11
ed14c7fa-632c-47ee-9db0-8c492771121a,Burn Bright,{2}{R},3.0,Instant,Creatures you control get +2/+0 until end of turn.,R,R,legal,not_legal,legal,b8574ffd-3e72-41de-90bf-69363189f047
7f420633-901d-47f9-ae0f-0f5b0ea8359c,Burning Curiosity,{2}{R},3.0,Sorcery,"As an additional cost to cast this spell, you may blight 1. (You may put a -1/-1 counter on a creature you control.)
Exile the top two cards of your library. If this spell's additional cost was paid, exile the top three cards instead. Until the end of your next turn, you may play those cards.",R,R,legal,legal,legal,689ed288-6228-4d7e-b198-56a12b8be299
1e462ce2-15d3-473c-8f48-9c9363fc65eb,Burning Prophet,{1}{R},2.0,Creature — Human Wizard,"Whenever you cast a noncreature spell, this creature gets +1/+0 until end of turn, then scry 1.",R,R,legal,not_legal,legal,01c5b095-13c9-4673-bf0c-553de455e521
5460c76f-39dc-4db0-acf7-146d533d822b,Burning-Fist Minotaur,{1}{R},2.0,Creature — Minotaur Wizard,"First strike
{1}{R}, Discard a card: This creature gets +2/+0 until end of turn.",R,R,legal,not_legal,legal,52f191fb-eaf6-432f-a668-37ad48ffabaf
327d9679-0049-4401-8dab-e0fb362306bd,Burning-Tree Emissary,{R/G}{R/G},2.0,Creature — Human Shaman,"When this creature enters, add {R}{G}.",GR,GR,legal,not_legal,legal,22e3e874-a0ec-4459-b78d-abef6b9232b9
893fed41-c144-433f-af88-bc7d419b7fb3,Burnished Hart,{3},3.0,Artifact Creature — Elk,"{3}, Sacrifice this creature: Search your library for up to two basic land cards, put them onto the battlefield tapped, then shuffle.",,,legal,legal,legal,0f22bcce-4f9a-4e82-a684-63ab9cce90ed
7d00fb28-ea6c-49a9-b4af-ffb38860a9a7,Cancel,{1}{U}{U},3.0,Instant,Counter target spell.,U,U,legal,legal,legal,7258e651-868a-4f63-9454-6c6c95d25387
1d614b37-d578-4f35-8fd8-3c7800d5f742,Canopy Gorger,{4}{G}{G},6.0,Creature — Wurm,,G,G,legal,not_legal,legal,cbc8957d-769c-4630-9544-56cea8c847c2
dcb7e046-f01b-497c-88e5-57794eb30ce5,Canopy Vista,,0.0,Land — Forest Plains,"({T}: Add {G} or {W}.)
This land enters tapped unless you control two or more basic lands.",,GW,legal,not_legal,legal,602f0a45-1fe8-4557-bcde-40932b6e7065
9a9c221d-9bb4-4ec4-b5db-cb26db6065df,Caravan Escort,{W},1.0,Creature — Human Knight,"Level up {2} ({2}: Put a level counter on this. Level up only as a sorcery.)
LEVEL 1-4
2/2
LEVEL 5+
5/5
First strike",W,W,legal,not_legal,legal,817602f9-0844-4ba2-bd7c-380fcd0c15ff
b3e0b8a6-5de4-4988-b042-2641b1ed3e32,Carrier Thrall,{1}{B},2.0,Creature — Vampire,"When this creature dies, create a 1/1 colorless Eldrazi Scion creature token. It has ""Sacrifice this token: Add {C}.""",B,B,legal,not_legal,legal,c5e4de63-820f-4a22-8725-814a220cfdd2
bba44fad-b3ca-4892-b7d1-2d03478062af,Carrion Imp,{3}{B},4.0,Creature — Imp,"Flying
When this creature enters, you may exile target creature card from a graveyard. If you do, you gain 2 life.",B,B,legal,not_legal,legal,958caf1d-b159-4c27-8248-00c345f880be
2e4865c5-a590-4820-81ec-926014ddb8c4,Cataclysmic Gearhulk,{3}{W}{W},5.0,Artifact Creature — Construct,"Vigilance
When this creature enters, each player chooses an artifact, a creature, an enchantment, and a planeswalker from among the nonland permanents they control, then sacrifices the rest.",W,W,legal,not_legal,legal,92aaf9d2-cb83-40be-b39c-05cb3721776e
b270d091-ea4c-4dfd-9c50-48b45bbc396e,Cathar's Shield,{0},0.0,Artifact — Equipment,"Equipped creature gets +0/+3 and has vigilance.
Equip {3} ({3}: Attach to target creature you control. Equip only as a sorcery.)",,,legal,not_legal,legal,61c18ffa-ffff-4dc4-9db0-d5f183c35e17
f44ffa35-bd88-4996-8b20-46329565df9b,Catti-brie of Mithral Hall,{G}{W},2.0,Legendary Creature — Human Archer,"First strike, reach
Whenever Catti-brie attacks, put a +1/+1 counter on it for each Equipment attached to it.
{1}, Remove all +1/+1 counters from Catti-brie: It deals X damage to target attacking or blocking creature an opponent controls, where X is the number of counters removed this way.",GW,GW,legal,not_legal,not_legal,d3626ede-6c69-4fd5-8de1-cf85f50cd435
efdaa3eb-e5d1-4438-b21d-2ec0fff44721,Celestial Flare,{W}{W},2.0,Instant,Target player sacrifices an attacking or blocking creature of their choice.,W,W,legal,not_legal,legal,6c8d1320-0f1a-4c66-86c9-9f8da0f1d9ef
2f5bf099-2e01-4e1c-9ebf-0ce0ac66939e,Centaur Courser,{2}{G},3.0,Creature — Centaur Warrior,,G,G,legal,not_legal,legal,bae6eb55-4bf9-4418-b667-a9a761f91ef9
ff435f84-73ab-4a16-8af6-6576af4e4edb,Centaur Healer,{1}{G}{W},3.0,Creature — Centaur Cleric,"When this creature enters, you gain 3 life.",GW,GW,legal,not_legal,legal,833835d1-9beb-4ad8-b675-7adebdbd7d82
f60e831b-1404-437a-a587-ed4f4b596084,Centaur Nurturer,{3}{G},4.0,Creature — Centaur Druid,"When this creature enters, you gain 3 life.
{T}: Add one mana of any color.",G,G,legal,not_legal,legal,bf020acb-e0c6-43b4-8324-0f2ec68b73d6
1d4b8a31-6500-4e3d-bcaf-f6f184d7743e,Certain Death,{5}{B},6.0,Sorcery,Destroy target creature. Its controller loses 2 life and you gain 2 life.,B,B,legal,not_legal,legal,a6f7a23a-0966-4060-8034-734df6f0f29f
086b2564-9114-4ba2-94fd-b490f98f38a7,Chain Reaction,{2}{R}{R},4.0,Sorcery,"Chain Reaction deals X damage to each creature, where X is the number of creatures on the battlefield.",R,R,legal,not_legal,legal,e631b484-37a2-4532-b4da-f24ee03152f6
a0324f33-3f25-4374-affa-c7b5b54bc8d7,Chainwhip Cyclops,{4}{R},5.0,Creature — Cyclops Warrior,{3}{R}: Target creature can't block this turn.,R,R,legal,not_legal,legal,d2f18df2-5910-4c5d-8b04-6fe5d04e8150
7b8f1458-c638-4907-9363-f7cc22d04605,Chameleon Colossus,{2}{G}{G},4.0,Creature — Shapeshifter,"Changeling (This card is every creature type.)
Protection from black
{2}{G}{G}: This creature gets +X/+X until end of turn, where X is its power.",G,G,legal,not_legal,legal,15401ca4-f6cd-400e-8e5e-ea47493b56a4
b326ccd5-8ad2-441c-9d73-82ee6390dd36,Champion of the Path,{3}{R},4.0,Creature — Elemental Sorcerer,"As an additional cost to cast this spell, behold an Elemental and exile it. (Exile an Elemental you control or an Elemental card from your hand.)
Whenever another Elemental you control enters, it deals damage equal to its power to each opponent.
When this creature leaves the battlefield, return the exiled card to its owner's hand.",R,R,legal,legal,legal,e369cd31-3e22-47eb-bf6a-00d823651710
1726f9cd-6f18-4509-b95b-bca82ba795a4,Champion of the Weird,{3}{B},4.0,Creature — Goblin Berserker,"As an additional cost to cast this spell, behold a Goblin and exile it. (Exile a Goblin you control or a Goblin card from your hand.)
Pay 1 life, Blight 2: Target opponent blights 2. Activate only as a sorcery.
When this creature leaves the battlefield, return the exiled card to its owner's hand.",B,B,legal,legal,legal,e600dd01-65ac-489c-a52a-decbc3a9a4f3
3fd8ba0c-75ec-43ea-8706-f71e6cf1d236,Champion of Wits,{2}{U},3.0,Creature — Snake Wizard,"When this creature enters, you may draw cards equal to its power. If you do, discard two cards.
Eternalize {5}{U}{U} ({5}{U}{U}, Exile this card from your graveyard: Create a token that's a copy of it, except it's a 4/4 black Zombie Snake Wizard with no mana cost. Eternalize only as a sorcery.)",U,U,legal,not_legal,legal,cce2fce1-8172-43ed-937d-a543a474ef46
69a37af8-6bcd-42b3-b788-0a357e742cc0,Chandra's Pyrohelix,{1}{R},2.0,Instant,Chandra's Pyrohelix deals 2 damage divided as you choose among one or two targets.,R,R,legal,not_legal,legal,1c482f51-9222-4e9e-a9fd-bb14a0afe156
93409d98-93c8-4742-a635-2a4408e66c32,Changeling Wayfinder,{3},3.0,Creature — Shapeshifter,"Changeling (This card is every creature type.)
When this creature enters, you may search your library for a basic land card, reveal it, put it into your hand, then shuffle.",,,legal,legal,legal,6c6061aa-a4da-4115-85b6-d0aa22f2386c
4b3d1cfb-9f1d-4e4e-a15a-2e248ff5bdfc,Channel Harm,{5}{W},6.0,Instant,"Prevent all damage that would be dealt to you and permanents you control this turn by sources you don't control. If damage is prevented this way, you may have Channel Harm deal that much damage to target creature.",W,W,legal,not_legal,legal,8801465e-295f-4b6b-a321-120f1b1edd0b
ea9031de-6169-4b1c-9390-7fdaf876c7cd,Chaos Channeler,{2}{R}{R},4.0,Creature — Human Shaman,"Wild Magic Surge — Whenever this creature attacks, roll a d20.
1—9 | Exile the top card of your library. You may play it this turn.
10—19 | Exile the top two cards of your library. You may play them this turn.
20 | Exile the top three cards of your library. You may play them this turn.",R,R,legal,not_legal,legal,7b9bb587-f732-42c9-a2a7-152629889997
a04f46b4-b0b0-4aef-907f-1df1a2e261de,Chaos Dragon,{1}{R}{R},3.0,Creature — Dragon,"Flying, haste
This creature attacks each combat if able.
At the beginning of combat on your turn, each player rolls a d20. If one or more opponents had the highest result, this creature can't attack those players or planeswalkers they control this combat.",R,R,legal,not_legal,not_legal,27aee582-0d32-428c-8ffa-4122e92a810d
77217a66-4ba8-443f-b915-178cfcc233e1,Chaos Spewer,{2}{B/R},3.0,Creature — Goblin Warlock,"When this creature enters, you may pay {2}. If you don't, blight 2. (To blight 2, put two -1/-1 counters on a creature you control.)",BR,BR,legal,legal,legal,b5918fa5-1d13-447b-8838-633b6b61e791
0b95c115-6745-4ce1-896b-9021e93c161e,Chaos Wand,{3},3.0,Artifact,"{4}, {T}: Target opponent exiles cards from the top of their library until they exile an instant or sorcery card. You may cast that card without paying its mana cost. Then put the exiled cards that weren't cast this way on the bottom of that library in a random order.",,,legal,not_legal,legal,4d50a9d5-4eb7-4eb9-bdf5-5a7703b4c6b6
07a0cba9-8768-4fd9-a3d5-b0f83b4bf8e8,Chaos Warp,{2}{R},3.0,Instant,"The owner of target permanent shuffles it into their library, then reveals the top card of their library. If it's a permanent card, they put it onto the battlefield.",R,R,legal,not_legal,not_legal,63cf7776-1b1a-4539-8f53-b8c30addc7de
195837b4-e5e4-479d-8dab-6ac77f9fcd83,Chaplain's Blessing,{W},1.0,Sorcery,You gain 5 life.,W,W,legal,not_legal,legal,f70ea481-1751-4097-af41-2d13fe79e788
1c99a5cc-d974-4a4b-a03b-a78bfe738ed7,Charging Griffin,{3}{W},4.0,Creature — Griffin,"Flying (This creature can't be blocked except by creatures with flying or reach.)
Whenever this creature attacks, it gets +1/+1 until end of turn.",W,W,legal,not_legal,legal,88637cc0-3b2a-402c-b491-26fcc2d21fb8
f18a1a99-8363-4edf-9807-2e23fa007ce8,Charity Extractor,{3}{B},4.0,Creature — Human Knight,Lifelink,B,B,legal,not_legal,legal,3594f726-cdbb-4b7d-bcfe-17d5f8cd5228
6781166b-f6ab-4076-8e97-0cd9342f1b41,Charmed Stray,{W},1.0,Creature — Cat,"Lifelink
When this creature enters, put a +1/+1 counter on each other creature you control named Charmed Stray.",W,W,legal,not_legal,legal,357513b9-0505-4b67-9a29-36a705a175b1
a2cb30d7-c0a9-4f79-bc19-fc88c4986725,Chemister's Insight,{3}{U},4.0,Instant,"Draw two cards.
Jump-start (You may cast this card from your graveyard by discarding a card in addition to paying its other costs. Then exile this card.)",U,U,legal,not_legal,legal,0e13a295-0d51-4b56-8c58-0896eb41c567
32e4de02-8437-4ffc-acc9-a3736652d282,Chief of the Scale,{W}{B},2.0,Creature — Human Warrior,Other Warrior creatures you control get +0/+1.,BW,BW,legal,not_legal,legal,a227b8cc-cbe5-4955-ad1b-a354704a82e8
c650a7bc-e350-44a0-a698-d4a233d66156,Child of Night,{1}{B},2.0,Creature — Vampire,Lifelink,B,B,legal,not_legal,legal,3867704d-d2ef-4185-b53d-84eba6a6776f
604d2a0e-224c-4a7b-aabf-033e7dcee3f2,Chillbringer,{4}{U},5.0,Creature — Elemental,"Flying
When this creature enters, tap target creature an opponent controls. It doesn't untap during its controller's next untap step.",U,U,legal,not_legal,legal,158547fa-7313-4e77-949f-afc68ebfb022
d5487098-fd24-49af-9634-4827a5c2eac4,Chitinous Cloak,{3},3.0,Artifact — Equipment,"Equipped creature gets +2/+2 and has menace. (It can't be blocked except by two or more creatures.)
Equip {3}",,,legal,not_legal,legal,15e54603-af67-497f-afe0-88cfa4d00095
930035c6-cde7-40ac-98ef-0840812037db,Chitinous Graspling,{3}{G/U},4.0,Creature — Shapeshifter,"Changeling (This card is every creature type.)
Reach",GU,GU,legal,legal,legal,a9767360-d536-4902-9d2d-1f3474ce89d6
8b1aa532-4f19-407e-83a5-13b3160ad8c2,Chittering Witch,{3}{B},4.0,Creature — Human Warlock,"When this creature enters, create a number of 1/1 black Rat creature tokens equal to the number of opponents you have.
{1}{B}, Sacrifice a creature: Target creature gets -2/-2 until end of turn.",B,B,legal,not_legal,legal,b57c76be-082e-4552-9830-403a98992619
d473b507-8c33-4118-bc10-b0a268776074,Choked Estuary,,0.0,Land,"As this land enters, you may reveal an Island or Swamp card from your hand. If you don't, this land enters tapped.
{T}: Add {U} or {B}.",,BU,legal,not_legal,legal,5573b816-97d0-46c1-8438-f5740fa4759a
d740dbd9-8e90-4121-8d53-c6ddf5178d58,Chomping Changeling,{2}{G},3.0,Creature — Shapeshifter,"Changeling (This card is every creature type.)
When this creature enters, destroy up to one target artifact or enchantment.",G,G,legal,legal,legal,e187dcc6-19ad-4cf6-94b4-daf07f5144e5
0765c18b-25a0-4f79-aa1e-7adba7f5c91e,Chorus of Might,{3}{G},4.0,Instant,"Until end of turn, target creature gets +1/+1 for each creature you control and gains trample.",G,G,legal,not_legal,legal,214dc9c1-154d-4c35-845d-dd2928f1e142
f155a05f-9f5e-4875-a407-103b85ce30ee,Cinder Barrens,,0.0,Land,"This land enters tapped.
{T}: Add {B} or {R}.",,BR,legal,not_legal,legal,949f41a0-9082-4682-88b8-a29fbcb48d5d
dfac0258-e148-4d7d-8ded-fc2466d9caa6,Cinder Glade,,0.0,Land — Mountain Forest,"({T}: Add {R} or {G}.)
This land enters tapped unless you control two or more basic lands.",,GR,legal,not_legal,legal,e755e021-b725-4a5f-bfd7-7406fa945111
9e1ad977-2814-4336-93ec-57b7736a629f,Cinder Hellion,{4}{R},5.0,Creature — Hellion,"Trample
When this creature enters, it deals 2 damage to target opponent or planeswalker.",R,R,legal,not_legal,legal,5a069118-42e4-40e3-a2ba-593ac89b9064
54421e69-d79e-4c2e-8ce6-96994d168835,Cinder Strike,{R},1.0,Sorcery,"As an additional cost to cast this spell, you may blight 1. (You may put a -1/-1 counter on a creature you control.)
Cinder Strike deals 2 damage to target creature. It deals 4 damage to that creature instead if this spell's additional cost was paid.",R,R,legal,legal,legal,6fb6faa4-236c-4cae-9140-0981c44d2392
5f46f86a-9779-4ed3-99cb-76a03d380598,Circle of Protection: White,{1}{W},2.0,Enchantment,"{1}: The next time a white source of your choice would deal damage to you this turn, prevent that damage.",W,W,legal,not_legal,legal,48bc4bb0-350c-424e-976e-b800915f7fb4
30afacd9-4680-4aac-8c22-584f9418822d,Circuitous Route,{3}{G},4.0,Sorcery,"Search your library for up to two basic land cards and/or Gate cards, put them onto the battlefield tapped, then shuffle.",G,G,legal,legal,legal,5a970429-6369-4422-a343-00b30267f09d
a4555bd2-be42-442a-8ead-3398318e91c5,Citanul Woodreaders,{2}{G},3.0,Creature — Human Druid,"Kicker {2}{G} (You may pay an additional {2}{G} as you cast this spell.)
When this creature enters, if it was kicked, draw two cards.",G,G,legal,not_legal,legal,9a88ba67-7904-4741-ae49-52a974aa1c41
b9e53414-c21f-4479-b8c1-8b36c3e6e006,Civic Wayfinder,{2}{G},3.0,Creature — Elf Druid Warrior,"When this creature enters, you may search your library for a basic land card, reveal it, put it into your hand, then shuffle.",G,G,legal,not_legal,legal,5e9754ec-18d1-4c0f-abdd-49ce2d778083
5396045d-744b-435e-8324-a1bfbb03449d,Clachan Festival,{2}{W},3.0,Kindred Enchantment — Kithkin,"When this enchantment enters, create two 1/1 green and white Kithkin creature tokens.
{4}{W}: Create a 1/1 green and white Kithkin creature token.",W,W,legal,legal,legal,324b5234-ffbf-4801-a475-8f693679ae2f
7fd2dcb2-760d-461d-8e5b-693aacf548cf,Clamor Shaman,{2}{R},3.0,Creature — Goblin Shaman,"Riot (This creature enters with your choice of a +1/+1 counter or haste.)
Whenever this creature attacks, target creature an opponent controls can't block this turn.",R,R,legal,not_legal,legal,b3f073d7-f60a-44c1-aec9-cf42bbdb3153
8773c2ea-ef41-4403-bb52-07f0d70d9bbe,Clay Golem,{4},4.0,Artifact Creature — Golem,"{6}, Roll a d8: Monstrosity X, where X is the result. (If this creature isn't monstrous, put X +1/+1 counters on it and it becomes monstrous.)
Berserk — When this creature becomes monstrous, destroy target permanent.",,,legal,not_legal,not_legal,3a949c88-07bb-4526-9460-9324574cc466
141c33be-7a25-4981-b62c-efee8e8ec91d,Clear the Mind,{2}{U},3.0,Sorcery,"Target player shuffles their graveyard into their library.
Draw a card.",U,U,legal,not_legal,legal,a7da6982-9e57-41d2-a052-f2a3bb646436
97671aac-7322-44ae-8908-d573734db3af,Cliffside Lookout,{W},1.0,Creature — Kor Scout Ally,{4}{W}: Creatures you control get +1/+1 until end of turn.,W,W,legal,not_legal,legal,8c755ae6-badc-4dc8-bfa6-fdebcb00bfba
d38a33ae-59d1-4d08-8e14-5fa5a8c3762d,Cloaked Siren,{3}{U},4.0,Creature — Siren,"Flash (You may cast this spell any time you could cast an instant.)
Flying",U,U,legal,not_legal,legal,79a639aa-91f4-49df-8671-122710073084
f84d1291-1f82-4b67-a26e-b79624b4ce1d,Cloudblazer,{3}{W}{U},5.0,Creature — Human Scout,"Flying
When this creature enters, you gain 2 life and draw two cards.",UW,UW,legal,legal,legal,2f64ae7d-0bd0-41f8-8f7d-64db4bd2a10b
63c52071-e3a7-4236-9dcb-e5ea68240dc2,Cloudcrown Oak,{2}{G}{G},4.0,Creature — Treefolk Warrior,Reach (This creature can block creatures with flying.),G,G,legal,not_legal,legal,833211c0-3bec-4548-97a0-c9381660cd88
09bd4e1c-9861-481f-80dc-4de955c8d3af,Cloudkin Seer,{2}{U},3.0,Creature — Elemental Wizard,"Flying
When this creature enters, draw a card.",U,U,legal,not_legal,legal,e2111753-a930-403f-9d94-a86dfcb069da
5f7f133e-58ea-41ab-b1be-be4b400fac4c,Coat of Arms,{5},5.0,Artifact,"Each creature gets +1/+1 for each other creature on the battlefield that shares at least one creature type with it. (For example, if two Goblin Warriors and a Goblin Shaman are on the battlefield, each gets +2/+2.)",,,legal,not_legal,legal,513d4c36-6ad4-4ee9-b161-3136eb59504f
54dc1c02-2d71-465b-a285-d6d11113991c,Coiling Stalker,{1}{G},2.0,Creature — Snake Ninja,"Ninjutsu {1}{G} ({1}{G}, Return an unblocked attacker you control to hand: Put this card onto the battlefield from your hand tapped and attacking.)
Whenever this creature deals combat damage to a player, put a +1/+1 counter on target creature you control that doesn't have a +1/+1 counter on it.",G,G,legal,not_legal,legal,8297592c-3036-434a-9dbb-5f0af804dd13
f33cd975-ab70-4209-a6d8-e0d727772bf2,Cold-Eyed Selkie,{1}{G/U}{G/U},3.0,Creature — Merfolk Rogue,"Islandwalk (This creature can't be blocked as long as defending player controls an Island.)
Whenever this creature deals combat damage to a player, you may draw that many cards.",GU,GU,legal,not_legal,legal,b85d0834-065b-45e1-b739-08d5a5a4db2a
457e4a49-c8fe-4e1d-a4b4-7a880a47f58d,Cold-Water Snapper,{5}{U},6.0,Creature — Turtle,Hexproof (This creature can't be the target of spells or abilities your opponents control.),U,U,legal,not_legal,legal,cf339549-4325-40c6-adde-0cd31bb738e0
b89dd47e-0f65-41f0-ad23-cefc61e68978,Collateral Damage,{R},1.0,Instant,"As an additional cost to cast this spell, sacrifice a creature.
Collateral Damage deals 3 damage to any target.",R,R,legal,not_legal,legal,fb738362-b0b4-4811-9fbf-5f45c852c822
649e4969-71d4-434f-85b0-205ec2c6b24f,Collective Inferno,{3}{R}{R},5.0,Enchantment,"Convoke (Your creatures can help cast this spell. Each creature you tap while casting this spell pays for {1} or one mana of that creature's color.)
As this enchantment enters, choose a creature type.
Double all damage that sources you control of the chosen type would deal.",R,R,legal,legal,legal,1ec084cc-997d-4079-b445-8f701ec3c277
08c7db90-c0cf-4482-b7ee-bb033e5996d2,Colossal Dreadmaw,{4}{G}{G},6.0,Creature — Dinosaur,Trample (This creature can deal excess combat damage to the player or planeswalker it's attacking.),G,G,legal,not_legal,legal,80d4ce4f-8255-419b-9e7f-544d9798e5c8
cac95494-0db0-4bec-8665-998431a6f76b,Colossal Majesty,{2}{G},3.0,Enchantment,"At the beginning of your upkeep, if you control a creature with power 4 or greater, draw a card.",G,G,legal,not_legal,legal,5db24df1-580f-4ff5-91a7-9a64a8352883
8ec03b88-8d3a-4a32-8b7c-7da59b0c03d0,Colossus Hammer,{1},1.0,Artifact — Equipment,"Equipped creature gets +10/+10 and loses flying.
Equip {8} ({8}: Attach to target creature you control. Equip only as a sorcery.)",,,legal,not_legal,legal,897a134e-7e61-4fe1-bbae-23ef1fe5c0cf
90abb55d-5c05-453f-b4a6-c0741dc36694,Combine Guildmage,{G}{U},2.0,Creature — Merfolk Wizard,"{1}{G}, {T}: This turn, each creature you control enters with an additional +1/+1 counter on it.
{1}{U}, {T}: Move a +1/+1 counter from target creature you control onto another target creature you control.",GU,GU,legal,not_legal,legal,3a6e2816-d50b-41a5-b503-faa58dc7c94a
9c2b262b-53c0-41a1-8f1a-0c336453d4bf,Comet Storm,{X}{R}{R},2.0,Instant,"Multikicker {1} (You may pay an additional {1} any number of times as you cast this spell.)
Choose any target, then choose another target for each time this spell was kicked. Comet Storm deals X damage to each of them.",R,R,legal,not_legal,legal,48743445-6e2e-4001-b314-365b9a8b091e
0895c9b7-ae7d-4bb3-af17-3b75deb50a25,Command Tower,,0.0,Land,{T}: Add one mana of any color in your commander's color identity.,,,legal,not_legal,legal,3edb78c2-0a3c-46e1-a7ff-97dbd8402495
0b67c4e2-f88b-4e01-85a1-9d5f5b8db13b,Commander's Sphere,{3},3.0,Artifact,"{T}: Add one mana of any color in your commander's color identity.
Sacrifice this artifact: Draw a card.",,,legal,not_legal,not_legal,08e8b5a4-ea2b-42fe-880c-f6a4f5456b66
f4aa0f64-d202-42a1-af62-0e53bbe87782,Commune with Lava,{X}{R}{R},2.0,Instant,"Exile the top X cards of your library. Until the end of your next turn, you may play those cards.",R,R,legal,not_legal,legal,862771b6-8e82-45b7-922f-4f40322a607e
686e0b86-121c-45be-842d-c83d3b6547f6,Compelling Argument,{1}{U},2.0,Sorcery,"Target player mills five cards.
Cycling {U} ({U}, Discard this card: Draw a card.)",U,U,legal,not_legal,legal,7c35f4d5-2337-4ea0-a571-5a73e2d0d54a
4bb1863e-50f3-4e08-884e-1f58ee55817f,Component Pouch,{3},3.0,Artifact,"{T}, Remove a component counter from this artifact: Add two mana of different colors.
{T}: Roll a d20.
1—9 | Put a component counter on this artifact.
10—20 | Put two component counters on this artifact.",,,legal,not_legal,not_legal,8aa4eacb-48d8-49a1-90dd-042f3f1f75bb
e938ee4c-d5df-4d93-bd61-9e518fb1dc30,Conclave Tribunal,{3}{W},4.0,Enchantment,"Convoke (Your creatures can help cast this spell. Each creature you tap while casting this spell pays for {1} or one mana of that creature's color.)
When this enchantment enters, exile target nonland permanent an opponent controls until this enchantment leaves the battlefield.",W,W,legal,not_legal,legal,9d9fda5d-df8f-45d6-b8f0-33f903c4bf83
62879f3d-ed6d-4004-8196-f3fd7f614695,Cone of Flame,{3}{R}{R},5.0,Sorcery,"Cone of Flame deals 1 damage to any target, 2 damage to another target, and 3 damage to a third target.",R,R,legal,not_legal,legal,9b434a60-0875-47f4-a626-2c9bfa3c9b3b
14d71432-c2e6-4c81-92ef-cf98e1fcf5f8,Consulate Turret,{3},3.0,Artifact,"{T}: You get {E} (an energy counter).
{T}, Pay {E}{E}{E}: This artifact deals 2 damage to target player or planeswalker.",,,legal,not_legal,legal,e0c55b5b-58fd-4340-b089-8e271633e8dd
a10ce333-48d7-499b-9355-f381f2395497,Consuming Vapors,{3}{B},4.0,Sorcery,"Target player sacrifices a creature of their choice. You gain life equal to that creature's toughness.
Rebound (If you cast this spell from your hand, exile it as it resolves. At the beginning of your next upkeep, you may cast this card from exile without paying its mana cost.)",B,B,legal,not_legal,legal,7b6e74a3-f390-4ad2-93de-930af0e5585c
2fc6de19-9d04-422b-90bc-eee2f9f8c84c,Contentious Plan,{1}{U},2.0,Sorcery,"Proliferate. (Choose any number of permanents and/or players, then give each another counter of each kind already there.)
Draw a card.",U,U,legal,not_legal,legal,8e30deb6-9e1f-4545-ae30-c30ba6c7b3a0
4374b6b1-e691-4823-802d-8de8530aa461,Conviction,{1}{W},2.0,Enchantment — Aura,"Enchant creature
Enchanted creature gets +1/+3.
{W}: Return this Aura to its owner's hand.",W,W,legal,not_legal,legal,4f805e97-c28b-4780-b204-74514c0c47d2
03ce2235-50d9-4f67-b588-166b9b37c664,Coral Commando,{2}{U},3.0,Creature — Merfolk Warrior,,U,U,legal,not_legal,legal,889cc2a0-d9a6-4368-92e0-055a7d7bf9d1
4ed27607-21a8-4bc3-997e-6d2242313f6d,Coral Merfolk,{1}{U},2.0,Creature — Merfolk,,U,U,legal,not_legal,legal,63b2cdfe-31ef-43d7-b4ca-e2505d613244
979e670e-bbd8-4595-8d9d-ad1c0bc422e3,Coralhelm Guide,{1}{U},2.0,Creature — Merfolk Scout Ally,{4}{U}: Target creature can't be blocked this turn.,U,U,legal,not_legal,legal,33787a5b-d1d1-4d60-ba09-d9c98025e9b3
b432fa59-484b-43ec-98c2-a2d89c50ca8a,Core Set 2019 Checklist,,0.0,Card,"(Use this card to represent a double-faced Nicol Bolas card in your library or hand.)
☐ Nicol Bolas, the Ravager {1}{U}{B}{R}",,,not_legal,not_legal,not_legal,68d08909-a214-433b-a3b7-4baf916cd458
2c51e20b-07b2-4c96-8d73-87379aafbc7c,Countervailing Winds,{2}{U},3.0,Instant,"Counter target spell unless its controller pays {1} for each card in your graveyard.
Cycling {2} ({2}, Discard this card: Draw a card.)",U,U,legal,not_legal,legal,de1c0ef3-b32c-403a-93cb-29cf05795711
9d1f9036-a466-46b6-ab7c-2de487876978,Countless Gears Renegade,{1}{W},2.0,Creature — Dwarf Artificer,"Revolt — When this creature enters, if a permanent left the battlefield under your control this turn, create a 1/1 colorless Servo artifact creature token.",W,W,legal,not_legal,legal,c2d6f334-0040-42b1-9c72-362e4dcaa65e
2bb0a5e3-ccb0-4f87-b021-e60ebfa35b2b,Courier Griffin,{3}{W},4.0,Creature — Griffin,"Flying
When this creature enters, you gain 2 life.",W,W,legal,not_legal,legal,4d3afc71-f5db-45c3-96b2-8454b7f33542
67419470-3418-466f-b3c1-4ded1d0ee34b,Cowl Prowler,{4}{G}{G},6.0,Creature — Wurm,,G,G,legal,not_legal,legal,8a1b25f4-f50c-4210-a03f-080a5e4e5708
36d06c91-5080-4f97-8e4c-ca8ac390e808,Cradle of the Accursed,,0.0,Land — Desert,"{T}: Add {C}.
{3}, {T}, Sacrifice this land: Create a 2/2 black Zombie creature token. Activate only as a sorcery.",,,legal,not_legal,legal,41713e82-c3d3-4c2f-b075-f684cbd68ce8
41c15160-ee8c-42e3-bc6c-593b8c8ae335,Crash Through,{R},1.0,Sorcery,"Creatures you control gain trample until end of turn. (Each of those creatures can deal excess combat damage to the player or planeswalker it's attacking.)
Draw a card.",R,R,legal,legal,legal,a9737a83-8c58-44b5-816e-d8df8a577921
b8cf8614-14f4-4c20-9697-2e5ea34e0039,Crater's Claws,{X}{R},1.0,Sorcery,"Crater's Claws deals X damage to any target.
Ferocious — Crater's Claws deals X plus 2 damage instead if you control a creature with power 4 or greater.",R,R,legal,not_legal,legal,95dde66b-b4a1-4a1e-8c9e-0bec4790b1e5
f9b7bbea-ea20-400b-a5b7-4d6993d8777b,Creakwood Safewright,{1}{B},2.0,Creature — Elf Warrior,"This creature enters with three -1/-1 counters on it.
At the beginning of your end step, if there is an Elf card in your graveyard and this creature has a -1/-1 counter on it, remove a -1/-1 counter from this creature.",B,B,legal,legal,legal,3bcc24cf-776a-4182-bf77-a611ad90b28f
2987c385-011a-4032-a516-a46d1e9dc9e8,Crib Swap,{2}{W},3.0,Kindred Instant — Shapeshifter,"Changeling (This card is every creature type.)
Exile target creature. Its controller creates a 1/1 colorless Shapeshifter creature token with changeling.",W,W,legal,legal,legal,8f2fb3c6-af75-47a3-9f97-521872c32890
f1ae1dcd-76cd-4714-9df2-1ab0ebd2ca41,"Crosis, the Purger",{3}{U}{B}{R},6.0,Legendary Creature — Dragon,"Flying
Whenever Crosis deals combat damage to a player, you may pay {2}{B}. If you do, choose a color, then that player reveals their hand and discards all cards of that color.",BRU,BRU,legal,not_legal,not_legal,be667162-cd28-403c-b65f-dadc5459e757
0c572396-4e53-4c86-9b04-f41341dcea05,Crucible of Fire,{3}{R},4.0,Enchantment,Dragon creatures you control get +3/+3.,R,R,legal,not_legal,legal,d7a6f4dd-29c9-4084-a622-098b197a6eb7
ecfbebc9-7fc7-474e-8c59-8ede800e082e,Crucible of the Spirit Dragon,,0.0,Land,"{T}: Add {C}.
{1}, {T}: Put a storage counter on this land.
{T}, Remove X storage counters from this land: Add X mana in any combination of colors. Spend this mana only to cast Dragon spells or activate abilities of Dragons.",,,legal,not_legal,legal,257a5ae9-f754-4c45-a47d-5196f1b625b7
7190debf-708b-4f41-9714-0d0a5bd5a74e,Crumbling Necropolis,,0.0,Land,"This land enters tapped.
{T}: Add {U}, {B}, or {R}.",,BRU,legal,not_legal,legal,720652e9-834c-4ac0-8008-b2b16c3b7507
3c1fe86a-3696-4634-bc26-cd45846529ec,Crumbling Vestige,,0.0,Land,"This land enters tapped.
When this land enters, add one mana of any color.
{T}: Add {C}. ({C} represents colorless mana.)",,,legal,not_legal,legal,d491c13c-43e3-4ca3-b888-4edd34dfe14a
ecbc234d-e1d3-4bcc-81d4-fffc2c7ea16a,Crush Contraband,{3}{W},4.0,Instant,"Choose one or both —
• Exile target artifact.
• Exile target enchantment.",W,W,legal,not_legal,legal,13e162b3-2e5a-4235-a2a7-1c8e3e9f2c19
3ece897d-5b52-4fca-9f97-d7e864134c0b,Crush Dissent,{3}{U},4.0,Instant,"Counter target spell unless its controller pays {2}.
Amass Zombies 2. (Put two +1/+1 counters on an Army you control. It's also a Zombie. If you don't control an Army, create a 0/0 black Zombie Army creature token first.)",U,U,legal,not_legal,legal,94c70f23-0ca9-425e-a53a-6c09921c0075
aebe0ba5-70b2-406b-b53b-03b12a95c2c2,Crushing Vines,{2}{G},3.0,Instant,"Choose one —
• Destroy target creature with flying.
• Destroy target artifact.",G,G,legal,not_legal,legal,8db0fd01-a3f0-41e4-a378-0f307a201ad3
52a0dae4-2a95-487e-acd4-eabdb2d031e2,Crux of Fate,{3}{B}{B},5.0,Sorcery,"Choose one —
• Destroy all Dragon creatures.
• Destroy all non-Dragon creatures.",B,B,legal,not_legal,legal,11721b88-2654-482c-b9d4-80e54efdbf63
1b9a5170-39c0-4cbf-a041-f3c15f1359ae,Cry of the Carnarium,{1}{B}{B},3.0,Sorcery,"All creatures get -2/-2 until end of turn. Exile all creature cards in all graveyards that were put there from the battlefield this turn. If a creature would die this turn, exile it instead.",B,B,legal,not_legal,legal,715a14a3-046e-45ca-b943-dd630e5202b7
cc78776b-822b-4f11-8982-0805a25a9d36,Crypt of the Eternals,,0.0,Land,"When this land enters, you gain 1 life.
{T}: Add {C}.
{1}, {T}: Add {U}, {B}, or {R}.",,BRU,legal,not_legal,legal,cab5b199-e79d-4ca9-970c-cfd9df8fd1e4
8b755881-a72d-4e21-a369-d2924eb4585a,Cultivate,{2}{G},3.0,Sorcery,"Search your library for up to two basic land cards, reveal those cards, put one onto the battlefield tapped and the other into your hand, then shuffle.",G,G,legal,not_legal,legal,2c7b84c8-b79d-4d05-8d2e-23657bd6ca7c
6e62d553-d0d0-400e-a423-f0c3c1fdc911,Cultivator Drone,{2}{U},3.0,Creature — Eldrazi Drone,"Devoid (This card has no color.)
{T}: Add {C}. Spend this mana only to cast a colorless spell, activate an ability of a colorless permanent, or pay a cost that contains {C}. ({C} represents colorless mana.)",,U,legal,not_legal,legal,bbe4bb6f-bec6-49d2-99d7-e3750a0ea03f
a01491b7-89c8-4d6e-a516-431440ff3e88,Cunning Strike,{3}{U}{R},5.0,Instant,"Cunning Strike deals 2 damage to target creature and 2 damage to target player or planeswalker.
Draw a card.",RU,RU,legal,not_legal,legal,e4991f81-3190-4d33-bf09-9d5387cbec11
04858b93-0a2a-44d0-942d-7fadf589cbb7,Curator of Mysteries,{2}{U}{U},4.0,Creature — Sphinx,"Flying
Whenever you cycle or discard another card, scry 1.
Cycling {U} ({U}, Discard this card: Draw a card.)",U,U,legal,not_legal,legal,16caa0b6-dba9-4f93-bf8d-3b339474cbf1
b6689782-08d8-48e1-a05d-cd040dfe85bc,Curse of Bounty,{1}{G},2.0,Enchantment — Aura Curse,"Enchant player
Whenever enchanted player is attacked, untap all nonland permanents you control. Each opponent attacking that player untaps all nonland permanents they control.",G,G,legal,not_legal,not_legal,2f497641-b73a-4399-bc89-5274c42e17cc
ba0d3df2-3acf-46d7-8d64-8d67d1579adc,Curse of Opulence,{R},1.0,Enchantment — Aura Curse,"Enchant player
Whenever enchanted player is attacked, create a Gold token. Each opponent attacking that player does the same. (A Gold token is an artifact with ""Sacrifice this token: Add one mana of any color."")",R,R,legal,not_legal,not_legal,494a6f50-9cd3-4bfc-9382-dce4f7047a81
69ea4ce2-f749-4d5b-a392-efcfdce14a30,Curse of Predation,{2}{G},3.0,Enchantment — Aura Curse,"Enchant player
Whenever a creature attacks enchanted player, put a +1/+1 counter on it.",G,G,legal,not_legal,not_legal,d28f824e-8cd4-4915-a46f-6e3c646c6378
5480f855-80b7-45c7-94a9-071c7b5d5ccf,Curse of the Bloody Tome,{2}{U},3.0,Enchantment — Aura Curse,"Enchant player
At the beginning of enchanted player's upkeep, that player mills two cards.",U,U,legal,not_legal,legal,c7865e11-263b-4d61-af54-907c1acbb54f
c6f76fa7-095e-4bfe-a38c-5c4531880880,Curse of Verbosity,{2}{U},3.0,Enchantment — Aura Curse,"Enchant player
Whenever enchanted player is attacked, you draw a card. Each opponent attacking that player does the same.",U,U,legal,not_legal,not_legal,3054eba1-238f-4328-8e9f-5148b5c37aac
6d2eb412-e09b-4ab3-8653-b458e9f38eff,Curse of Vitality,{2}{W},3.0,Enchantment — Aura Curse,"Enchant player
Whenever enchanted player is attacked, you gain 2 life. Each opponent attacking that player does the same.",W,W,legal,not_legal,not_legal,c1a80504-d991-4eef-8407-2acf444401f0
88b50194-bc39-47a6-968b-983553d89cf9,Cursed Minotaur,{2}{B},3.0,Creature — Zombie Minotaur,Menace (This creature can't be blocked except by two or more creatures.),B,B,legal,not_legal,legal,a3990d2f-39d9-49f9-936f-1d40adcf295c
638ecc20-a275-4810-9669-89a0730c5362,Cyclops Electromancer,{4}{R},5.0,Creature — Cyclops Wizard,"When this creature enters, it deals X damage to target creature an opponent controls, where X is the number of instant and sorcery cards in your graveyard.",R,R,legal,not_legal,legal,da0966a6-f378-4975-88ae-23b600d578bf
caeb508a-c1fd-45b5-a14e-e0ac7321c9a9,Dance with Devils,{3}{R},4.0,Instant,"Create two 1/1 red Devil creature tokens. They have ""When this token dies, it deals 1 damage to any target.""",R,R,legal,not_legal,legal,f1112ebe-2a42-48b9-b0e5-f708305d088a
4b6377da-83e7-4519-9582-16a9c16b8faa,"Danitha Capashen, Paragon",{2}{W},3.0,Legendary Creature — Human Knight,"First strike, vigilance, lifelink
Aura and Equipment spells you cast cost {1} less to cast.",W,W,legal,not_legal,legal,b2a2b53c-0bf2-4d3d-91c2-57a484ae4f6b
a9c58cfe-9630-48fa-84ad-50268eb725ed,Danse Macabre,{3}{B}{B},5.0,Sorcery,"Each player sacrifices a nontoken creature of their choice. Roll a d20 and add the toughness of the creature you sacrificed this way.
1—14 | Return a creature card put into a graveyard this way to the battlefield under your control.
15+ | Return up to two creature cards put into graveyards this way to the battlefield under your control.",B,B,legal,not_legal,not_legal,5151b81b-6d10-40de-9e65-89923e4c03d9
9b1d79b7-a812-4f48-9be0-789294da3b56,Daring Mechanic,{2}{W},3.0,Creature — Human Artificer,{3}{W}: Put a +1/+1 counter on target Mount or Vehicle.,W,W,legal,legal,legal,3382552c-2740-409a-83a1-80b60627beb8
fa04f161-4141-491b-ad6f-a16f69c862f3,Dark Inquiry,{2}{B},3.0,Sorcery,Target opponent reveals their hand. You choose a nonland card from it. That player discards that card.,B,B,legal,not_legal,legal,42eaa634-0add-4e3d-9eee-5712598dda3f
95650a60-6f1d-4594-8b53-7fd406212207,Dark Nourishment,{4}{B},5.0,Instant,Dark Nourishment deals 3 damage to any target. You gain 3 life.,B,B,legal,not_legal,legal,053c4cf0-992b-4f76-b8d1-cd67f894172c
17917b7a-2b2b-4a96-a21e-10cd91375660,Dark-Dweller Oracle,{1}{R},2.0,Creature — Goblin Shaman,"{1}, Sacrifice a creature: Exile the top card of your library. You may play that card this turn. (You still pay its costs. You can play a land this way only if you have an available land play remaining.)",R,R,legal,not_legal,legal,4055e8a0-eb0d-4754-b07a-399cb914917c
a3435757-d049-4aaf-a2cb-897dd4940997,Darkness Descends,{2}{B}{B},4.0,Sorcery,Put two -1/-1 counters on each creature.,B,B,legal,legal,legal,c8aa3895-df83-4f8e-9e23-1a665614b662
a2529491-7389-4cfa-92d2-145eda779603,Darksteel Ingot,{3},3.0,Artifact,"Indestructible (Effects that say ""destroy"" don't destroy this artifact.)
{T}: Add one mana of any color.",,,legal,not_legal,legal,8dba9786-a504-49d0-9558-b70bf05bb694
4869a530-757f-4364-8d8e-4dc8001f433c,Darkwater Catacombs,,0.0,Land,"{1}, {T}: Add {U}{B}.",,BU,legal,not_legal,not_legal,5db9d318-7d50-47fb-9979-abd43641f887
cb490f3f-74ed-4d38-8eda-9948c095f3bc,Davriel's Shadowfugue,{3}{B},4.0,Sorcery,Target player discards two cards and loses 2 life.,B,B,legal,not_legal,legal,09c8fe63-37a7-478d-b9ba-33a0f6519cf1
1f2d1de6-42e0-4f45-b43d-ce4980146469,Dawn's Light Archer,{2}{G},3.0,Creature — Elf Archer,"Flash
Reach",G,G,legal,legal,legal,76e80656-6bcb-4d99-8bd2-ca5f75f40daf
2cabf7a4-17af-45c7-b314-a84f5dc0d070,Dawnhand Dissident,{B},1.0,Creature — Elf Warlock,"{T}, Blight 1: Surveil 1.
{T}, Blight 2: Exile target card from a graveyard.
During your turn, you may cast creature spells from among cards you own exiled with this creature by removing three counters from among creatures you control in addition to paying their other costs.",B,B,legal,legal,legal,6ac1f765-f348-4813-88dc-26376e0f3f33
57bbd80b-290f-461e-8dc6-26ba4d673fa9,Dawnhand Eulogist,{3}{B},4.0,Creature — Elf Warlock,"Menace (This creature can't be blocked except by two or more creatures.)
When this creature enters, mill three cards. Then if there is an Elf card in your graveyard, each opponent loses 2 life and you gain 2 life. (To mill three cards, put the top three cards of your library into your graveyard.)",B,B,legal,legal,legal,75a97f69-f3dc-4d33-8008-c1f1a7c15a2f
c2bfb230-6949-4d5e-8cac-9d7dafdc5e9a,Dawnstrike Paladin,{3}{W}{W},5.0,Creature — Human Knight,"Vigilance (Attacking doesn't cause this creature to tap.)
Lifelink (Damage dealt by this creature also causes you to gain that much life.)",W,W,legal,not_legal,legal,93cf5fb3-bb41-4efa-9721-2c2d169b05cd
44db1ff5-7082-4da4-8f4f-4a2d2e3d7666,Dazzling Reflection,{1}{W},2.0,Instant,"You gain life equal to target creature's power. The next time that creature would deal damage this turn, prevent that damage.",W,W,legal,not_legal,legal,f77977e8-25d8-4531-a6fc-8c46e6904670
e5fdd6fd-6492-47ec-8b74-9ff22ff9849a,Dead Man's Chest,{1}{B},2.0,Enchantment — Aura,"Enchant creature an opponent controls
When enchanted creature dies, exile cards equal to its power from the top of its owner's library. You may cast spells from among those cards for as long as they remain exiled, and mana of any type can be spent to cast them.",B,B,legal,not_legal,legal,7a0b60a2-50de-4328-85dc-040bf8a4dac9
4354eb0a-28c5-4f3f-8e78-fd7eec230c7b,Dead Revels,{3}{B},4.0,Sorcery,"Spectacle {1}{B} (You may cast this spell for its spectacle cost rather than its mana cost if an opponent lost life this turn.)
Return up to two target creature cards from your graveyard to your hand.",B,B,legal,not_legal,legal,f5b2c21a-419d-4896-82e3-1b5cb32b158e
b1804304-fac1-4b19-a48d-6ade9407972a,Dead Weight,{B},1.0,Enchantment — Aura,"Enchant creature
Enchanted creature gets -2/-2.",B,B,legal,legal,legal,a1a81554-50d4-4fe0-bf0d-5304f215d19e
04a3bb42-0464-4638-a6ac-d5f412c222cc,Deadly Visit,{3}{B}{B},5.0,Sorcery,"Destroy target creature.
Surveil 2. (Look at the top two cards of your library, then put any number of them into your graveyard and the rest on top of your library in any order.)",B,B,legal,not_legal,legal,462fe190-5264-42d8-bd27-23c5aa0c641f
c9bbebbd-9f2d-499c-adb1-8d3170c3fd0d,Deafening Clarion,{1}{R}{W},3.0,Sorcery,"Choose one or both —
• Deafening Clarion deals 3 damage to each creature.
• Creatures you control gain lifelink until end of turn.",RW,RW,legal,not_legal,legal,1e115a81-001d-4e17-98af-6a63f2b0967f
fa944633-e078-41bb-9c7d-4f6b669c27a5,Death Tyrant,{4}{B},5.0,Creature — Beholder Skeleton,"Menace
Negative Energy Cone — Whenever an attacking creature you control or a blocking creature an opponent controls dies, create a 2/2 black Zombie creature token.
{5}{B}: Return this card from your graveyard to the battlefield tapped.",B,B,legal,not_legal,not_legal,b9e508e9-c190-4db2-a278-9dbb09515ae2
71b5fdf2-4475-4102-85eb-9be164a9ae29,Deathbringer Regent,{5}{B}{B},7.0,Creature — Dragon,"Flying
When this creature enters, if you cast it from your hand and there are five or more other creatures on the battlefield, destroy all other creatures.",B,B,legal,not_legal,legal,63616933-bd19-4f74-abe0-52665a333dc4
2500a811-2435-4915-ac83-9bfe2887621a,Deathbringer Thoctar,{4}{B}{R},6.0,Creature — Zombie Beast,"Whenever another creature dies, you may put a +1/+1 counter on this creature.
Remove a +1/+1 counter from this creature: It deals 1 damage to any target.",BR,BR,legal,not_legal,legal,fdffa46e-8802-4479-a669-d33618f75d4f
52eab77d-9a07-4e14-8872-72681d3b3d0e,Debilitating Injury,{1}{B},2.0,Enchantment — Aura,"Enchant creature
Enchanted creature gets -2/-2.",B,B,legal,not_legal,legal,09b2b263-34db-4961-bf41-1eaaba3701da
d001321d-b272-4f94-a333-7cfe8482da20,Decommission,{2}{W},3.0,Instant,"Destroy target artifact or enchantment.
Revolt — If a permanent left the battlefield under your control this turn, you gain 3 life.",W,W,legal,not_legal,legal,1cca66e9-be21-4fc7-8951-cd99e9b213dc
96a6a8d4-6077-470f-984e-b576a24557a2,Decree of Savagery,{7}{G}{G},9.0,Instant,"Put four +1/+1 counters on each creature you control.
Cycling {4}{G}{G} ({4}{G}{G}, Discard this card: Draw a card.)
When you cycle this card, you may put four +1/+1 counters on target creature.",G,G,legal,not_legal,not_legal,ec6d7db1-eeb2-4e9e-9a4f-488595bbcf1c
54de4a7f-86f4-4029-80f7-bc25d6509cc8,Deep-Sea Kraken,{7}{U}{U}{U},10.0,Creature — Kraken,"This creature can't be blocked.
Suspend 9—{2}{U} (Rather than cast this card from your hand, you may pay {2}{U} and exile it with nine time counters on it. At the beginning of your upkeep, remove a time counter. When the last is removed, you may cast it without paying its mana cost. It has haste.)
Whenever an opponent casts a spell, if this card is suspended, remove a time counter from it.",U,U,legal,not_legal,legal,df5a543e-8416-4f01-91f5-e1ed87f1a510
812df594-75af-494f-be09-5f9633aca46a,Deepway Navigator,{W}{U},2.0,Creature — Merfolk Wizard,"Flash
When this creature enters, untap each other Merfolk you control.
As long as you attacked with three or more Merfolk this turn, Merfolk you control get +1/+0.",UW,UW,legal,legal,legal,d988e28b-fa60-4b60-8229-7a15932c784b
db849660-1ad4-4af4-8822-40ba6c0b6d73,Defiant Ogre,{5}{R},6.0,Creature — Ogre Warrior,"When this creature enters, choose one —
• Put a +1/+1 counter on this creature.
• Destroy target artifact.",R,R,legal,not_legal,legal,09cfd3d5-1b44-4dc7-b35d-703f3a75da88
f8c2d9c5-6fe6-4698-9972-83cdd625d94b,Defiant Strike,{W},1.0,Instant,"Target creature gets +1/+0 until end of turn.
Draw a card.",W,W,legal,not_legal,legal,dc183a40-7e15-40b1-9faa-b243401b3d10
c8f1e3bd-bbf0-4750-b054-03553fc61850,Demanding Dragon,{3}{R}{R},5.0,Creature — Dragon,"Flying
When this creature enters, it deals 5 damage to target opponent unless that player sacrifices a creature of their choice.",R,R,legal,not_legal,legal,31b73282-6207-4207-8b9c-86a8f9a263a2
13228a22-d63a-4952-a482-4f84da696e88,Demon's Grasp,{4}{B},5.0,Sorcery,Target creature gets -5/-5 until end of turn.,B,B,legal,not_legal,legal,8ee78a0d-8a76-4d21-b65c-03f27f1a96c5
195107ad-879d-4b02-a44a-a3ba70fedf88,Desert,,0.0,Land — Desert,"{T}: Add {C}.
{T}: This land deals 1 damage to target attacking creature. Activate only during the end of combat step.",,,legal,not_legal,legal,c74e13eb-6f82-4db1-9d0d-8310f48d9f6d
508f9e7e-2ff7-4593-b0a9-0612d7b5d646,Desert of the Mindful,,0.0,Land — Desert,"This land enters tapped.
{T}: Add {U}.
Cycling {1}{U} ({1}{U}, Discard this card: Draw a card.)",,U,legal,not_legal,legal,91b92d87-776c-490f-9ff1-234e47145df8
bd16434d-55ea-4c5a-a9ef-752971a4af16,Despark,{W}{B},2.0,Instant,Exile target permanent with mana value 4 or greater.,BW,BW,legal,not_legal,legal,970a63b9-c835-43f4-ba3e-f6b919a3f2d3
8f80a7be-3da3-4e84-82a8-dd5d4b2c3f32,Devilthorn Fox,{1}{W},2.0,Creature — Fox,,W,W,legal,not_legal,legal,57bea4c2-7a15-4f31-938d-c4c906e4ebe7
8f6620c3-2c15-467c-92ca-fdf9042a63f7,Devouring Hellion,{2}{R},3.0,Creature — Hellion,"As this creature enters, you may sacrifice any number of creatures and/or planeswalkers. If you do, it enters with twice that many +1/+1 counters on it.",R,R,legal,not_legal,legal,88205574-bf2b-46e7-aac7-4b8ea217f94c
e025c802-9862-4dee-8c2a-b875eb001714,Dhund Operative,{1}{B},2.0,Creature — Human Rogue,"As long as you control an artifact, this creature gets +1/+0 and has deathtouch.",B,B,legal,not_legal,legal,98f91094-5214-4268-8f91-5ba0b891256d
29ae4471-c28f-4e43-8afb-fee5023e4d08,Diamond Knight,{3},3.0,Artifact Creature — Knight,"Vigilance (Attacking doesn't cause this creature to tap.)
As this creature enters, choose a color.
Whenever you cast a spell of the chosen color, put a +1/+1 counter on this creature.",,,legal,not_legal,legal,eeab4819-dd26-4f5c-8538-50f2caca292d
378a1d57-e2f1-4b84-9692-1564602e9e99,Dimir Aqueduct,,0.0,Land,"This land enters tapped.
When this land enters, return a land you control to its owner's hand.
{T}: Add {U}{B}.",,BU,legal,not_legal,legal,b1b2af4a-2e26-4c66-b514-f9c3a96b0943
52d14717-0cbc-4d7e-b546-54ea91580338,Dimir Guildgate,,0.0,Land — Gate,"This land enters tapped.
{T}: Add {U} or {B}.",,BU,legal,legal,legal,b7129bdf-de02-4ed2-b5de-f774b8a7d302
5c58f2eb-2617-4d10-a393-6e4a9eddd1dd,Dinosaur Hunter,{1}{B},2.0,Creature — Human Pirate,"Whenever this creature deals damage to a Dinosaur, destroy that creature.",B,B,legal,not_legal,legal,93ff5a4e-9ec5-4b52-90f5-b8b6753c958d
7a3e50a5-c163-4c41-b62d-d52c233c55b7,Dire Fleet Daredevil,{1}{R},2.0,Creature — Human Pirate,"First strike
When this creature enters, exile target instant or sorcery card from an opponent's graveyard. You may cast it this turn, and mana of any type can be spent to cast that spell. If that spell would be put into a graveyard, exile it instead.",R,R,legal,not_legal,legal,28c3c7d7-bf25-4dd7-8fbf-4c8ae6603dd1
88b51e15-6630-4e14-a6b8-db0aa12e34ef,Disallow,{1}{U}{U},3.0,Instant,"Counter target spell, activated ability, or triggered ability. (Mana abilities can't be targeted.)",U,U,legal,not_legal,legal,25f05814-a5a5-460f-9d29-0ab03efecf4c
865a2194-fca0-446e-aae3-ca475cd66e00,Dismal Backwater,,0.0,Land,"This land enters tapped.
When this land enters, you gain 1 life.
{T}: Add {U} or {B}.",,BU,legal,legal,legal,63742780-47ee-4a66-993a-69e06c14967d
9d8fe3f8-5027-4f9e-999e-e277caa96478,Disperse,{1}{U},2.0,Instant,Return target nonland permanent to its owner's hand.,U,U,legal,not_legal,legal,2ff7c89c-41dc-4ac3-bbce-38ab86f435ea
9b084cd4-cc21-4f3a-9ac5-1e1160a31aa6,Disrupt Decorum,{2}{R}{R},4.0,Sorcery,"Goad all creatures you don't control. (Until your next turn, those creatures attack each combat if able and attack a player other than you if able.)",R,R,legal,not_legal,not_legal,bc91f0d5-6d50-4f71-a229-286364984e61
e76ae81f-729c-4def-ae83-6870a696cbe8,Disruptor of Currents,{3}{U}{U},5.0,Creature — Merfolk Wizard,"Flash
Convoke (Your creatures can help cast this spell. Each creature you tap while casting this spell pays for {1} or one mana of that creature's color.)
When this creature enters, return up to one other target nonland permanent to its owner's hand.",U,U,legal,legal,legal,4c6dbbaa-6844-4d7c-abbb-472a83bb99ab
717266b6-2bbc-4a04-8f30-e3eaf0283acd,Dissension in the Ranks,{3}{R}{R},5.0,Instant,Target blocking creature fights another target blocking creature.,R,R,legal,not_legal,legal,2c1b563a-7856-40bf-954a-a0110ed4880d
1b73639b-2b07-4e82-b990-ca7721074e43,Dissenter's Deliverance,{1}{G},2.0,Instant,"Destroy target artifact.
Cycling {G} ({G}, Discard this card: Draw a card.)",G,G,legal,not_legal,legal,543eb854-bac7-468f-b3b0-d9987cfac318
4b2e9aa9-6f91-41de-84b6-e9a89be06a53,Dissipate,{1}{U}{U},3.0,Instant,"Counter target spell. If that spell is countered this way, exile it instead of putting it into its owner's graveyard.",U,U,legal,not_legal,legal,dbcc571a-6d9c-4408-a352-ff96f9472b44
1eb4c001-1115-4b99-bbbf-703eb551a381,District Guide,{2}{G},3.0,Creature — Elf Scout,"When this creature enters, you may search your library for a basic land card or Gate card, reveal it, put it into your hand, then shuffle.",G,G,legal,not_legal,legal,c150deec-3287-40ef-9b9c-c22bf5d70b02
9e0d7408-3827-4a65-9905-9fef3ae23c7e,Divest,{B},1.0,Sorcery,Target player reveals their hand. You choose an artifact or creature card from it. That player discards that card.,B,B,legal,not_legal,legal,c6619810-7933-4844-8556-2a575ed7f18a
6add505a-9c0f-42e6-898d-be3194c3df33,Divine Arrow,{1}{W},2.0,Instant,Divine Arrow deals 4 damage to target attacking or blocking creature.,W,W,legal,not_legal,legal,73cbb58a-1b00-4883-9b45-da7ded7317e3
3070f997-24f2-471d-af96-a2f3b588198e,Divine Verdict,{3}{W},4.0,Instant,Destroy target attacking or blocking creature.,W,W,legal,not_legal,legal,1529d320-1240-429f-bf7a-4be29079b8bf
119585c7-ddfa-47ed-b2f8-488ebc156222,Diviner's Portent,{X}{U}{U}{U},3.0,Instant,"Roll a d20 and add the number of cards in your hand.
1—14 | Draw X cards.
15+ | Scry X, then draw X cards.",U,U,legal,not_legal,not_legal,725b8b21-64f0-4449-ad65-c8144e64836f
3c98c925-f380-4520-970d-4c1abbebefe3,Dominator Drone,{2}{B},3.0,Creature — Eldrazi Drone,"Devoid (This card has no color.)
Ingest (Whenever this creature deals combat damage to a player, that player exiles the top card of their library.)
When this creature enters, if you control another colorless creature, each opponent loses 2 life.",,B,legal,not_legal,legal,12e7e2b5-3141-4a19-aa49-91ab7e5c211c
59e7f2ae-4535-4191-98be-3e65b6b2befa,Doom Blade,{1}{B},2.0,Instant,Destroy target nonblack creature.,B,B,legal,not_legal,legal,176cdb4b-6ad4-4991-8456-28579640063d
155422a0-a0cd-4399-8ed9-fa68ac2c80a6,Doomed Necromancer,{2}{B},3.0,Creature — Human Cleric Mercenary,"{B}, {T}, Sacrifice this creature: Return target creature card from your graveyard to the battlefield.",B,B,legal,not_legal,legal,2d3225e8-9902-4826-9cb3-68ecfaebb1e9
f852bc33-e2f8-43be-9e6e-7badd1f894ef,Dose of Dawnglow,{4}{B},5.0,Instant,"Return target creature card from your graveyard to the battlefield. Then if it isn't your main phase, blight 2. (Put two -1/-1 counters on a creature you control.)",B,B,legal,legal,legal,47414323-ca30-45b7-a0b2-6668312bee04
1fd754fd-c053-4638-b379-46d903357b01,Douse in Gloom,{2}{B},3.0,Instant,Douse in Gloom deals 2 damage to target creature and you gain 2 life.,B,B,legal,not_legal,legal,9b710fcd-0721-4720-a8fa-6d9ceb7b8104
781cee5f-f9cb-42ed-b408-543d297bf96d,Draconic Disciple,{1}{R}{G},3.0,Creature — Human Shaman,"{T}: Add one mana of any color.
{7}, {T}, Sacrifice this creature: Create a 5/5 red Dragon creature token with flying.",GR,GR,legal,not_legal,legal,a353510a-30de-4891-97b9-d7d556531c41
843af5d3-447e-40e4-a562-f5a7ed09ca3e,Draconic Roar,{1}{R},2.0,Instant,"As an additional cost to cast this spell, you may reveal a Dragon card from your hand.
Draconic Roar deals 3 damage to target creature. If you revealed a Dragon card or controlled a Dragon as you cast this spell, Draconic Roar deals 3 damage to that creature's controller.",R,R,legal,not_legal,legal,6cf5591c-46e3-4904-8b4e-4f1f84d3118f
021d8596-782a-4cfd-8b70-ac5bb8a5aff1,Drag Under,{2}{U},3.0,Sorcery,"Return target creature to its owner's hand.
Draw a card.",U,U,legal,not_legal,legal,75eacac3-cba4-4c30-b1df-19fcc5f96076
83f7e8e5-d485-4571-9fa6-47b5e962d221,Dragon Bell Monk,{2}{W},3.0,Creature — Human Monk,"Vigilance
Prowess (Whenever you cast a noncreature spell, this creature gets +1/+1 until end of turn.)",W,W,legal,not_legal,legal,7ed0c9c7-e50d-4bcf-a90e-89cb441de0af
8f561498-66e7-4cbf-8cb9-e6fd4717993d,Dragon Egg,{2}{R},3.0,Creature — Dragon Egg,"Defender
When this creature dies, create a 2/2 red Dragon creature token with flying and ""{R}: This token gets +1/+0 until end of turn.""",R,R,legal,not_legal,legal,8d9fb609-3df9-42e9-b15e-39d18661526a
eab71e4e-27c3-4c41-b95f-259c1d14b97a,Dragon Mage,{5}{R}{R},7.0,Creature — Dragon Wizard,"Flying
Whenever this creature deals combat damage to a player, each player discards their hand, then draws seven cards.",R,R,legal,legal,legal,5195abc4-cfa7-45dd-aa96-2e56f818a17b
b9bacb46-fd1d-459b-81c2-d7d08fe73848,Dragon Tempest,{1}{R},2.0,Enchantment,"Whenever a creature you control with flying enters, it gains haste until end of turn.
Whenever a Dragon you control enters, it deals X damage to any target, where X is the number of Dragons you control.",R,R,legal,not_legal,legal,39ac7ad0-e570-4209-988c-7c0f9b9d2004
bd8d707d-1201-42c6-bce6-fbda12ce5ea8,Dragon's Claw,{2},2.0,Artifact,"Whenever a player casts a red spell, you may gain 1 life.",,,legal,not_legal,legal,0d732b87-08e5-41b6-8448-62dd6bf20d9c
8cf77dc4-763b-41b7-a5da-0ef2734f08e6,Dragon's Hoard,{3},3.0,Artifact,"Whenever a Dragon you control enters, put a gold counter on this artifact.
{T}, Remove a gold counter from this artifact: Draw a card.
{T}: Add one mana of any color.",,,legal,not_legal,legal,8845aa0f-f52d-4d9e-a4e2-1cadad84f948
9e51ccf9-d55d-4231-8ff5-ef3ca1485c8d,Dragonborn Champion,{2}{R}{G},4.0,Creature — Dragon Warrior,"Trample
Whenever a source you control deals 5 or more damage to a player, draw a card.",GR,GR,legal,not_legal,not_legal,9f6e43a7-84b9-4e89-bfe1-442d08df34d8
faf81ae0-0b35-45ef-a50d-6cecf0c0eeeb,Dragonlord's Servant,{1}{R},2.0,Creature — Goblin Shaman,Dragon spells you cast cost {1} less to cast.,R,R,legal,legal,legal,03a4e477-22d4-49b4-8e36-160bb4810e2b
b6fb79c3-cd32-4045-8177-e52841eea65b,Dragonmaster Outcast,{R},1.0,Creature — Human Shaman,"At the beginning of your upkeep, if you control six or more lands, create a 5/5 red Dragon creature token with flying.",R,R,legal,legal,legal,2dfc4cfe-d1f7-43e4-a543-35c050d01a8f
fb16c4b0-9ac4-4664-9b57-97bfc22e5de9,Dragonrage,{2}{R},3.0,Instant,"Add {R} for each attacking creature you control. Until end of turn, attacking creatures you control gain ""{R}: This creature gets +1/+0 until end of turn.""",R,R,legal,not_legal,legal,77b7bf2a-9d68-4aa8-a0b1-5df22a5a3c1b
629b3aee-b8fd-495a-a988-815a0aaf3e82,Dragonscale Boon,{3}{G},4.0,Instant,Put two +1/+1 counters on target creature and untap it.,G,G,legal,not_legal,legal,5aadb382-f912-4ccb-98bc-1abdef733126
6a29f36b-7911-4d84-a3ae-546b131d5159,Dragonspeaker Shaman,{1}{R}{R},3.0,Creature — Human Barbarian Shaman,Dragon spells you cast cost {2} less to cast.,R,R,legal,not_legal,not_legal,7b0a2799-197e-4d61-ab23-67d974458a05
4fbb8e03-22f1-4171-88e9-877244e25613,Dreadhorde Twins,{3}{R},4.0,Creature — Zombie Jackal Warrior,"When this creature enters, amass Zombies 2. (Put two +1/+1 counters on an Army you control. It's also a Zombie. If you don't control an Army, create a 0/0 black Zombie Army creature token first.)
Zombie tokens you control have trample.",R,R,legal,not_legal,legal,82017bf6-352f-4e81-8fd5-c1b0daf05b01
e6e70eb3-3da5-4052-9f62-2960a30d4b41,Dreadwaters,{3}{U},4.0,Sorcery,"Target player mills X cards, where X is the number of lands you control.",U,U,legal,not_legal,legal,88245a41-d4d5-46bf-969f-48d4dd540e2c
504cc26d-3fd5-4391-9d30-f0614e5c8bbc,Dream Pillager,{5}{R}{R},7.0,Creature — Dragon,"Flying
Whenever this creature deals combat damage to a player, exile that many cards from the top of your library. Until end of turn, you may cast spells from among those exiled cards.",R,R,legal,not_legal,not_legal,f872b587-0afe-4aeb-b0bf-43ec692d495a
c7e4bc5d-e1d9-4fbc-8d53-0cec73086828,Dream Seizer,{3}{B},4.0,Creature — Faerie Rogue,"Flying
When this creature enters, you may blight 1. If you do, each opponent discards a card. (To blight 1, put a -1/-1 counter on a creature you control.)",B,B,legal,legal,legal,3573f425-9251-4c17-9619-15278ce5d8fb
0e2575be-c596-4c8c-bf07-7941ca065721,Dreamstone Hedron,{6},6.0,Artifact,"{T}: Add {C}{C}{C}.
{3}, {T}, Sacrifice this artifact: Draw three cards.",,,legal,not_legal,legal,25c5e6f8-eec6-4a90-b7c6-36f882bab64a
73520b5a-3d55-40c9-af60-90fdd811934f,"Dromoka, the Eternal",{3}{G}{W},5.0,Legendary Creature — Dragon,"Flying
Whenever a Dragon you control attacks, bolster 2. (Choose a creature with the least toughness among creatures you control and put two +1/+1 counters on it.)",GW,GW,legal,not_legal,legal,b8db6ab8-cd12-431a-bf18-28464cf03509
5bb32efd-9e58-4021-bbda-4ffccfa1d601,Druid of Purification,{3}{G},4.0,Creature — Human Druid,"When this creature enters, starting with you, each player may choose an artifact or enchantment you don't control. Destroy each permanent chosen this way.",G,G,legal,not_legal,not_legal,096c2b28-3e29-4c27-998d-51bff0ba96c5
b1793c3b-25d6-4fae-a99d-cfdd2210ca67,Druid of the Cowl,{1}{G},2.0,Creature — Elf Druid,{T}: Add {G}.,G,G,legal,legal,legal,76ceff1d-9e83-41cc-b54b-8bf90d985da9
5c43c1d7-1899-45c1-992b-443873890d78,Dryad Greenseeker,{1}{G},2.0,Creature — Dryad,"{T}: Look at the top card of your library. If it's a land card, you may reveal it and put it into your hand.",G,G,legal,not_legal,legal,30171803-1e7b-430b-a0de-2dfd2f1115ac
e56056dc-637e-4229-ae2c-dfd06d24086b,Dual Shot,{R},1.0,Instant,Dual Shot deals 1 damage to each of up to two target creatures.,R,R,legal,not_legal,legal,b7ac4fa4-4a03-41a9-b7e4-c3a6da89472f
abc5ac3e-f196-49df-8a9d-16df3114ffad,Dukhara Peafowl,{4},4.0,Artifact Creature — Bird,{U}: This creature gains flying until end of turn.,,U,legal,not_legal,legal,e5c54795-d555-4972-b72d-b2d2374bed9b
3f79603a-3173-404e-8c69-b2254c1270dc,Dune Beetle,{1}{B},2.0,Creature — Insect,,B,B,legal,not_legal,legal,923cb904-c725-4d57-bc17-7aa87a7cd8e0
b32649cb-bf5c-45fa-86f0-8bf4e8555f06,Dune Drifter,{X}{W}{B},2.0,Artifact — Vehicle,"When this Vehicle enters, return target artifact or creature card with mana value X or less from your graveyard to the battlefield.
Crew 2 (Tap any number of creatures you control with total power 2 or more: This Vehicle becomes an artifact creature until end of turn.)",BW,BW,legal,legal,legal,36185de4-55c2-4e5d-9bcc-ea12b7052728
c761f71c-785c-4533-a2b7-2da3667688b8,Dunes of the Dead,,0.0,Land — Desert,"{T}: Add {C}.
When this land is put into a graveyard from the battlefield, create a 2/2 black Zombie creature token.",,,legal,not_legal,legal,326c7483-2c45-4804-85c4-d40ecdba4fc7
20f1bba5-d398-4d6e-a76a-75e29df42aec,Dungeon Map,{3},3.0,Artifact,"{T}: Add {C}.
{3}, {T}: Venture into the dungeon. Activate only as a sorcery. (Enter the first room or advance to the next room.)",,,legal,not_legal,legal,028506ad-ad36-44e5-b488-d038e2d2445f
33d405ea-7a9a-4970-b70f-9c05d90dd6f0,Duress,{B},1.0,Sorcery,"Target opponent reveals their hand. You choose a noncreature, nonland card from it. That player discards that card.",B,B,legal,legal,legal,b433b9fc-69fc-4a57-a16b-f1afd3033b56
ea2dce18-195e-4681-a687-f9819edaf9fc,Dusk Legion Zealot,{1}{B},2.0,Creature — Vampire Soldier,"When this creature enters, you draw a card and you lose 1 life.",B,B,legal,not_legal,legal,3190cea3-fbea-464f-999b-4b4473be745e
c8f958da-3a31-4064-9a78-66e9b65b85ab,Dutiful Return,{3}{B},4.0,Sorcery,Return up to two target creature cards from your graveyard to your hand.,B,B,legal,not_legal,legal,55d6cb71-c911-4f82-93e9-654e8ffa85c9
48a8fce6-b493-4b1d-8ac8-2a4f4b4781b5,Dwindle,{2}{U},3.0,Enchantment — Aura,"Enchant creature
Enchanted creature gets -6/-0.
When enchanted creature blocks, destroy it. (The attacking creature remains blocked.)",U,U,legal,not_legal,legal,cb38f190-30f0-49ca-99c3-d3cdf21075e8
3d4a7dd3-9258-4bd1-adc4-08f0205e196a,Dwynen's Elite,{1}{G},2.0,Creature — Elf Warrior,"When this creature enters, if you control another Elf, create a 1/1 green Elf Warrior creature token.",G,G,legal,legal,legal,8abb79f6-e54c-4c37-8cc5-115a737898a0
30d0d75f-e94c-460b-b957-9f1d655c0f65,"Dwynen, Gilt-Leaf Daen",{2}{G}{G},4.0,Legendary Creature — Elf Warrior,"Reach (This creature can block creatures with flying.)
Other Elf creatures you control get +1/+1.
Whenever Dwynen attacks, you gain 1 life for each attacking Elf you control.",G,G,legal,legal,legal,868bb9fc-6b55-471c-9963-055ed2221526
954836f8-c225-450a-bb51-f2adb6923ef5,Eagle of the Watch,{2}{W},3.0,Creature — Bird,"Flying, vigilance",W,W,legal,not_legal,legal,dc4b6fb1-dc06-48f4-aae2-aa8bbb573548
043d8dee-379f-4706-ad47-0bb562717007,Earth-Cult Elemental,{4}{R}{R},6.0,Creature — Elemental,"Siege Monster — When this creature enters, roll a d20.
1—9 | Each player sacrifices a permanent of their choice.
10—19 | Each opponent sacrifices a permanent of their choice.
20 | Each opponent sacrifices two permanents of their choice.",R,R,legal,not_legal,legal,fa05f317-b2f8-4eea-951b-0c374774764b
9a40614b-50a3-422c-849e-53c8b7d3d204,Earthquake,{X}{R},1.0,Sorcery,Earthquake deals X damage to each creature without flying and each player.,R,R,legal,not_legal,legal,7cf2f3c7-66b2-48f6-97ef-09150903df7e
2a2f2d6c-3937-4e4b-9e4a-3480e0c787d0,Ebony Fly,{2},2.0,Artifact,"This artifact enters tapped.
{T}: Add {C}.
{4}: Roll a d6. Until end of turn, you may have this artifact become an X/X Insect artifact creature with flying, where X is the result.
Whenever this artifact attacks, another target attacking creature gains flying until end of turn.",,,legal,not_legal,not_legal,7f11245d-9e80-42b0-b371-21e990a2e6ef
17134950-fdb3-48d0-b541-419db673f4c9,Echo Circlet,{2},2.0,Artifact — Equipment,"Equipped creature can block an additional creature each combat.
Equip {1}",,,legal,not_legal,legal,49e661c6-bc3e-45b4-ae1c-5002e381faf3
7c89ef4d-b375-4644-ac8b-034effdbe98c,Eclipsed Elf,{B/G}{B/G}{B/G},3.0,Creature — Elf Scout,"When this creature enters, look at the top four cards of your library. You may reveal an Elf, Swamp, or Forest card from among them and put it into your hand. Put the rest on the bottom of your library in a random order.",BG,BG,legal,legal,legal,57708ef7-ef10-49c4-8cf7-7055cf7280a0
48c641df-d511-4e35-b623-9d1fdb5240da,Eclipsed Flamekin,{1}{U/R}{U/R},3.0,Creature — Elemental Scout,"When this creature enters, look at the top four cards of your library. You may reveal an Elemental, Island, or Mountain card from among them and put it into your hand. Put the rest on the bottom of your library in a random order.",RU,RU,legal,legal,legal,6271b82d-5922-4de0-b763-129908ece6ee
a3a00b62-f07e-44ef-8d97-22a3e7a06f72,Eclipsed Merrow,{W/U}{W/U}{W/U},3.0,Creature — Merfolk Scout,"When this creature enters, look at the top four cards of your library. You may reveal a Merfolk, Plains, or Island card from among them and put it into your hand. Put the rest on the bottom of your library in a random order.",UW,UW,legal,legal,legal,2352750d-404d-4928-9bdb-1b0db599b70f
748729bf-bfa0-4cbf-b643-ed5d7d007081,Eddytrail Hawk,{1}{W},2.0,Creature — Bird,"Flying
When this creature enters, you get {E}{E} (two energy counters).
Whenever this creature attacks, you may pay {E}. If you do, another target attacking creature gains flying until end of turn.",W,W,legal,not_legal,legal,81dcaec6-4cb9-46d8-aed1-46f33c67dff2
4be1ecd0-ee41-4ac0-9155-0fcae7a4d337,Eel Umbra,{1}{U},2.0,Enchantment — Aura,"Flash (You may cast this spell any time you could cast an instant.)
Enchant creature
Enchanted creature gets +1/+1.
Umbra armor (If enchanted creature would be destroyed, instead remove all damage from it and destroy this Aura.)",U,U,legal,not_legal,legal,2c60fcaa-ef75-42e4-b255-066e345e45b8
882a9dc9-b1bb-4be8-850f-e28bad8f5840,Efreet Weaponmaster,{3}{U}{R}{W},6.0,Creature — Efreet Monk,"First strike
When this creature enters or is turned face up, another target creature you control gets +3/+0 until end of turn.
Morph {2}{U}{R}{W} (You may cast this card face down as a 2/2 creature for {3}. Turn it face up any time for its morph cost.)",RUW,RUW,legal,not_legal,legal,8986cb2e-76e0-41f3-8810-3d11c39a527a
7edb3d15-4f70-4ebe-8c5e-caf6a225076d,"Eiganjo, Seat of the Empire",,0.0,Legendary Land,"{T}: Add {W}.
Channel — {2}{W}, Discard this card: It deals 4 damage to target attacking or blocking creature. This ability costs {1} less to activate for each legendary creature you control.",,W,legal,not_legal,legal,7c31c48f-6275-4430-8dc9-05d70c332b7a
9b1f552a-bddc-4fcb-ac67-b4a65b2f48ba,Eldrazi Displacer,{2}{W},3.0,Creature — Eldrazi,"Devoid (This card has no color.)
{2}{C}: Exile another target creature, then return it to the battlefield tapped under its owner's control. ({C} represents colorless mana.)",,W,legal,not_legal,legal,f0bb1a5c-0f59-4951-827f-fe9df968232d
b5661289-a03c-40fc-a1e4-f602adb56f81,Eldrazi Skyspawner,{2}{U},3.0,Creature — Eldrazi Drone,"Devoid (This card has no color.)
Flying
When this creature enters, create a 1/1 colorless Eldrazi Scion creature token. It has ""Sacrifice this token: Add {C}.""",,U,legal,not_legal,legal,9c9c1a10-446e-492a-95cc-a459dc6c08a0
7fab8d65-af51-47d3-8f10-2676bf6e8ba3,Eldrazi Temple,,0.0,Land,"{T}: Add {C}.
{T}: Add {C}{C}. Spend this mana only to cast colorless Eldrazi spells or activate abilities of colorless Eldrazi.",,,legal,not_legal,legal,c42049e2-fe4e-4fe9-9599-faf1af50b97d
da952213-9a3c-4e13-bc5a-55d1e5dbaa5b,Electrify,{3}{R},4.0,Instant,Electrify deals 4 damage to target creature.,R,R,legal,not_legal,legal,60bee89d-d916-4095-830f-6270f8c4f0d8
a9ea980e-4734-45e5-b5b7-4ec092db3299,Elemental,,0.0,Token Creature — Elemental,,GR,GR,not_legal,not_legal,not_legal,1ab6cab4-a3a5-4b48-832a-1d486e8094a5
28cd830b-def6-4aa3-a0f6-6913bcdf931e,Elemental Bird,,0.0,Token Creature — Elemental Bird,Flying,U,U,not_legal,not_legal,not_legal,a5582cd9-97e7-426f-a084-c05e2113ad13
d9a7e5a6-3e41-4fc6-987a-18fe1b9d67dd,Elemental Bond,{2}{G},3.0,Enchantment,"Whenever a creature you control with power 3 or greater enters, draw a card.",G,G,legal,not_legal,legal,7170ad9e-f43d-46e2-a9dd-97be31099c02
c52d1bba-36d5-4ecc-bea2-847285e0cb71,Elf,,0.0,Token Creature — Elf,,BG,,not_legal,not_legal,not_legal,39b36f22-21f9-44fe-8a49-bdc859503342
cade8b94-2998-4d23-87bb-9fbdddd19dea,Elfhame Palace,,0.0,Land,"This land enters tapped.
{T}: Add {G} or {W}.",,GW,legal,not_legal,legal,1ddd0084-349d-4d5f-86af-a3a65dcce73a
204b71fc-4d5f-40dd-903d-56c733171d84,Elixir of Immortality,{1},1.0,Artifact,"{2}, {T}: You gain 5 life. Shuffle this artifact and your graveyard into their owner's library.",,,legal,not_legal,legal,3d19d950-9e63-4b15-8531-f4b16f5b82fa
6e2c2423-d854-4478-99e6-64f29851f026,Elvish Archdruid,{1}{G}{G},3.0,Creature — Elf Druid,"Other Elf creatures you control get +1/+1.
{T}: Add {G} for each Elf you control.",G,G,legal,legal,legal,1eb230a8-08d6-46a8-87fb-3c1614550f16
6e9fe674-44c8-4ab4-a0ef-ae71d65bbcc0,Elvish Branchbender,{2}{G},3.0,Creature — Elf Druid,"{T}: Until end of turn, target Forest becomes an X/X Treefolk creature in addition to its other types, where X is the number of Elves you control.",G,G,legal,not_legal,legal,f3731491-097c-4915-acab-1da2d5176b37
3f3b2c10-21f8-4e13-be83-4ef3fa36e123,Elvish Mystic,{G},1.0,Creature — Elf Druid,{T}: Add {G}.,G,G,legal,not_legal,legal,d618c3ea-f823-4fe0-8e11-65d5965528d3
71d14755-b81d-4aec-b94d-1637884a5844,Elvish Rejuvenator,{2}{G},3.0,Creature — Elf Druid,"When this creature enters, look at the top five cards of your library. You may put a land card from among them onto the battlefield tapped. Put the rest on the bottom of your library in a random order.",G,G,legal,not_legal,legal,27e4eef3-06a4-4d48-85f3-88fb33e9122a
4163aa30-7e3d-424f-b003-f4a300f0071e,Elvish Vanguard,{1}{G},2.0,Creature — Elf Warrior,"Whenever another Elf enters, put a +1/+1 counter on this creature.",G,G,legal,not_legal,not_legal,838a8d40-5268-467e-8d14-d9fd72253df6
c6a3a882-a127-4590-93d7-679ef4313efe,Elvish Visionary,{1}{G},2.0,Creature — Elf Shaman,"When this creature enters, draw a card.",G,G,legal,not_legal,legal,367ef35a-528b-407c-8b8d-679109662bae
5bb4ee32-11c6-4ed4-a071-c3cf48070fff,Embalmer's Tools,{2},2.0,Artifact,"Activated abilities of creature cards in your graveyard cost {1} less to activate.
Tap an untapped Zombie you control: Target player mills a card.",,,legal,not_legal,legal,7c044f47-7435-4cb4-b4ad-48bb146daa9f
0b21ab85-2405-4410-9624-fb3c7d11ba56,Ember-Eye Wolf,{1}{R},2.0,Creature — Wolf,"Haste
{1}{R}: This creature gets +2/+0 until end of turn.",R,R,legal,not_legal,legal,98fe1e1e-b14a-4efe-894b-b9da635f007f
3a59c882-8bb8-49ba-862f-125020dd5bec,Empty the Warrens,{3}{R},4.0,Sorcery,"Create two 1/1 red Goblin creature tokens.
Storm (When you cast this spell, copy it for each spell cast before it this turn.)",R,R,legal,not_legal,legal,42418f91-c7a9-461a-b00c-bba184e2a917
1ee811fb-c25d-4cf5-b396-539c36e8f90f,Emrakul's Hatcher,{4}{R},5.0,Creature — Eldrazi Drone,"When this creature enters, create three 0/1 colorless Eldrazi Spawn creature tokens. They have ""Sacrifice this token: Add {C}.""",R,R,legal,not_legal,legal,35fab29d-1bcc-4ba0-90bf-427d95bf6699
7668f7bc-9a43-4024-87c3-995aa0a65aaa,Encumbered Reejerey,{1}{W},2.0,Creature — Merfolk Soldier,"This creature enters with three -1/-1 counters on it.
Whenever this creature becomes tapped while it has a -1/-1 counter on it, remove a -1/-1 counter from it.",W,W,legal,legal,legal,15ff6797-f59c-4333-98ea-5711150fd5b8
69b52907-8aff-4f2a-a391-7d1ab2669b5c,End-Raze Forerunners,{5}{G}{G}{G},8.0,Creature — Boar,"Vigilance, trample, haste
When this creature enters, other creatures you control get +2/+2 and gain vigilance and trample until end of turn.",G,G,legal,not_legal,legal,a50d79fe-6d37-42f3-b7b0-0c3018282fa2
7a51780a-fa28-4ee0-94c7-4330800ca9cb,Endless One,{X},0.0,Creature — Eldrazi,This creature enters with X +1/+1 counters on it.,,,legal,not_legal,legal,64820f4f-1f78-4338-beb8-5ed5a447cfe4
4e1f4211-5865-492d-b850-0d36ac12e857,Enforcer Griffin,{4}{W},5.0,Creature — Griffin,Flying,W,W,legal,not_legal,legal,e4d6d488-01df-4d61-92ff-9881838b4018
397964db-465a-407d-9dc7-d0a4944473ac,Enhanced Awareness,{4}{U},5.0,Instant,"Draw three cards, then discard a card.",U,U,legal,not_legal,legal,21df7db7-c23b-4dca-b9c8-c785d7007285
e35d7886-8c03-471c-b598-118d7eceddb4,Enraged Flamecaster,{2}{R},3.0,Creature — Elemental Sorcerer,"Reach
Whenever you cast a spell with mana value 4 or greater, this creature deals 2 damage to each opponent.",R,R,legal,legal,legal,104baa2c-75c5-44fc-a3b9-b19efcf3d7c2
4b031bb3-4bbc-4158-8485-b3fc42c6bd50,Enter the Unknown,{G},1.0,Sorcery,"Target creature you control explores. (Reveal the top card of your library. Put that card into your hand if it's a land. Otherwise, put a +1/+1 counter on the creature, then put the card back or put it into your graveyard.)
You may play an additional land this turn.",G,G,legal,not_legal,legal,96acf94b-75bb-4f0e-92be-978ce5920710
bdb319a6-a1cd-44f5-999d-af1bb55b2fc4,Epicure of Blood,{4}{B},5.0,Creature — Vampire,"Whenever you gain life, each opponent loses 1 life.",B,B,legal,not_legal,legal,40b03528-f4ec-4825-ba4c-c485cb4eab3a
8c8c12ff-24ff-4279-9bde-da8899d2c2d5,Equestrian Skill,{3}{G},4.0,Enchantment — Aura,"Enchant creature
Enchanted creature gets +3/+3.
As long as enchanted creature is a Human, it has trample.",G,G,legal,not_legal,legal,f9af14d1-a304-4744-9d6f-9ff5fcd92ad3
a6d646e8-0d84-489b-a46a-3bd5b1141864,Era of Enlightenment // Hand of Enlightenment,,2.0,Enchantment — Saga // Enchantment Creature — Human Monk,,,W,legal,not_legal,legal,74f43827-2b9b-4fc9-a6e2-c682dfbf14f7
19a11c33-269a-45d3-86c7-827965053f26,Erratic Cyclops,{3}{R},4.0,Creature — Cyclops Shaman,"Trample
Whenever you cast an instant or sorcery spell, this creature gets +X/+0 until end of turn, where X is that spell's mana value.",R,R,legal,not_legal,legal,c310df89-d894-40ab-ae34-7d0bfd19a1af
334c0913-0ce0-4934-979d-64dbc1ec4aa2,Erratic Visionary,{1}{U},2.0,Creature — Human Wizard,"{1}{U}, {T}: Draw a card, then discard a card.",U,U,legal,not_legal,legal,03188bc3-0ef1-40cd-9c3c-4bb4d806fb92
6b9cd3d0-4316-4945-b960-12f51052d260,Esper Panorama,,0.0,Land,"{T}: Add {C}.
{1}, {T}, Sacrifice this land: Search your library for a basic Plains, Island, or Swamp card, put it onto the battlefield tapped, then shuffle.",,,legal,not_legal,legal,73fbd385-c5c4-45da-8a6d-9597bf904294
14363df6-ac0f-476a-bbd8-ce351de0babf,Essence Extraction,{1}{B}{B},3.0,Instant,Essence Extraction deals 3 damage to target creature and you gain 3 life.,B,B,legal,not_legal,legal,d7693c10-5ebb-4896-bb60-63d03577dd60
078def07-ae5d-4591-8db6-d156834aab97,"Etali, Primal Storm",{4}{R}{R},6.0,Legendary Creature — Elder Dinosaur,"Whenever Etali attacks, exile the top card of each player's library, then you may cast any number of spells from among those cards without paying their mana costs.",R,R,legal,legal,legal,5ed1070d-fc21-4f4c-8e6e-5e4a2e6e2dce
04d8615c-3883-4251-9790-1d8a4a40e142,Eternal Dragon,{5}{W}{W},7.0,Creature — Dragon Spirit,"Flying
{3}{W}{W}: Return this card from your graveyard to your hand. Activate only during your upkeep.
Plainscycling {2} ({2}, Discard this card: Search your library for a Plains card, reveal it, put it into your hand, then shuffle.)",W,W,legal,not_legal,not_legal,0f57fc0c-cab1-4eb0-a58a-0c7a762f1572
5c09d646-afea-4fd0-9752-04820b81cc5b,Eternal of Harsh Truths,{2}{U},3.0,Creature — Zombie Cleric,"Afflict 2 (Whenever this creature becomes blocked, defending player loses 2 life.)
Whenever this creature attacks and isn't blocked, draw a card.",U,U,legal,not_legal,legal,0389daf7-0818-488f-8e6a-94818a6c94a6
c0604afb-eae2-41c8-b390-dbc0f7e025ed,Ethereal Ambush,{3}{G}{U},5.0,Instant,"Manifest the top two cards of your library. (To manifest a card, put it onto the battlefield face down as a 2/2 creature. Turn it face up any time for its mana cost if it's a creature card.)",GU,GU,legal,not_legal,legal,825d3f4d-eba3-4c45-8846-03b246e93f6c
0e24c0d2-2333-425c-952e-9a13e6519cd3,Ethereal Guidance,{2}{W},3.0,Sorcery,Creatures you control get +2/+1 until end of turn.,W,W,legal,not_legal,legal,f47dd220-6193-4e31-a1df-591b6424ad27
4fbe1c02-f5bf-47c7-80de-09a32d01e5db,Evangel of Heliod,{4}{W}{W},6.0,Creature — Human Cleric,"When this creature enters, create a number of 1/1 white Soldier creature tokens equal to your devotion to white. (Each {W} in the mana costs of permanents you control counts toward your devotion to white.)",W,W,legal,not_legal,legal,bb914a85-3755-4663-8309-6f6d0319262e
c3a89c67-1931-4d42-98c8-94a40cfd046e,Eviscerate,{3}{B},4.0,Sorcery,Destroy target creature.,B,B,legal,not_legal,legal,62ba90b8-3a30-4058-b8d3-72900b1f4fe0
a75445d3-1303-4bb5-89ad-26ea93fecd48,Evolving Wilds,,0.0,Land,"{T}, Sacrifice this land: Search your library for a basic land card, put it onto the battlefield tapped, then shuffle.",,,legal,legal,legal,1d8bbc93-4bb8-4cba-b284-5149ac71767d
27b047e3-0d41-45e2-98e9-9391d7923a1e,Exotic Orchard,,0.0,Land,{T}: Add one mana of any color that a land an opponent controls could produce.,,,legal,not_legal,legal,c5a8de0f-726a-4ea3-9215-5188f7181951
3501a839-eef5-44e4-8637-b5754780454e,Expedite,{R},1.0,Instant,"Target creature gains haste until end of turn.
Draw a card.",R,R,legal,not_legal,legal,59c65eb7-4353-45ce-9c2e-1791c2804ccf
b8f566ea-8283-4afa-9ac8-737e26419283,Explore,{1}{G},2.0,Sorcery,"You may play an additional land this turn.
Draw a card.",G,G,legal,not_legal,legal,59c33065-1bdd-4257-9e74-1f2aacf063c5
a563ede9-b92f-4285-88f8-abcbdd017742,Explorer's Scope,{1},1.0,Artifact — Equipment,"Whenever equipped creature attacks, look at the top card of your library. If it's a land card, you may put it onto the battlefield tapped.
Equip {1} ({1}: Attach to target creature you control. Equip only as a sorcery.)",,,legal,not_legal,legal,1ef03100-f095-43e4-a697-2f473779b5a9
ab8301da-f9f7-4d90-afae-bd7e60834c22,Explosive Apparatus,{1},1.0,Artifact,"{3}, {T}, Sacrifice this artifact: It deals 2 damage to any target.",,,legal,not_legal,legal,608f431b-a05c-4610-94f7-928d87b2c056
bb0eb9c2-c26d-452d-9e02-fc0bec2655c4,Extract Brain,{X}{U}{B},2.0,Sorcery,Target opponent chooses X cards from their hand. Look at those cards. You may cast a spell from among them without paying its mana cost.,BU,BU,legal,not_legal,not_legal,344e9383-5481-4abe-a59d-3a0145b7cca2
d7ebd4a7-c542-469f-8a1c-d48b92fa540a,Exultant Skymarcher,{1}{W}{W},3.0,Creature — Vampire Soldier,Flying,W,W,legal,not_legal,legal,fffe7b2b-22c3-4e6a-9b1b-c6d7b29b9f86
89661ef9-cb42-401a-ae45-b57bb8dac033,Eye Gouge,{B},1.0,Instant,"Target creature gets -1/-1 until end of turn. If it's a Cyclops, destroy it.",B,B,legal,not_legal,legal,94d4eb34-0529-48a0-ac52-b57cead7b651
bcaf3f32-c4e5-4d39-be98-bfc00327021b,Ezuri's Archers,{G},1.0,Creature — Elf Archer,"Reach (This creature can block creatures with flying.)
Whenever this creature blocks a creature with flying, this creature gets +3/+0 until end of turn.",G,G,legal,not_legal,legal,f909f002-f419-4292-ad92-05c4fd71749d
6734497c-16f0-4c4b-ba24-337333511fc6,"Ezuri, Renegade Leader",{1}{G}{G},3.0,Legendary Creature — Elf Warrior,"{G}: Regenerate another target Elf.
{2}{G}{G}{G}: Elf creatures you control get +3/+3 and gain trample until end of turn.",G,G,legal,not_legal,legal,8a448dbf-08a1-4145-a4b2-0265cc9f2e53
521939c6-cf5a-4b92-874f-11f2889061d7,Faerie,,0.0,Token Creature — Faerie,Flying,BU,,not_legal,not_legal,not_legal,01524db2-c96f-4902-8394-bc7a7128e573
ccbf7141-69c9-407d-b68e-c1c63ddef213,Faerie Duelist,{1}{U},2.0,Creature — Faerie Rogue,"Flash
Flying
When this creature enters, target creature an opponent controls gets -2/-0 until end of turn.",U,U,legal,not_legal,legal,a7da9c9b-aeef-4f48-bc8f-39425841cc8c
dd2510cd-356c-4d5a-8e5d-e44872eba60b,Faerie Miscreant,{U},1.0,Creature — Faerie Rogue,"Flying
When this creature enters, if you control another creature named Faerie Miscreant, draw a card.",U,U,legal,not_legal,legal,28aa0337-94bd-4274-b2ee-6f43747c77b3
3739b179-bc81-4737-8376-66a57e16b942,Falkenrath Noble,{3}{B},4.0,Creature — Vampire Noble,"Flying
Whenever this creature or another creature dies, target player loses 1 life and you gain 1 life.",B,B,legal,not_legal,legal,65b51d77-2335-4170-8d86-96052e9dc260
6cfd9d88-f450-4408-bbe2-94a2d295b24a,Falkenrath Reaver,{1}{R},2.0,Creature — Vampire,,R,R,legal,not_legal,legal,d7b5913e-a103-4e4a-9281-8b88c1fb746e
5ad33099-0392-4f68-a4c5-7fa3ef2d473e,Fall of the Gavel,{3}{W}{U},5.0,Instant,Counter target spell. You gain 5 life.,UW,UW,legal,not_legal,legal,64f42848-963b-4b16-aeec-66d0f349758b
7e3fe8e4-e56a-4109-a314-96c44bbe7d22,Fall of the Hammer,{1}{R},2.0,Instant,Target creature you control deals damage equal to its power to another target creature.,R,R,legal,not_legal,legal,ed6f1a4b-db3b-4dfc-8d3a-cc73b011a5dd
f19d06af-6caf-41d8-8d0a-d5d50bd67900,Fanatic of Mogis,{3}{R},4.0,Creature — Minotaur Shaman,"When this creature enters, it deals damage to each opponent equal to your devotion to red. (Each {R} in the mana costs of permanents you control counts toward your devotion to red.)",R,R,legal,not_legal,legal,581eaadb-442b-40c9-b8f9-9e19d5eba824
495e52e6-4c2b-4574-9474-eadbdcc8b4ac,Farseek,{1}{G},2.0,Sorcery,"Search your library for a Plains, Island, Swamp, or Mountain card, put it onto the battlefield tapped, then shuffle.",G,G,legal,not_legal,legal,7f5a3b1c-dcbc-4803-8e5b-42314d46701e
7f591bfb-a241-4980-9cb3-fb5af3355f6b,Fate Forgotten,{2}{W},3.0,Instant,Exile target artifact or enchantment.,W,W,legal,not_legal,legal,9b2161d9-ad52-45a6-9be9-e7ff09ec8f5a
85e9bc3e-e0da-4ad4-9631-472f75f91663,Fearsome Temper,{2}{R},3.0,Enchantment — Aura,"Enchant creature
Enchanted creature gets +2/+2 and has ""{2}{R}: Target creature can't block this creature this turn.""",R,R,legal,not_legal,legal,c6e7884c-2d66-42d1-87d1-1341a6fa52d8
e86870b1-4028-4111-9717-7005f86afe85,Feast of Dreams,{1}{B},2.0,Instant,Destroy target enchanted creature or enchantment creature.,B,B,legal,not_legal,legal,de07e21e-c12a-47a6-ad2c-ef6fed343407
f474d244-d9be-4580-bf62-f97660e9c1a3,Feed the Flames,{3}{R},4.0,Instant,"Feed the Flames deals 5 damage to target creature. If that creature would die this turn, exile it instead.",R,R,legal,legal,legal,59740755-c353-4b6c-a84c-3b76133ce3ec
fcf796fa-43ae-43d1-a124-776338bc3542,Feisty Spikeling,{1}{R/W},2.0,Creature — Shapeshifter,"Changeling (This card is every creature type.)
During your turn, this creature has first strike.",RW,RW,legal,legal,legal,f69f3a27-ecda-4d27-82fe-612ed57dbb28
95560508-7ac9-4be9-8a3f-3c7d5b52807b,Fellwar Stone,{2},2.0,Artifact,{T}: Add one mana of any color that a land an opponent controls could produce.,,,legal,not_legal,legal,07be53ef-c7b7-44fe-9754-b76871c6b55f
5b3c069b-5bed-4b70-b04c-b7143a4a6e96,Feral Invocation,{2}{G},3.0,Enchantment — Aura,"Flash (You may cast this spell any time you could cast an instant.)
Enchant creature
Enchanted creature gets +2/+2.",G,G,legal,not_legal,legal,c2d08b7a-4ed9-4e4c-a52e-9bf2a16420a9
8c42883d-8b70-4691-a1e7-4659e7954b88,Feral Krushok,{4}{G},5.0,Creature — Beast,,G,G,legal,not_legal,legal,5041996b-c265-4c4f-a52c-dfe29b2e282d
a1112750-8d38-49e0-ab1c-77110b2bbc4d,Ferocious Pup,{2}{G},3.0,Creature — Wolf,"When this creature enters, create a 2/2 green Wolf creature token.",G,G,legal,not_legal,legal,2354cb24-5c70-4aaa-8636-46866f0950c1
a46f9136-b904-403e-b263-e99c9a2fe2ec,"Ferrafor, Young Yew",{6}{G},7.0,Legendary Creature — Treefolk Druid,"When Ferrafor enters, create a number of 1/1 green Saproling creature tokens equal to the number of counters among creatures target player controls.
{T}: Double the number of each kind of counter on target creature.",G,G,legal,not_legal,not_legal,0a664cd2-3778-4344-addc-72341889e871
cf14d4e5-5965-45ad-97f7-26facf2884b5,Fertile Ground,{1}{G},2.0,Enchantment — Aura,"Enchant land
Whenever enchanted land is tapped for mana, its controller adds an additional one mana of any color.",G,G,legal,not_legal,legal,0ade2db8-482e-42b0-939c-492dfbbe3b68
51545f6e-d0e3-4b4c-bc73-c731f85e26b0,Fevered Suspicion,{6}{B}{R},8.0,Sorcery,"Each opponent exiles cards from the top of their library until they exile a nonland card. You may cast any number of spells from among those nonland cards without paying their mana costs.
Rebound (If you cast this spell from your hand, exile it as it resolves. At the beginning of your next upkeep, you may cast this card from exile without paying its mana cost.)",BR,BR,legal,not_legal,not_legal,82c35cce-5b13-4870-8710-1b05af2c5c40
18cced8b-9836-4e11-bb4e-69a971a33a50,Fey Steed,{2}{W}{W},4.0,Creature — Elk,"Whenever this creature attacks, another target attacking creature you control gains indestructible until end of turn.
Whenever a creature or planeswalker you control becomes the target of a spell or ability an opponent controls, you may draw a card.",W,W,legal,not_legal,not_legal,ce2bfc76-04b4-46ed-b495-33221256afbb
3891a3b6-d8ac-4cd3-b2f6-d6d786e89a67,Fiend of the Shadows,{3}{B}{B},5.0,Creature — Vampire Wizard,"Flying
Whenever this creature deals combat damage to a player, that player exiles a card from their hand. You may play that card for as long as it remains exiled.
Sacrifice a Human: Regenerate this creature.",B,B,legal,not_legal,legal,373f24b1-e763-475c-9760-aefae4be3ea0
2d21dc80-2900-4dc3-9657-f17b50716481,Fiendlash,{1}{R},2.0,Artifact — Equipment,"Equipped creature gets +2/+0 and has reach.
Whenever equipped creature is dealt damage, it deals damage equal to its power to target player or planeswalker.
Equip {2}{R}",R,R,legal,not_legal,not_legal,9cbc0e7e-b478-431e-abaf-ce7113057730
4e75fc29-68e3-41a9-9f59-adb4460663b2,Fierce Invocation,{4}{R},5.0,Sorcery,"Manifest the top card of your library, then put two +1/+1 counters on it. (To manifest a card, put it onto the battlefield face down as a 2/2 creature. Turn it face up any time for its mana cost if it's a creature card.)",R,R,legal,not_legal,legal,0137de04-9fd7-41b0-b497-163e6e93432b
e654242f-c7c5-4713-bbd0-26d41de8e2e7,Final Reward,{4}{B},5.0,Instant,Exile target creature.,B,B,legal,not_legal,legal,8f202f6b-710f-4376-a49c-e5f135b26eaf
126c75c0-414b-4e55-8747-2b5566ce716f,Firdoch Core,{3},3.0,Kindred Artifact — Shapeshifter,"Changeling (This card is every creature type.)
{T}: Add one mana of any color.
{4}: This artifact becomes a 4/4 artifact creature until end of turn.",,,legal,legal,legal,8e45cd37-bf97-4742-978d-96f96ed653cd
3912d21e-1ebc-4a81-9dc9-f404248d564a,Fire Elemental,{3}{R}{R},5.0,Creature — Elemental,,R,R,legal,legal,legal,fcca2f76-3db9-472b-b78e-a87b81e31d0a
4000e119-3372-431c-bc3a-0db0639311ce,Fire Urchin,{1}{R},2.0,Creature — Elemental,"Trample
Whenever you cast an instant or sorcery spell, this creature gets +1/+0 until end of turn.",R,R,legal,not_legal,legal,b3a843ff-6bd0-42d5-9348-44b774d438b1
7aa31280-12c3-479d-a6dd-f1c669043083,Firebolt,{R},1.0,Sorcery,"Firebolt deals 2 damage to any target.
Flashback {4}{R} (You may cast this card from your graveyard for its flashback cost. Then exile it.)",R,R,legal,not_legal,legal,5da1493c-78b4-4c4d-ab70-199fe506b61a
0fe66bc0-8eda-4625-a068-6a5de826466f,First Response,{3}{W},4.0,Enchantment,"At the beginning of each upkeep, if you lost life last turn, create a 1/1 white Soldier creature token.",W,W,legal,not_legal,legal,36341d37-064e-449e-8be7-a2716ae7e317
6fd5e591-fae8-4128-a4d3-a848c8a8ffda,Fist of Suns,{3},3.0,Artifact,You may pay {W}{U}{B}{R}{G} rather than pay the mana cost for spells you cast.,,BGRUW,legal,not_legal,legal,2a499b65-8a7e-4fbc-a09b-826b8454d857
c65e804b-9222-4fa8-88d1-df06a3279f22,Flame Lash,{3}{R},4.0,Instant,Flame Lash deals 4 damage to any target.,R,R,legal,legal,legal,ac44e3cb-cc69-4222-87bc-ffa54b7ab34a
d6eef6a7-0cf4-4ee8-90e0-727a283c3be9,Flame-Chain Mauler,{1}{R},2.0,Creature — Elemental Warrior,{1}{R}: This creature gets +1/+0 and gains menace until end of turn. (It can't be blocked except by two or more creatures.),R,R,legal,legal,legal,752d7e8e-0dd0-4ace-9c89-a8f9ce73775e
bc8427fb-e5ee-4b44-9a4f-6d9f01b4b896,Flamekin Gildweaver,{3}{R},4.0,Creature — Elemental Sorcerer,"Trample
When this creature enters, create a Treasure token. (It's an artifact with ""{T}, Sacrifice this token: Add one mana of any color."")",R,R,legal,legal,legal,b1628ece-a028-49d4-9065-ee997838c20a
343460ea-7999-4d9e-b425-97fa1621f9d6,Flameshadow Conjuring,{3}{R},4.0,Enchantment,"Whenever a nontoken creature you control enters, you may pay {R}. If you do, create a token that's a copy of that creature. That token gains haste. Exile it at the beginning of the next end step.",R,R,legal,not_legal,legal,b473ee0c-b037-4968-9dda-82c2288e54f7
3abc09a9-3baa-45ff-b048-53e42d4fa9f2,Flamespeaker's Will,{R},1.0,Enchantment — Aura,"Enchant creature you control
Enchanted creature gets +1/+1.
Whenever enchanted creature deals combat damage to a player, you may sacrifice this Aura. If you do, destroy target artifact.",R,R,legal,not_legal,legal,32b5e3bb-f9e8-4a74-9798-41d8f8515e12
f70d65bf-5f1c-4aee-9bd1-f5ee6974b058,Flaring Cinder,{1}{U/R}{U/R},3.0,Creature — Elemental Sorcerer,"When this creature enters and whenever you cast a spell with mana value 4 or greater, you may discard a card. If you do, draw a card.",RU,RU,legal,legal,legal,0691a1a9-18e7-44b7-9a34-764b1ab45a76
cc2d016a-af44-427b-a25a-593274369449,Flaying Tendrils,{1}{B}{B},3.0,Sorcery,"Devoid (This card has no color.)
All creatures get -2/-2 until end of turn. If a creature would die this turn, exile it instead.",,B,legal,not_legal,legal,77899cb2-4d87-4c2d-99ae-1ae75bc5dc86
e3c8cdf7-a26a-45eb-9498-99b618cfba99,Fleecemane Lion,{G}{W},2.0,Creature — Cat,"{3}{G}{W}: Monstrosity 1. (If this creature isn't monstrous, put a +1/+1 counter on it and it becomes monstrous.)
As long as this creature is monstrous, it has hexproof and indestructible.",GW,GW,legal,not_legal,legal,e5c834ad-14d4-4c2f-88d3-a6a892299c4c
fbb0173d-7ec9-4f43-b457-f8de6703497e,Fleeting Memories,{2}{U},3.0,Enchantment,"When this enchantment enters, investigate. (Create a Clue token. It's an artifact with ""{2}, Sacrifice this token: Draw a card."")
Whenever you sacrifice a Clue, target player mills three cards.",U,U,legal,not_legal,legal,4b9eaf90-2a9e-44a7-bdae-03c26f9d21e7
24227761-b50e-4b9e-93a2-e82d053b3e3d,Fling,{1}{R},2.0,Instant,"As an additional cost to cast this spell, sacrifice a creature.
Fling deals damage equal to the sacrificed creature's power to any target.",R,R,legal,not_legal,legal,f02363a7-4455-4571-bfff-4ce94c7c1e3b
6522070b-7002-44fd-8deb-832fe67ef9a9,Flock Impostor,{2}{W},3.0,Creature — Shapeshifter,"Changeling (This card is every creature type.)
Flash
Flying
When this creature enters, return up to one other target creature you control to its owner's hand.",W,W,legal,legal,legal,d32d0336-5140-41f9-bc67-f3d743b9231d
9043d8d5-b38a-406f-a44c-49f579c644f0,Flood Plain,,0.0,Land,"This land enters tapped.
{T}, Sacrifice this land: Search your library for a Plains or Island card, put it onto the battlefield, then shuffle.",,,legal,not_legal,not_legal,84503325-1e80-4f29-819d-be1d5eb05bd7
e16e2199-d821-49fd-94a0-30ecebd8bd4c,Flood the Engine,{2}{U},3.0,Enchantment — Aura,"Enchant creature or Vehicle
When this Aura enters, tap enchanted permanent.
Enchanted permanent loses all abilities and doesn't untap during its controller's untap step.",U,U,legal,legal,legal,57402f7c-5d4c-4f1e-8bce-a2328a297111
0c8ab7bf-7b6a-4a34-b988-9f3f4d84a9ea,Flurry of Horns,{4}{R},5.0,Sorcery,Create two 2/3 red Minotaur creature tokens with haste.,R,R,legal,not_legal,legal,333ff270-4bc7-48ee-9738-f8c70b8a7e40
b8805aa6-fa5f-4c70-ad90-8502611bef5a,Font of Return,{1}{B},2.0,Enchantment,"{3}{B}, Sacrifice this enchantment: Return up to three target creature cards from your graveyard to your hand.",B,B,legal,not_legal,legal,c13eacff-0fd1-4e2e-8213-5bf5fff973c8
422876dd-2801-4d0e-93ad-d9d48178f0d0,Font of Vigor,{1}{W},2.0,Enchantment,"{2}{W}, Sacrifice this enchantment: You gain 7 life.",W,W,legal,not_legal,legal,d4ef3a8e-ef8b-417a-a3a9-cb0ce88cb0c9
66d65cda-e3d1-4a00-8ff3-c6d5ef0ab0c1,Forbidden Alchemy,{2}{U},3.0,Instant,"Look at the top four cards of your library. Put one of them into your hand and the rest into your graveyard.
Flashback {6}{B} (You may cast this card from your graveyard for its flashback cost. Then exile it.)",U,BU,legal,not_legal,legal,079cfabe-f072-42c7-82ee-4fcebdc8529c
5c87e2fa-77f1-4978-b25f-f14d227301d1,Foreboding Ruins,,0.0,Land,"As this land enters, you may reveal a Swamp or Mountain card from your hand. If you don't, this land enters tapped.
{T}: Add {B} or {R}.",,BR,legal,not_legal,legal,1ce2c480-6a5a-4e7c-b3d7-7dc9cc589912
b34bb2dc-c1af-4d77-b0b3-a0fb342a5fc6,Forest,,0.0,Basic Land — Forest,({T}: Add {G}.),,G,legal,legal,legal,006e0990-0596-4537-aced-51ac499938af
e0548f0d-4aec-4c39-8c34-52bfa2bf7c60,Forked Bolt,{R},1.0,Sorcery,Forked Bolt deals 2 damage divided as you choose among one or two targets.,R,R,legal,not_legal,legal,364ed745-0dff-477a-a2c5-987639936337
5bd06f9e-9a42-455d-ad26-24bc04e51c7c,Formidable Speaker,{2}{G},3.0,Creature — Elf Druid,"When this creature enters, you may discard a card. If you do, search your library for a creature card, reveal it, put it into your hand, then shuffle.
{1}, {T}: Untap another target permanent.",G,G,legal,legal,legal,1444f39f-042b-4bb3-8307-6b8878198086
ddbe6d9b-ea69-449c-a765-b3c16ff60c08,Formless Nurturing,{3}{G},4.0,Sorcery,"Manifest the top card of your library, then put a +1/+1 counter on it. (To manifest a card, put it onto the battlefield face down as a 2/2 creature. Turn it face up any time for its mana cost if it's a creature card.)",G,G,legal,not_legal,legal,f70646e4-936a-4c2a-8d4a-a2c659733093
941b0dd1-0df2-48ee-8829-615e9c3177a7,Forsaken Sanctuary,,0.0,Land,"This land enters tapped.
{T}: Add {W} or {B}.",,BW,legal,not_legal,legal,0bd86cac-08c1-4db0-ab54-4bb65a771efe
a55202a9-bddb-40df-b93f-06678ae1e0ea,Fortified Rampart,{1}{W},2.0,Creature — Wall,Defender,W,W,legal,not_legal,legal,5095e2ab-a7f5-45bc-8b2f-31198ea27bba
56f1a16a-9f41-41fb-b580-c200bca27cd6,Fortified Village,,0.0,Land,"As this land enters, you may reveal a Forest or Plains card from your hand. If you don't, this land enters tapped.
{T}: Add {G} or {W}.",,GW,legal,not_legal,legal,8788797a-724e-49c7-91b2-67fbb0660fda
d732d9b8-dea0-41c4-8cff-67b2b3d36ecb,Fortunate Few,{3}{W}{W},5.0,Sorcery,"Choose a nonland permanent you don't control, then each other player chooses a nonland permanent they don't control that hasn't been chosen this way. Destroy all other nonland permanents.",W,W,legal,not_legal,not_legal,d84361bb-abc3-4b2d-9475-700fd262703b
ad6a2776-801f-4743-8268-6d654122171e,Foul Orchard,,0.0,Land,"This land enters tapped.
{T}: Add {B} or {G}.",,BG,legal,not_legal,legal,2378ac21-9912-40d7-972d-b1b71a8e4984
18f22960-87ec-43cd-82ea-ec5cabf49ad3,Foundry Inspector,{3},3.0,Artifact Creature — Construct,Artifact spells you cast cost {1} less to cast.,,,legal,not_legal,legal,93f827e8-1cc4-4a15-a4be-2e74323963b9
1515b0c2-1b55-4cd4-ad81-fb6b1f3e8188,Fractured Identity,{3}{W}{U},5.0,Sorcery,Exile target nonland permanent. Each player other than its controller creates a token that's a copy of it.,UW,UW,legal,not_legal,not_legal,b2f73f5d-1aad-48c2-9e74-5f7bdd87900f
ab4e9284-7904-413e-97b0-69793be79cc5,Fraying Sanity,{2}{U},3.0,Enchantment — Aura Curse,"Enchant player
At the beginning of each end step, enchanted player mills X cards, where X is the number of cards put into their graveyard from anywhere this turn.",U,U,legal,not_legal,legal,79e5c1ab-eebd-41ca-a1ca-29b00370f6e8
a65c1fcc-61d1-43d9-a62c-65f156f98bce,Frilled Deathspitter,{2}{R},3.0,Creature — Dinosaur,"Enrage — Whenever this creature is dealt damage, it deals 2 damage to target opponent or planeswalker.",R,R,legal,not_legal,legal,e3825798-f673-4d8a-9997-ccb73681cbf2
724bc69c-cd09-4ff8-91e7-70500b9474e1,Frilled Mystic,{G}{G}{U}{U},4.0,Creature — Elf Lizard Wizard,"Flash
When this creature enters, you may counter target spell.",GU,GU,legal,not_legal,legal,50595d02-edad-48a6-b10c-6fa859cc88bb
6dc534e8-e22b-4e3c-aa30-c6e4c84f698c,Frilled Sea Serpent,{4}{U}{U},6.0,Creature — Serpent,{5}{U}{U}: This creature can't be blocked this turn.,U,U,legal,not_legal,legal,e0aa62c0-d24b-4bce-9f2b-d42402b0830c
e4cf6c2f-0f1e-4980-9ef9-e4eabcae42a9,Frontier Bivouac,,0.0,Land,"This land enters tapped.
{T}: Add {G}, {U}, or {R}.",,GRU,legal,legal,legal,1b165053-5118-482b-9f52-7438217d5f17
4cfaa5cf-cc3d-49a7-9544-38a8bb7e9ec1,Frontier Siege,{3}{G},4.0,Enchantment,"As this enchantment enters, choose Khans or Dragons.
• Khans — At the beginning of each of your main phases, add {G}{G}.
• Dragons — Whenever a creature you control with flying enters, you may have it fight target creature you don't control.",G,G,legal,not_legal,legal,5e7ee5ff-eabc-4947-b5fe-2647c7e2eb82
7471e445-4655-4336-9769-3debd197b77c,Frontline Rebel,{2}{R},3.0,Creature — Human Warrior,This creature attacks each combat if able.,R,R,legal,not_legal,legal,b742738a-2663-474d-b75a-28f1f67dc335
30c0df75-9822-4016-a52b-d2e69dd58124,"Galea, Kindler of Hope",{1}{G}{W}{U},4.0,Legendary Creature — Elf Knight,"Vigilance
You may look at the top card of your library any time.
You may cast Aura and Equipment spells from the top of your library. When you cast an Equipment spell this way, it gains ""When this Equipment enters, attach it to target creature you control.""",GUW,GUW,legal,not_legal,not_legal,1efbea01-c6a1-4380-a14f-6206c7895e48
4e0ba9d5-4bd6-49a0-ae00-70818738d0ba,Gallant Fowlknight,{3}{W},4.0,Creature — Kithkin Knight,"When this creature enters, creatures you control get +1/+0 until end of turn. Kithkin creatures you control also gain first strike until end of turn.",W,W,legal,legal,legal,fb6096ba-8083-4207-9a3f-c1e4ff095204
00de57d2-7cb6-4337-9bc6-f6711e4dfabf,Game Trail,,0.0,Land,"As this land enters, you may reveal a Mountain or Forest card from your hand. If you don't, this land enters tapped.
{T}: Add {R} or {G}.",,GR,legal,not_legal,legal,77b532ea-f170-4b04-970c-2128978941a4
62110234-690b-4498-8076-26ba910f9f92,Gang of Devils,{5}{R},6.0,Creature — Devil,"When this creature dies, it deals 3 damage divided as you choose among one, two, or three targets.",R,R,legal,not_legal,legal,0430b9fa-3bc6-4183-ad5b-d70ad401fa97
60206d4e-4301-4d7a-a68e-46a2ad9fc407,Gangly Stompling,{2}{R/G},3.0,Creature — Shapeshifter,"Changeling (This card is every creature type.)
Trample",GR,GR,legal,legal,legal,502000a7-a3c1-4259-aea5-ff01724396a1
cdf8b698-57d6-4d17-8168-87680060c0d6,Garrison Sergeant,{3}{R}{W},5.0,Creature — Lizard Soldier,This creature has double strike as long as you control a Gate.,RW,RW,legal,not_legal,legal,2bd957a1-a354-48e9-80ad-66e49aa845fc
3127ae9b-a7a7-43ec-89d7-688f8445b33d,Garruk's Uprising,{2}{G},3.0,Enchantment,"When this enchantment enters, if you control a creature with power 4 or greater, draw a card.
Creatures you control have trample. (Each of those creatures can deal excess combat damage to the player or planeswalker it's attacking.)
Whenever a creature you control with power 4 or greater enters, draw a card.",G,G,legal,legal,legal,7de1015f-8371-4fa6-817f-d10d11d50093
3b0a97e2-e125-4f91-8581-307e3fa6b048,Gatebreaker Ram,{2}{G},3.0,Creature — Sheep,"This creature gets +1/+1 for each Gate you control.
As long as you control two or more Gates, this creature has vigilance and trample.",G,G,legal,not_legal,legal,5ef592d1-e5e1-4252-8741-402c32d65dfd
ff45677d-977e-4ef5-859c-52393ed71a6c,Gather the Townsfolk,{1}{W},2.0,Sorcery,"Create two 1/1 white Human creature tokens.
Fateful hour — If you have 5 or less life, create five of those tokens instead.",W,W,legal,not_legal,legal,76f66ee8-8289-4780-aaec-feabd8ea9e3d
9f6d6e90-7462-46e5-bf2f-725b4badc394,Gathering Stone,{4},4.0,Artifact,"As this artifact enters, choose a creature type.
Spells you cast of the chosen type cost {1} less to cast.
When this artifact enters and at the beginning of your upkeep, look at the top card of your library. If it's a card of the chosen type, you may reveal it and put it into your hand. If you don't put the card into your hand, you may put it into your graveyard.",,,legal,legal,legal,81dfbfe1-143a-4637-b683-a34cfc51993d
0c0f7092-3fe6-4a6e-8b4e-803810b43e50,Gearsmith Guardian,{5},5.0,Artifact Creature — Construct,This creature gets +2/+0 as long as you control a blue creature.,,,legal,not_legal,legal,1d532b01-8bf7-4a27-a438-db03bcd00694
7b9fafe7-d26a-4ed5-b4c4-ce13763770b5,Geier Reach Sanitarium,,0.0,Legendary Land,"{T}: Add {C}.
{2}, {T}: Each player draws a card, then discards a card.",,,legal,not_legal,legal,96093739-fedc-4d8f-a29d-0e57f571e5a9
10891656-070f-49f4-80e0-78061b773f17,Geistblast,{2}{R},3.0,Instant,"Geistblast deals 2 damage to any target.
{2}{U}, Exile this card from your graveyard: Copy target instant or sorcery spell you control. You may choose new targets for the copy.",R,RU,legal,not_legal,legal,19b1dfd9-b717-4c23-b8e5-a6ec835b278a
6b1e4940-11ac-4d85-98f4-3f50d1060b96,Gem of Becoming,{3},3.0,Artifact,"{3}, {T}, Sacrifice this artifact: Search your library for an Island card, a Swamp card, and a Mountain card. Reveal those cards, put them into your hand, then shuffle.",,,legal,not_legal,legal,0e07bc36-2207-48f4-a151-4ccb0c6d851d
710dc9b1-7d32-4330-95a8-3e91a668202a,Ghirapur Gearcrafter,{2}{R},3.0,Creature — Human Artificer,"When this creature enters, create a 1/1 colorless Thopter artifact creature token with flying. (A creature with flying can't be blocked except by creatures with flying or reach.)",R,R,legal,not_legal,legal,e6087550-9f15-4a06-b030-18b0be652065
5202c00a-5e47-43fe-9ed7-52c276120df3,Ghitu Journeymage,{2}{R},3.0,Creature — Human Wizard,"When this creature enters, if you control another Wizard, this creature deals 2 damage to each opponent.",R,R,legal,not_legal,legal,e4360bc9-76f0-4e82-8968-4c6c62a35ed1
8d813b72-8ead-4a61-88ff-e93c8d843196,Ghostform,{1}{U},2.0,Sorcery,Up to two target creatures can't be blocked this turn.,U,U,legal,not_legal,legal,347760a1-03f5-4cc9-87ad-e08986b1ea21
a16f4b53-c8cf-45b0-89e7-507acd094a64,Ghostly Sentinel,{4}{W},5.0,Creature — Kor Spirit,"Flying, vigilance",W,W,legal,not_legal,legal,de867066-df5c-4412-9d51-56626b6d0220
b07d8095-c5e2-4bf8-b055-af97ce5df4a4,Ghostly Wings,{1}{U},2.0,Enchantment — Aura,"Enchant creature
Enchanted creature gets +1/+1 and has flying.
Discard a card: Return enchanted creature to its owner's hand.",U,U,legal,not_legal,legal,f1b1848c-3160-45f5-91a0-74ab6d91c01b
5748ebf1-24e3-499d-ab7c-c2cebd462a24,Giant Growth,{G},1.0,Instant,Target creature gets +3/+3 until end of turn.,G,G,legal,legal,legal,06ec9e8b-4bd8-4caf-a559-6514b7ab4ca4
481ede6a-3ac3-45bc-85aa-311b3dbefc40,Giant Mantis,{3}{G},4.0,Creature — Insect,Reach (This creature can block creatures with flying.),G,G,legal,not_legal,legal,98518e4a-d1d0-4e41-bae7-242c779f06a1
e740ce2f-2134-473c-afa1-1b6d2d1e38ef,Giant Spider,{3}{G},4.0,Creature — Spider,Reach (This creature can block creatures with flying.),G,G,legal,not_legal,legal,80996b0d-cd44-445e-96de-677e0018255c
77e5e7e3-b97b-4953-9df4-1aee509fbf2a,Giantfall,{1}{R},2.0,Instant,"Choose one —
• Target creature you control deals damage equal to its power to target creature an opponent controls.
• Destroy target artifact.",R,R,legal,legal,legal,1ac52728-adb3-4220-8392-73f7bd379ab4
ec43d67c-2254-4782-8bd4-3318b25907e6,Gideon's Reproach,{1}{W},2.0,Instant,Gideon's Reproach deals 4 damage to target attacking or blocking creature.,W,W,legal,not_legal,legal,453d8ec3-15ae-4851-9efb-161ca2ee6019
1af63a5e-2bec-4f8d-a373-d9ce43a7d242,Gideon's Sacrifice,{W},1.0,Instant,Choose a creature or planeswalker you control. All damage that would be dealt this turn to you and permanents you control is dealt to the chosen permanent instead (if it's still on the battlefield).,W,W,legal,not_legal,legal,849c79ad-8bfc-4512-ab41-f213b6b285ab
daec03b6-e3f8-4e44-9766-c64dc23fa3dc,Gideon's Triumph,{1}{W},2.0,Instant,"Target opponent sacrifices a creature of their choice that attacked or blocked this turn. If you control a Gideon planeswalker, that player sacrifices two of those creatures of their choice instead.",W,W,legal,not_legal,legal,d6610c6a-717f-406e-a49d-b6e548880946
43a86d36-9653-4498-a533-8b30b919cdbf,Gift of Paradise,{2}{G},3.0,Enchantment — Aura,"Enchant land
When this Aura enters, you gain 3 life.
Enchanted land has ""{T}: Add two mana of any one color.""",G,G,legal,not_legal,legal,d6b4e2b7-2687-4ad1-99e4-0f8411b5f50d
e5a06062-0513-48af-b92a-420ebbeb1695,Gilt-Leaf Ambush,{2}{G},3.0,Kindred Instant — Elf,"Create two 1/1 green Elf Warrior creature tokens. Clash with an opponent. If you win, those creatures gain deathtouch until end of turn. (Each clashing player reveals the top card of their library, then puts that card on their choice of the top or bottom. A player wins if their card had a greater mana value. Any amount of damage a creature with deathtouch deals to a creature is enough to destroy it.)",G,G,legal,not_legal,legal,47bf7254-4302-41a0-bc87-d7dc437ff38d
eab27405-f590-40b7-ad7c-0e6c52410c0a,Gilt-Leaf Seer,{2}{G},3.0,Creature — Elf Shaman,"{G}, {T}: Look at the top two cards of your library, then put them back in any order.",G,G,legal,not_legal,legal,b437bab9-2279-4160-85fd-d29c7a35ca2c
5eb8bb1d-7567-4c24-913b-463b5fe463c4,Gilt-Leaf's Embrace,{2}{G},3.0,Enchantment — Aura,"Flash
Enchant creature
When this Aura enters, enchanted creature gains trample and indestructible until end of turn. (Damage and effects that say ""destroy"" don't destroy it. If its toughness is 0 or less, it still dies.)
Enchanted creature gets +2/+0.",G,G,legal,legal,legal,739e5ab5-d562-407a-906e-c5c5173ad325
4d937ea3-bfd4-4cdf-b722-08f2b99ea2a5,Gladehart Cavalry,{5}{G}{G},7.0,Creature — Elf Knight,"When this creature enters, support 6. (Put a +1/+1 counter on each of up to six other target creatures.)
Whenever a creature you control with a +1/+1 counter on it dies, you gain 2 life.",G,G,legal,not_legal,legal,50558302-eea7-4d60-a65b-50386e73fccd
a7b0d897-38c0-4f90-81e8-3c5b8d31a607,Glamermite,{2}{U},3.0,Creature — Faerie Rogue,"Flash
Flying
When this creature enters, choose one —
• Tap target creature.
• Untap target creature.",U,U,legal,legal,legal,b8b7c23a-0034-453c-ab44-f6ec0f31d1eb
97febf6b-302c-4c41-8838-eef7c7353bdc,Glen Elendra Guardian,{2}{U},3.0,Creature — Faerie Wizard,"Flash
Flying
This creature enters with a -1/-1 counter on it.
{1}{U}, Remove a counter from this creature: Counter target noncreature spell. Its controller draws a card.",U,U,legal,legal,legal,388d2e4a-0aa5-4b82-a86c-4777ca60161c
64ad5657-78e9-4f34-8877-18c4f51fff9a,Glint-Horn Buccaneer,{1}{R}{R},3.0,Creature — Minotaur Pirate,"Haste
Whenever you discard a card, this creature deals 1 damage to each opponent.
{1}{R}, Discard a card: Draw a card. Activate only if this creature is attacking.",R,R,legal,not_legal,legal,df2df9cb-14f5-470f-b438-20f4ae8d0d59
6a7229a8-1634-4278-ab50-0ec2b51edac1,Glister Bairn,{2}{G/U}{G/U}{G/U},5.0,Creature — Ouphe,"Vivid — At the beginning of combat on your turn, another target creature you control gets +X/+X until end of turn, where X is the number of colors among permanents you control.",GU,GU,legal,legal,legal,dcccdd98-a1ba-41f4-a9ae-84d263da0af9
55c60b29-52c5-428c-9229-11ed0e26bd71,Glory Seeker,{1}{W},2.0,Creature — Human Soldier,,W,W,legal,not_legal,legal,2bd51dd3-ce49-41cf-85ef-a5a1428bc71b
35101c6c-0bcc-4b1f-9cb5-a82e4d2f8220,Gluttonous Cyclops,{5}{R},6.0,Creature — Cyclops,"{5}{R}{R}: Monstrosity 3. (If this creature isn't monstrous, put three +1/+1 counters on it and it becomes monstrous.)",R,R,legal,not_legal,legal,e583f6be-3d78-4085-9059-c3c989a4977f
bc654150-b051-40bd-81f8-621abbb17e91,Goblin Assailant,{1}{R},2.0,Creature — Goblin Warrior,,R,R,legal,not_legal,legal,e41acc81-7c22-4b59-97b8-54473623db6f
d464b54c-3b02-4c4e-99ef-1ad75f336c65,Goblin Assault Team,{3}{R},4.0,Creature — Goblin Warrior,"Haste
When this creature dies, put a +1/+1 counter on target creature you control.",R,R,legal,not_legal,legal,880047fd-d258-40fb-bcd5-37cb26678dfe
a2d9554e-70c0-4213-ba5e-f0954ad32854,Goblin Banneret,{R},1.0,Creature — Goblin Soldier,"Mentor (Whenever this creature attacks, put a +1/+1 counter on target attacking creature with lesser power.)
{1}{R}: This creature gets +2/+0 until end of turn.",R,R,legal,not_legal,legal,90b3b56c-5236-4319-b17e-5f71143a7906
0342b085-be20-475a-bc38-59b9cb6012e8,Goblin Chainwhirler,{R}{R}{R},3.0,Creature — Goblin Warrior,"First strike
When this creature enters, it deals 1 damage to each opponent and each creature and planeswalker they control.",R,R,legal,not_legal,legal,8bdb2883-3cfd-4fb0-9f99-6a57277f7fe4
81f06f84-1580-43c0-89d5-08d34541a519,Goblin Electromancer,{U}{R},2.0,Creature — Goblin Wizard,Instant and sorcery spells you cast cost {1} less to cast.,RU,RU,legal,not_legal,legal,0ae987da-e4b5-4b82-843c-6aaa87262fc8
01f06642-015f-40b4-a940-af576ad9e82c,Goblin Gathering,{2}{R},3.0,Sorcery,Create a number of 1/1 red Goblin creature tokens equal to two plus the number of cards named Goblin Gathering in your graveyard.,R,R,legal,not_legal,legal,147bef05-4497-44d5-9dd6-fb5dc08e78f7
ab52988f-ffd0-4154-9052-593a9d450d98,Goblin Heelcutter,{3}{R},4.0,Creature — Goblin Berserker,"Whenever this creature attacks, target creature can't block this turn.
Dash {2}{R} (You may cast this spell for its dash cost. If you do, it gains haste, and it's returned from the battlefield to its owner's hand at the beginning of the next end step.)",R,R,legal,not_legal,legal,5b3bfeb6-95d6-4f00-8981-c6d3c9c93f67
8b022754-6d16-470e-b754-4df6e4f4709e,Goblin Instigator,{1}{R},2.0,Creature — Goblin Rogue,"When this creature enters, create a 1/1 red Goblin creature token.",R,R,legal,not_legal,legal,90cef94d-d941-4e08-afec-a116626b74fb
d692adcf-8ab5-4208-85d1-c75285a85c59,Goblin Locksmith,{1}{R},2.0,Creature — Goblin Rogue,"Whenever this creature attacks, creatures with defender can't block this turn.",R,R,legal,not_legal,legal,cf2bed0a-990a-499a-af0a-52b77557d7cb
df67597f-42a8-4fa7-b426-d7db8b384445,Goblin Motivator,{R},1.0,Creature — Goblin Warrior,{T}: Target creature gains haste until end of turn. (It can attack and {T} this turn.),R,R,legal,not_legal,legal,94b3a4fb-9024-45ef-a54b-cf3a9fa5b9c2
0c5a7772-8358-4549-a583-f54246869e20,Goblin Replica,{3},3.0,Artifact Creature — Goblin,"{3}{R}, Sacrifice this creature: Destroy target artifact.",,R,legal,not_legal,legal,63282976-e08d-4b8c-bbfc-f6739fdaeaf9
183891b0-b5ec-47f4-8d09-b9d3cfc4e7f1,God-Eternal Bontu,{3}{B}{B},5.0,Legendary Creature — Zombie God,"Menace
When God-Eternal Bontu enters, sacrifice any number of other permanents, then draw that many cards.
When God-Eternal Bontu dies or is put into exile from the battlefield, you may put it into its owner's library third from the top.",B,B,legal,not_legal,legal,3714a135-e2b9-43a7-a2a2-fa5a2e0ac61a
e861ddd5-64f7-4c59-ab96-0c69ef74febe,God-Favored General,{1}{W},2.0,Creature — Human Soldier,"Inspired — Whenever this creature becomes untapped, you may pay {2}{W}. If you do, create two 1/1 white Soldier enchantment creature tokens.",W,W,legal,not_legal,legal,984c2db0-5a79-47b8-8a42-5674c6d9d0fd
9f2d2fda-f098-4375-8fe9-63f929e3928c,God-Pharaoh's Gift,{7},7.0,Artifact,"At the beginning of combat on your turn, you may exile a creature card from your graveyard. If you do, create a token that's a copy of that card, except it's a 4/4 black Zombie. It gains haste until end of turn.",,,legal,not_legal,legal,b2e85a9e-4c37-4721-b7ea-de3413ec39df
79dfe2eb-82b9-4dae-95c8-58fdf9006bc7,Goldmeadow Nomad,{W},1.0,Creature — Kithkin Scout,"{W}, Exile this card from your graveyard: Create a 1/1 green and white Kithkin creature token. Activate only as a sorcery.",W,W,legal,legal,legal,00ddbe6c-11de-4bc6-aabe-d6d8385a838a
e5456b35-d7a9-4717-90df-c6c46f1ec437,Golgari Findbroker,{B}{B}{G}{G},4.0,Creature — Elf Shaman,"When this creature enters, return target permanent card from your graveyard to your hand.",BG,BG,legal,not_legal,legal,e12bd0e5-db96-4340-9b04-6855fd0fd8b9
fa2da325-6859-45bb-b185-35526b01bcc1,Golgari Guildgate,,0.0,Land — Gate,"This land enters tapped.
{T}: Add {B} or {G}.",,BG,legal,legal,legal,8fe2fd1a-f7d3-48b4-bad8-be5ee45d6121
abd12238-ea9d-4124-8229-3a479b8464d7,Golgari Raiders,{3}{G},4.0,Creature — Elf Warrior,"Haste
Undergrowth — This creature enters with a +1/+1 counter on it for each creature card in your graveyard.",G,G,legal,not_legal,legal,37284ba8-441c-4cf6-95c6-6a0f52e6d36d
9207facd-fbf9-4faa-ac44-6c0bcac81551,Goliath Daydreamer,{2}{R}{R},4.0,Creature — Giant Wizard,"Whenever you cast an instant or sorcery spell from your hand, exile that card with a dream counter on it instead of putting it into your graveyard as it resolves.
Whenever this creature attacks, you may cast a spell from among cards you own in exile with dream counters on them without paying its mana cost.",R,R,legal,legal,legal,88e8cd13-2a29-4df6-937c-1bed68fbeafa
a31a66ee-5ddf-4d70-9ae9-725fc7327706,Gone Missing,{4}{U},5.0,Sorcery,"Put target permanent on top of its owner's library.
Investigate. (Create a Clue token. It's an artifact with ""{2}, Sacrifice this token: Draw a card."")",U,U,legal,not_legal,legal,e88ae6bf-9c58-4543-ba66-19ea41d01e9b
d5be0ff6-39d9-4f9f-a028-e62dc38463f2,"Gonti, Lord of Luxury",{2}{B}{B},4.0,Legendary Creature — Aetherborn Rogue,"Deathtouch
When Gonti enters, look at the top four cards of target opponent's library, exile one of them face down, then put the rest on the bottom of that library in a random order. You may cast that card for as long as it remains exiled, and mana of any type can be spent to cast that spell.",B,B,legal,not_legal,legal,85ea4d39-14cd-4d11-b021-c09556f1e0ee
be8ad29c-2232-426d-bda9-a289dcc6c265,Gorehorn Minotaurs,{2}{R}{R},4.0,Creature — Minotaur Warrior,"Bloodthirst 2 (If an opponent was dealt damage this turn, this creature enters with two +1/+1 counters on it.)",R,R,legal,not_legal,legal,63fd5801-5073-4e8e-8435-c7ebe9d999b3
69fffad0-6469-4623-9977-347143fa7289,Graceful Cat,{2}{W},3.0,Creature — Cat,"Whenever this creature attacks, it gets +1/+1 until end of turn.",W,W,legal,not_legal,legal,b42ba8bf-9fc1-4d57-9c80-42491d18d929
0fb90df6-a62b-4a9f-ae79-db71d40466ce,Grand Warlord Radha,{2}{R}{G},4.0,Legendary Creature — Elf Warrior,"Haste
Whenever one or more creatures you control attack, add that much mana in any combination of {R} and/or {G}. Until end of turn, you don't lose this mana as steps and phases end.",GR,GR,legal,not_legal,legal,986981fa-a744-45d8-81c7-68ef335c79e2
24c193cc-3f83-4414-8cac-8b9f48d5bb6d,Grappling Hook,{4},4.0,Artifact — Equipment,"Equipped creature has double strike.
Whenever equipped creature attacks, you may have target creature block it this turn if able.
Equip {4}",,,legal,not_legal,legal,acfbfddd-1535-477d-8bf4-5afd2648ac81
e80bd454-8bc5-4921-90cf-6ad28a27a88b,Grasslands,,0.0,Land,"This land enters tapped.
{T}, Sacrifice this land: Search your library for a Forest or Plains card, put it onto the battlefield, then shuffle.",,,legal,not_legal,not_legal,47e0ca2f-6059-44e4-996d-e243edbfbd79
f1b3e0fc-1dc3-4eba-bd54-557f036f5ea9,Grateful Apparition,{1}{W},2.0,Creature — Spirit,"Flying
Whenever this creature deals combat damage to a player or planeswalker, proliferate. (Choose any number of permanents and/or players, then give each another counter of each kind already there.)",W,W,legal,not_legal,legal,7dcb1f9d-105d-48c6-bd66-d7e8839de9e1
7c340a39-4ee0-4ba1-bb66-6674f8020fda,Gratuitous Violence,{2}{R}{R}{R},5.0,Enchantment,"If a creature you control would deal damage to a permanent or player, it deals double that damage instead.",R,R,legal,legal,legal,73a5760c-e412-4bb4-b176-cfd0e8fc8f95
917dc5a0-071d-4658-ab58-29ac841260f7,Grave Endeavor,{5}{B}{B},7.0,Instant,"Roll two d10 and choose one result. Return a creature card from your graveyard to the battlefield with a number of +1/+1 counters on it equal to that result. Then each opponent loses X life and you gain X life, where X is the other result.",B,B,legal,not_legal,not_legal,1ef4b0fb-d4a5-43ce-a079-10d346e194d5
1a2030cc-d7ee-4059-b2d7-fb95ea8e267b,Gravedigger,{3}{B},4.0,Creature — Zombie,"When this creature enters, you may return target creature card from your graveyard to your hand.",B,B,legal,not_legal,legal,9606f1ce-afeb-4fc5-bd4c-2484cd232924
6d7f7e6e-5076-4af7-afe3-3e500835c4aa,Gravelgill Scoundrel,{1}{U},2.0,Creature — Merfolk Rogue,"Vigilance
Whenever this creature attacks, you may tap another untapped creature you control. If you do, this creature can't be blocked this turn.",U,U,legal,legal,legal,320bc30c-7a8a-411a-9f36-9c69126e131b
1eebc02a-9a64-49b0-8322-c5ce671457ce,Graveshifter,{3}{B},4.0,Creature — Shapeshifter,"Changeling (This card is every creature type.)
When this creature enters, you may return target creature card from your graveyard to your hand.",B,B,legal,legal,legal,dadb02b9-d3a0-4b51-bbc3-53b2316cd70d
7ceec1c7-c1f9-4d47-a203-6ee98c5d30d2,Gravewaker,{4}{B}{B},6.0,Creature — Bird Spirit,"Flying (This creature can't be blocked except by creatures with flying or reach.)
{5}{B}{B}: Return target creature card from your graveyard to the battlefield tapped.",B,B,legal,not_legal,legal,ee347d62-867e-40c2-bf4a-0ac2f627e24c
18dcf3db-d6c6-4780-a931-546e71a3ae3f,Gravity Negator,{3}{U},4.0,Creature — Eldrazi Drone,"Devoid (This card has no color.)
Flying
Whenever this creature attacks, you may pay {C}. If you do, another target creature gains flying until end of turn. ({C} represents colorless mana.)",,U,legal,not_legal,legal,85f9b63e-6ecc-4d85-9724-87b8176ae6a6
b0553bf6-ecc1-4d08-9777-19827658355b,Graypelt Hunter,{3}{G},4.0,Creature — Human Warrior Ally,"Trample
Whenever this creature or another Ally you control enters, you may put a +1/+1 counter on this creature.",G,G,legal,not_legal,legal,b93b6f18-87f1-4b7c-bfdd-1b2a6384b00d
60b36821-0fad-423c-98c4-f64d991719f3,Graypelt Refuge,,0.0,Land,"This land enters tapped.
When this land enters, you gain 1 life.
{T}: Add {G} or {W}.",,GW,legal,not_legal,legal,7f19981b-c9cf-42ac-99cf-6957ff47f6bd
5cb6ebf7-6a75-4464-9e39-e171fcb52de3,Great Forest Druid,{1}{G},2.0,Creature — Treefolk Druid,{T}: Add one mana of any color.,G,G,legal,legal,legal,8793a19e-6743-4031-86d9-2ff55f384549
b193a6df-da22-4e3c-a086-5b02c604089e,Great-Horn Krushok,{4}{W},5.0,Creature — Beast,,W,W,legal,not_legal,legal,122e08cb-407b-4b3d-8af0-077ff96bf160
dc0593c2-ccb4-4648-a592-c5bcd121dc72,Greater Good,{2}{G}{G},4.0,Enchantment,"Sacrifice a creature: Draw cards equal to the sacrificed creature's power, then discard three cards.",G,G,legal,not_legal,legal,4c73ca01-d8ea-4cd2-af60-b260030967b2
2d91cf05-fc39-4d76-8c95-62738b57e0a0,Griffin Protector,{3}{W},4.0,Creature — Griffin,"Flying
Whenever another creature you control enters, this creature gets +1/+1 until end of turn.",W,W,legal,not_legal,legal,5c32c4f2-4fa5-4874-8413-eac822121a0b
3b78f940-f840-4d4d-a09b-147202963367,Grim Contest,{1}{B}{G},3.0,Instant,Choose target creature you control and target creature an opponent controls. Each of those creatures deals damage equal to its toughness to the other.,BG,BG,legal,not_legal,legal,24c44722-c65a-41ae-92a9-9c9d7d759a8e
c1f1babf-13d0-4fc4-b192-127d2d5db7f1,Grim Guardian,{2}{B},3.0,Enchantment Creature — Zombie,"Constellation — Whenever this creature or another enchantment you control enters, each opponent loses 1 life.",B,B,legal,not_legal,legal,732b5444-0410-430b-87ca-cf2d9f165bd7
89738595-dafb-400a-bfba-91a53a37e717,Grim Hireling,{3}{B},4.0,Creature — Tiefling Rogue,"Whenever one or more creatures you control deal combat damage to a player, create two Treasure tokens.
{B}, Sacrifice X Treasures: Target creature gets -X/-X until end of turn. Activate only as a sorcery.",B,B,legal,not_legal,not_legal,08c6872d-4cb5-4a59-b1dd-38c107906660
96264dde-c0b6-4912-afc4-18757f938a4d,Grim Initiate,{R},1.0,Creature — Zombie Warrior,"First strike
When this creature dies, amass Zombies 1. (Put a +1/+1 counter on an Army you control. It's also a Zombie. If you don't control an Army, create a 0/0 black Zombie Army creature token first.)",R,R,legal,not_legal,legal,29b6ec9d-3861-48bf-a198-dc7efba5d89c
6b7de1c0-4b97-47e1-8ea7-ba55a8d16a9b,Grindclock,{2},2.0,Artifact,"{T}: Put a charge counter on this artifact.
{T}: Target player mills X cards, where X is the number of charge counters on this artifact.",,,legal,not_legal,legal,53498863-2e69-4b98-b0f0-7ae13dc1033e
5a6bbc45-6cb8-40ff-9f7c-7b2c5713dd78,Griptide,{3}{U},4.0,Instant,Put target creature on top of its owner's library.,U,U,legal,not_legal,legal,9fe8228b-ff9c-4a2a-a0e3-12f6d388a3c2
b7163800-41fc-410a-9650-50ae90842170,Gristle Glutton,{1}{R},2.0,Creature — Goblin Scout,"{T}, Blight 1: Discard a card. If you do, draw a card. (To blight 1, put a -1/-1 counter on a creature you control.)",R,R,legal,legal,legal,a4164af6-356e-4de2-8377-dbe70434a996
34bcc217-dd91-45a0-90d7-a94d02f1f317,Growth Spiral,{G}{U},2.0,Instant,Draw a card. You may put a land card from your hand onto the battlefield.,GU,GU,legal,not_legal,legal,7c77a6b1-ef06-4da5-8e86-a5204216cb77
d38476e9-2e47-4c0c-8129-483c0bd09ec0,Gruul Guildgate,,0.0,Land — Gate,"This land enters tapped.
{T}: Add {R} or {G}.",,GR,legal,legal,legal,33d10573-1695-4a73-b92d-d478572b85ec
d36e0c9f-c025-4dfe-9644-9cad2461ce38,Gruul Signet,{2},2.0,Artifact,"{1}, {T}: Add {R}{G}.",,GR,legal,not_legal,legal,72e34c48-8721-4603-a2de-2bbf17ceee11
657243dd-e479-4f4b-99d2-09b55d833a35,Gruul Turf,,0.0,Land,"This land enters tapped.
When this land enters, return a land you control to its owner's hand.
{T}: Add {R}{G}.",,GR,legal,not_legal,legal,c3543b96-43de-4abc-a1be-39a5224778f7
f62f3f4e-d506-43a9-91d8-bbc86e0a9167,Gryff's Boon,{W},1.0,Enchantment — Aura,"Enchant creature
Enchanted creature gets +1/+0 and has flying.
{3}{W}: Return this card from your graveyard to the battlefield attached to target creature. Activate only as a sorcery.",W,W,legal,not_legal,legal,e66702a8-b48d-4c80-9998-a14b094dcf88
7604aac7-82ae-4f5b-888d-a008754f716a,Guardians of Meletis,{3},3.0,Artifact Creature — Golem,Defender (This creature can't attack.),,,legal,not_legal,legal,85284586-7a9d-4344-aebd-f0e072c1f266
bde976c6-afed-44bb-8e3d-4103289dff5e,Gudul Lurker,{U},1.0,Creature — Salamander,"This creature can't be blocked.
Megamorph {U} (You may cast this card face down as a 2/2 creature for {3}. Turn it face up any time for its megamorph cost and put a +1/+1 counter on it.)",U,U,legal,not_legal,legal,c84d5344-2d15-43da-b536-27e0d308606b
98005890-d566-4a27-906f-625513171e85,Guidelight Matrix,{2},2.0,Artifact,"When this artifact enters, draw a card.
{2}, {T}: Target Mount you control becomes saddled until end of turn. Activate only as a sorcery.
{2}, {T}: Target Vehicle you control becomes an artifact creature until end of turn.",,,legal,legal,legal,cccf7fb5-c043-4a1f-ad2f-edb280cb5037
a7e7cacf-cc2f-45ce-abb1-7b66d1e2fabc,Guild Globe,{2},2.0,Artifact,"When this artifact enters, draw a card.
{2}, {T}, Sacrifice this artifact: Add two mana of different colors.",,,legal,not_legal,legal,a7faf99e-f61f-46cb-a275-2e12c41f1e31
ace6403d-9fac-4d0f-a6ea-eb2ff3da259d,Guildmages' Forum,,0.0,Land,"{T}: Add {C}.
{1}, {T}: Add one mana of any color. If that mana is spent on a multicolored creature spell, that creature enters with an additional +1/+1 counter on it.",,,legal,not_legal,legal,cba12bda-d460-4206-8469-4357c967b9b8
315772f2-abd2-4681-b8c8-1db4b0ccbbcd,Gurmag Angler,{6}{B},7.0,Creature — Zombie Fish,Delve (Each card you exile from your graveyard while casting this spell pays for {1}.),B,B,legal,not_legal,legal,c60a8cf1-a8c7-4f45-bbd3-188fab2652f9
3f49dfa6-d0d4-4b58-8417-ed11c062e220,Gust-Skimmer,{2},2.0,Artifact Creature — Insect,{U}: This creature gains flying until end of turn.,,U,legal,not_legal,legal,5970d053-e2e8-471b-b342-2e9b9177724c
3a1efa7e-21d5-47a1-bcd8-7d4616be0d58,Haazda Marshal,{W},1.0,Creature — Human Soldier,"Whenever this creature and at least two other creatures attack, create a 1/1 white Soldier creature token with lifelink.",W,W,legal,not_legal,legal,5c561d89-b02d-4f1a-b49a-cdf2def3404d
d2f59fa6-8e61-4a70-8044-196d7b26ec9e,Hagra Sharpshooter,{2}{B},3.0,Creature — Human Assassin Ally,{4}{B}: Target creature gets -1/-1 until end of turn.,B,B,legal,not_legal,legal,a706b2e3-bd0e-4111-8b68-976869c7d707
42d121a2-5266-483a-ab16-e0a8073cd6a3,Halimar Depths,,0.0,Land,"This land enters tapped.
When this land enters, look at the top three cards of your library, then put them back in any order.
{T}: Add {U}.",,U,legal,not_legal,legal,36a04300-764b-4faf-ad46-7516360c9516
f1750962-a87c-49f6-b731-02ae971ac6ea,Hallowed Fountain,,0.0,Land — Plains Island,"({T}: Add {W} or {U}.)
As this land enters, you may pay 2 life. If you don't, it enters tapped.",,UW,legal,legal,legal,e056b55f-82ed-4fe0-ab0c-bb20fa4a218a
c7371040-160c-4502-b7f9-77b7f54cc020,"Hama Pashar, Ruin Seeker",{1}{W}{U},3.0,Legendary Creature — Human Wizard,Room abilities of dungeons you own trigger an additional time.,UW,UW,legal,not_legal,legal,47b8eb2e-73ac-4ad6-9ab6-4f8da7b41020
e3955573-3db5-490e-903e-65e0172a9202,Hammer of Nazahn,{4},4.0,Legendary Artifact — Equipment,"Whenever Hammer of Nazahn or another Equipment you control enters, you may attach that Equipment to target creature you control.
Equipped creature gets +2/+0 and has indestructible.
Equip {4}",,,legal,not_legal,not_legal,fa055f1f-be94-4682-8e4f-f022c95e6d58
143d3fcf-2152-4911-b95a-d23b91662f33,Hapatra's Mark,{G},1.0,Instant,Target creature you control gains hexproof until end of turn. Remove all -1/-1 counters from it. (A creature with hexproof can't be the target of spells or abilities your opponents control.),G,G,legal,not_legal,legal,199d6a8d-008d-4495-9cbc-b8d680fab13c
fc1eb1c9-b22b-41a1-8b13-94a0e758db0f,Haphazard Bombardment,{5}{R},6.0,Enchantment,"When this enchantment enters, choose four nonenchantment permanents you don't control and put an aim counter on each of them.
At the beginning of your end step, if two or more permanents you don't control have an aim counter on them, destroy one of those permanents at random.",R,R,legal,not_legal,legal,e558a5bd-e8f9-477f-a514-1bf0708f4e9e
7eff84f1-f772-497a-b350-bbc93d0230f7,Harmonize,{2}{G}{G},4.0,Sorcery,Draw three cards.,G,G,legal,not_legal,legal,fcc39244-3c5e-491e-9b40-dfeed0cb62c8
b93cd38a-1d0c-40e6-aaf1-621a2c88bf46,Harmonized Crescendo,{4}{U}{U},6.0,Instant,"Convoke (Your creatures can help cast this spell. Each creature you tap while casting this spell pays for {1} or one mana of that creature's color.)
Choose a creature type. Draw a card for each permanent you control of that type.",U,U,legal,legal,legal,2715e0c0-9913-4bea-9a42-ad1164f6130a
74fc88d5-19c3-4516-9a06-e9573d659caa,Haunted Cloak,{3},3.0,Artifact — Equipment,"Equipped creature has vigilance, trample, and haste.
Equip {1} ({1}: Attach to target creature you control. Equip only as a sorcery.)",,,legal,not_legal,legal,ef142a2a-08e8-4344-8626-239690b3bb87
acc9c16a-5e72-43bd-87e1-56a16aa892f5,Haven of the Spirit Dragon,,0.0,Land,"{T}: Add {C}.
{T}: Add one mana of any color. Spend this mana only to cast a Dragon creature spell.
{2}, {T}, Sacrifice this land: Return target Dragon creature card or Ugin planeswalker card from your graveyard to your hand.",,,legal,not_legal,legal,637ea3f0-d3ec-4cd4-8725-b845c50a6b96
be1c2607-091a-41e7-ae4c-73c7e5689739,Havoc Devils,{2}{R}{R},4.0,Creature — Devil,Trample (This creature can deal excess combat damage to the player or planeswalker it's attacking.),R,R,legal,not_legal,legal,2f003678-0f17-4f1d-87d5-83613a82044b
f02a4cbf-f0bb-4bc7-99c2-6afa1b41ebb8,Hazoret's Monument,{3},3.0,Legendary Artifact,"Red creature spells you cast cost {1} less to cast.
Whenever you cast a creature spell, you may discard a card. If you do, draw a card.",,,legal,not_legal,legal,7a0a70f2-f2cb-4a08-a1a7-95c8fc3de6e3
28a52ba1-95da-44e1-8ac5-0dc23c902394,Healer's Hawk,{W},1.0,Creature — Bird,"Flying
Lifelink (Damage dealt by this creature also causes you to gain that much life.)",W,W,legal,legal,legal,3313bd5c-b657-47a3-822a-dd0d9165492a
ebe9dad7-d74d-4fa8-b17a-88ff79209379,Heart-Piercer Bow,{2},2.0,Artifact — Equipment,"Whenever equipped creature attacks, this Equipment deals 1 damage to target creature defending player controls.
Equip {1} ({1}: Attach to target creature you control. Equip only as a sorcery.)",,,legal,not_legal,legal,48168005-65cc-43dc-9d45-17ea5dd4848f
2f6f5054-4a48-458e-969e-3a0f0e507354,Heartfire,{1}{R},2.0,Instant,"As an additional cost to cast this spell, sacrifice a creature or planeswalker.
Heartfire deals 4 damage to any target.",R,R,legal,not_legal,legal,7db219ea-2ed1-4a86-955c-d61ecedbc019
f8fca88f-5eab-4854-913c-44261720a4d2,Heartstabber Mosquito,{3}{B},4.0,Creature — Insect,"Kicker {2}{B} (You may pay an additional {2}{B} as you cast this spell.)
Flying
When this creature enters, if it was kicked, destroy target creature.",B,B,legal,not_legal,legal,b2ce0a6f-4990-41ae-a37d-b89da2b9e4de
32263baa-d3f0-463f-92b3-4e9938476add,Hedron Archive,{4},4.0,Artifact,"{T}: Add {C}{C}.
{2}, {T}, Sacrifice this artifact: Draw two cards.",,,legal,legal,legal,f2dfe2d4-57a4-4136-a272-fd22896c8105
0b9a4e06-b21d-4cbe-906f-9dbd08dbe5d3,Hedron Crawler,{2},2.0,Artifact Creature — Construct,{T}: Add {C}. ({C} represents colorless mana.),,,legal,not_legal,legal,9f827f92-1df6-4fd0-aa61-ec2e53476f9c
cc9523da-f48e-49ab-9989-a4031dafb426,Heirloom Auntie,{2}{B},3.0,Creature — Goblin Warlock,"This creature enters with two -1/-1 counters on it.
Whenever another creature you control dies, surveil 1, then remove a -1/-1 counter from this creature. (To surveil 1, look at the top card of your library. You may put it into your graveyard.)",B,B,legal,legal,legal,cac251b2-d2cc-45b6-9ca8-678e0eab56ea
7c3a8766-e440-48c5-a561-197490efdba5,Heirloom Blade,{3},3.0,Artifact — Equipment,"Equipped creature gets +3/+1.
Whenever equipped creature dies, you may reveal cards from the top of your library until you reveal a creature card that shares a creature type with it. Put that card into your hand and the rest on the bottom of your library in a random order.
Equip {1}",,,legal,not_legal,not_legal,7fcda1a2-87e0-4b9e-acb9-0bab521792fe
9ddc5a06-b4e1-459a-9e39-7cd1aa994fe1,Helix Pinnacle,{G},1.0,Enchantment,"Shroud (This enchantment can't be the target of spells or abilities.)
{X}: Put X tower counters on this enchantment.
At the beginning of your upkeep, if there are 100 or more tower counters on this enchantment, you win the game.",G,G,legal,not_legal,legal,6c9d51b0-21d4-40e3-91cd-b9d7b6365dda
5d307515-6ea1-4b1f-8e4b-49bfebfbdfcc,Hellish Rebuke,{2}{B},3.0,Instant,"Until end of turn, permanents your opponents control gain ""When this permanent deals damage to the player who cast Hellish Rebuke, sacrifice this permanent. You lose 2 life.""",B,B,legal,not_legal,not_legal,b4b558cf-8754-4c4f-87f1-8e6d84b93658
d4f28a4b-d821-4132-bdec-4c528318f8e2,Hellkite Charger,{4}{R}{R},6.0,Creature — Dragon,"Flying, haste
Whenever this creature attacks, you may pay {5}{R}{R}. If you do, untap all attacking creatures and after this phase, there is an additional combat phase.",R,R,legal,not_legal,legal,6836c646-83ff-4bf8-96dd-4cbdd6c7e861
c02c5547-b9c9-4b2d-9d12-e87bfba8f2d2,Herald's Horn,{3},3.0,Artifact,"As this artifact enters, choose a creature type.
Creature spells you cast of the chosen type cost {1} less to cast.
At the beginning of your upkeep, look at the top card of your library. If it's a creature card of the chosen type, you may reveal it and put it into your hand.",,,legal,not_legal,not_legal,07b06421-778a-4d23-862b-30fc5fa25928
e6bcd25d-39b6-4619-8a27-9f3d87f4a17b,Hero's Blade,{2},2.0,Artifact — Equipment,"Equipped creature gets +3/+2.
Whenever a legendary creature you control enters, you may attach this Equipment to it.
Equip {4} ({4}: Attach to target creature you control. Equip only as a sorcery.)",,,legal,not_legal,legal,6b945607-e775-48bf-acf1-72b90aeca6cf
24882fa2-3fe9-4c1b-aa3d-0e6488b9db27,Heroic Intervention,{1}{G},2.0,Instant,Permanents you control gain hexproof and indestructible until end of turn.,G,G,legal,not_legal,legal,c5e72882-dbf8-42d2-9a98-31f2f71e2ed9
89457fa8-b0e2-4277-b6a9-c6601c59b46d,Hex,{4}{B}{B},6.0,Sorcery,Destroy six target creatures.,B,B,legal,not_legal,legal,c5c84b30-4b52-43b4-a17b-120fc62a4dd2
86fb3749-37d6-48a6-8524-71e996850307,High Market,,0.0,Land,"{T}: Add {C}.
{T}, Sacrifice a creature: You gain 1 life.",,,legal,not_legal,not_legal,9d56844f-ee3b-4161-85d2-18b872a9b465
0e0d40a6-e0a4-4fb2-be72-314f7d66b7eb,Highland Game,{1}{G},2.0,Creature — Elk,"When this creature dies, you gain 2 life.",G,G,legal,not_legal,legal,4ec59964-42c1-4c29-8c60-37b7f376c347
c643365a-4255-4d23-adb9-0f8b456f0838,Highland Lake,,0.0,Land,"This land enters tapped.
{T}: Add {U} or {R}.",,RU,legal,not_legal,legal,b538a465-81c6-4282-9ac3-061167ac7dc3
29b22d41-4c6e-46de-8553-983d05f12f0f,Hinterland Logger // Timber Shredder,,2.0,Creature — Human Werewolf // Creature — Werewolf,,,G,legal,not_legal,legal,14529bed-9632-4d58-8edc-c5a1359f6604
fed32c9c-7458-4143-b0b2-45ca23ba25ee,Hired Blade,{2}{B},3.0,Creature — Human Assassin,Flash (You may cast this spell any time you could cast an instant.),B,B,legal,not_legal,legal,7624c9aa-2f47-4fcc-a9fe-cc843e8de053
cf9db2be-3c95-45a2-ab85-694e3bd3bf1d,Hoard-Smelter Dragon,{4}{R}{R},6.0,Creature — Dragon,"Flying
{3}{R}: Destroy target artifact. This creature gets +X/+0 until end of turn, where X is that artifact's mana value.",R,R,legal,not_legal,legal,2f4c5867-73c4-4e10-bbf5-6a69df879547
e6b77545-de5c-4f4a-b7ea-83498fb33ba8,Holdout Settlement,,0.0,Land,"{T}: Add {C}. ({C} represents colorless mana.)
{T}, Tap an untapped creature you control: Add one mana of any color.",,,legal,not_legal,legal,cf08c317-6f2d-47e3-ab5b-8af73fd3e404
86df1de7-967a-4420-847f-7a77d0217a15,Holy Avenger,{2}{W},3.0,Artifact — Equipment,"Equipped creature has double strike.
Whenever equipped creature deals combat damage, you may put an Aura card from your hand onto the battlefield attached to it.
Equip {2}{W}",W,W,legal,not_legal,not_legal,4d64d158-3477-4530-9596-2d4e4eceb11a
5ce7780d-8a32-44c2-b779-aae732f5b05d,Honor the God-Pharaoh,{2}{R},3.0,Sorcery,"As an additional cost to cast this spell, discard a card.
Draw two cards. Amass Zombies 1. (Put a +1/+1 counter on an Army you control. It's also a Zombie. If you don't control an Army, create a 0/0 black Zombie Army creature token first.)",R,R,legal,not_legal,legal,75844d13-74f5-4008-9bc6-2f6d04f378aa
87e6aabb-41f5-41d2-b662-cd09ad61a1c8,Honor's Reward,{2}{W},3.0,Instant,You gain 4 life. Bolster 2. (Choose a creature with the least toughness among creatures you control and put two +1/+1 counters on it.),W,W,legal,not_legal,legal,084c8b16-7aae-4d1f-87c2-6a150f11bb15
a3f76c99-b608-425e-83ca-675acb7c2693,Hooded Assassin,{2}{B},3.0,Creature — Human Assassin,"When this creature enters, choose one —
• Put a +1/+1 counter on this creature.
• Destroy target creature that was dealt damage this turn.",B,B,legal,not_legal,legal,05d4da1d-5b8c-43be-aa30-22df69c0cc23
4e40a68a-5e0c-4f4f-9757-02f8139797e2,Hooded Brawler,{2}{G},3.0,Creature — Snake Warrior,"You may exert this creature as it attacks. When you do, it gets +2/+2 until end of turn. (An exerted creature won't untap during your next untap step.)",G,G,legal,not_legal,legal,1b4dab03-abf1-4c8f-983e-77dffcfb1578
70e35385-6129-4bd1-861c-df04469566b7,Hooting Mandrills,{5}{G},6.0,Creature — Ape,"Delve (Each card you exile from your graveyard while casting this spell pays for {1}.)
Trample",G,G,legal,not_legal,legal,090d678c-f0e4-4757-8900-93dfe67aefe9
553b9606-0519-4b85-b6ae-acc126e537e1,Hope Against Hope,{2}{W},3.0,Enchantment — Aura,"Enchant creature
Enchanted creature gets +1/+1 for each creature you control.
As long as enchanted creature is a Human, it has first strike.",W,W,legal,not_legal,legal,a6f7c6f5-159a-40ed-823a-8740a1ce373e
c5c2d209-e3ef-4b0d-85f5-e7402dcf09eb,Hostage Taker,{2}{U}{B},4.0,Creature — Human Pirate,"When this creature enters, exile another target creature or artifact until this creature leaves the battlefield. You may cast that card for as long as it remains exiled, and mana of any type can be spent to cast that spell.",BU,BU,legal,not_legal,legal,c8b103d1-d5f5-4dde-9474-e899d1e51eac
e050a0a3-f48e-4cba-9cd4-692a92261c9f,Hostile Minotaur,{3}{R},4.0,Creature — Minotaur,Haste (This creature can attack and {T} as soon as it comes under your control.),R,R,legal,not_legal,legal,ad6d0a11-3a9c-4de0-9a46-06d2b9356eb7
2002dd67-2347-4869-98de-299074206684,Hour of Need,{2}{U},3.0,Instant,"Strive — This spell costs {1}{U} more to cast for each target beyond the first.
Exile any number of target creatures. For each creature exiled this way, its controller creates a 4/4 blue Sphinx creature token with flying.",U,U,legal,not_legal,legal,737b859d-d81e-4da3-a8bf-9a8f23c75a50
fb9cd9d0-8eea-4aa8-bb9c-bb0aac847421,Hovel Hurler,{3}{R/W}{R/W},5.0,Creature — Giant Warrior,"This creature enters with two -1/-1 counters on it.
{R/W}{R/W}, Remove a counter from this creature: Another target creature you control gets +1/+0 and gains flying until end of turn. Activate only as a sorcery.",RW,RW,legal,legal,legal,adc6a4c5-4e92-43ee-8d0c-204042965eb7
403cf6ae-48a9-4ea9-894e-7135cfca4e1b,Howl from Beyond,{X}{B},1.0,Instant,Target creature gets +X/+0 until end of turn.,B,B,legal,not_legal,not_legal,ca9d0d6b-056e-4b94-8de5-a325768f67b6
a2fb7d03-d6bf-4716-9ca4-bd7dbcf9ae66,Howlpack Wolf,{2}{R},3.0,Creature — Wolf,This creature can't block unless you control another Wolf or Werewolf.,R,R,legal,not_legal,legal,e7379689-8e4f-4c23-9276-3510f70ba7ff
95fbd573-c04c-408a-a8c3-f7e1ad5ddac0,Hubris,{1}{U},2.0,Instant,Return target creature and all Auras attached to it to their owners' hands.,U,U,legal,not_legal,legal,05f5b473-edad-43a9-b4e7-b6d3fc877cf2
b6578a36-c43c-4474-81bd-5711cc4f626e,Hulking Devil,{3}{R},4.0,Creature — Devil,,R,R,legal,not_legal,legal,031ecfc4-cc84-4f74-8eb1-3eaa234d8093
91933f1a-4aad-4f67-8151-a47ab6d0e42c,Humbler of Mortals,{4}{G}{G},6.0,Enchantment Creature — Elemental,"Constellation — Whenever this creature or another enchantment you control enters, creatures you control gain trample until end of turn.",G,G,legal,not_legal,legal,f12149b9-b450-4ad6-ab5d-9a0eeb36997e
395922cc-d524-4241-a7d8-9c7959f0b9db,Humongulus,{4}{U},5.0,Creature — Homunculus,Hexproof (This creature can't be the target of spells or abilities your opponents control.),U,U,legal,not_legal,legal,21982dc7-4f79-4251-8382-95cd1f627e0f
d1dde190-8124-4590-9507-801ea4c8cde3,Hungering Hydra,{X}{G},1.0,Creature — Hydra,"This creature enters with X +1/+1 counters on it.
This creature can't be blocked by more than one creature.
Whenever this creature is dealt damage, put that many +1/+1 counters on it. (It must survive the damage to get the counters.)",G,G,legal,not_legal,legal,84127b83-e75a-4f12-92ca-46f50bb89699
a5fdc358-25de-4a5b-b965-53a01df6019c,Hungry Lynx,{1}{G},2.0,Creature — Cat,"Cats you control have protection from Rats. (They can't be blocked, targeted, or dealt damage by Rats.)
At the beginning of your end step, target opponent creates a 1/1 black Rat creature token with deathtouch.
Whenever a Rat dies, put a +1/+1 counter on each Cat you control.",G,G,legal,not_legal,not_legal,c0ad6f84-8ede-4411-9979-cefee255fa70
37864d13-2aaa-477b-8453-a42f77ab4437,Hunt the Weak,{3}{G},4.0,Sorcery,Put a +1/+1 counter on target creature you control. Then that creature fights target creature you don't control. (Each deals damage equal to its power to the other.),G,G,legal,not_legal,legal,05d6cab6-b0f9-4631-a4bd-5ff1d6d53880
698c9882-4117-4919-8a19-b1cbffc16692,Hunted Wumpus,{3}{G},4.0,Creature — Beast,"When this creature enters, each other player may put a creature card from their hand onto the battlefield.",G,G,legal,not_legal,legal,2bf7258f-83c0-4cb0-8b1c-1f0c131abcd3
e1a776d2-fb3a-4215-a14e-4b6e9bda95df,Hunter's Prowess,{4}{G},5.0,Sorcery,"Until end of turn, target creature gets +3/+3 and gains trample and ""Whenever this creature deals combat damage to a player, draw that many cards.""",G,G,legal,not_legal,legal,64e0f9db-fd82-44d0-9d98-12275e2f05e8
4254c048-7207-4ca0-bd20-ebb418d9ed1a,Hurl Through Hell,{2}{B}{R},4.0,Instant,"Exile target creature. Until the end of your next turn, you may cast that card and you may spend mana as though it were mana of any color to cast that spell.",BR,BR,legal,not_legal,not_legal,47a3321c-28ed-4cd7-84d8-c8cecc09348b
d38b027d-eb24-46ba-9d46-3be08eedbe2a,Hyena Pack,{2}{R}{R},4.0,Creature — Hyena,,R,R,legal,not_legal,legal,f9fa8351-567e-4ef4-8346-c58e50c778a6
5b5ef43b-13fd-4461-8d2d-18be65e9a790,Ichor Wellspring,{2},2.0,Artifact,"When this artifact enters or is put into a graveyard from the battlefield, draw a card.",,,legal,not_legal,legal,537721ab-088f-4dbd-b984-67f68eaaf3cf
1f74d046-e695-4ad9-a27c-8ff1f30d4c23,Ignite the Beacon,{4}{W},5.0,Instant,"Search your library for up to two planeswalker cards, reveal them, put them into your hand, then shuffle.",W,W,legal,not_legal,legal,4e11d6f9-0b80-4b19-ab96-23f80b66b409
915aa871-4c5e-4799-9a07-d7b855df4e7a,Ignite the Future,{3}{R},4.0,Sorcery,"Exile the top three cards of your library. Until the end of your next turn, you may play those cards. If this spell was cast from a graveyard, you may play cards this way without paying their mana costs.
Flashback {7}{R} (You may cast this card from your graveyard for its flashback cost. Then exile it.)",R,R,legal,not_legal,not_legal,6fdc6fcf-2fd7-4751-b352-0992bc880132
8d571129-9030-47e0-9624-a49fb63e5a1b,"Ilharg, the Raze-Boar",{3}{R}{R},5.0,Legendary Creature — Boar God,"Trample
Whenever Ilharg attacks, you may put a creature card from your hand onto the battlefield tapped and attacking. Return that creature to your hand at the beginning of the next end step.
When Ilharg dies or is put into exile from the battlefield, you may put it into its owner's library third from the top.",R,R,legal,not_legal,legal,c0109b60-09aa-4a03-92e7-0c651d976d51
07f62413-92cc-4f44-a827-a7c3a7318602,Ill-Tempered Cyclops,{3}{R},4.0,Creature — Cyclops,"Trample
{5}{R}: Monstrosity 3. (If this creature isn't monstrous, put three +1/+1 counters on it and it becomes monstrous.)",R,R,legal,not_legal,legal,d1f7f757-31ac-43e6-8be0-c5948d478d2f
b608288e-1755-4738-b828-9df6998bae8d,Illusion Spinners,{4}{U},5.0,Creature — Faerie Wizard,"You may cast this spell as though it had flash if you control a Faerie.
Flying
This creature has hexproof as long as it's untapped. (It can't be the target of spells or abilities your opponents control.)",U,U,legal,legal,legal,eb4229a9-8df4-4adc-9d3e-acd2221fa3e9
b1bc4498-43c0-461c-afba-ef81d743e5aa,Imaginary Threats,{2}{U}{U},4.0,Instant,"Creatures target opponent controls attack this turn if able. During that player's next untap step, creatures they control don't untap.
Cycling {2} ({2}, Discard this card: Draw a card.)",U,U,legal,not_legal,legal,50c3a6a5-9a50-4a38-9f5f-b8caa320909d
ec664e13-b7c4-4ca3-80d6-55a564d97937,Immovable Rod,{W},1.0,Artifact,"You may choose not to untap this artifact during your untap step.
Whenever this artifact becomes untapped, venture into the dungeon.
{3}{W}, {T}: For as long as this artifact remains tapped, another target permanent loses all abilities and can't attack or block.",W,W,legal,not_legal,not_legal,214c87be-7ce3-48a0-b2eb-26eff75636c9
c7107a2d-2dcf-42e9-9ea9-d0fc0d6d2ec6,Impassioned Orator,{1}{W},2.0,Creature — Human Cleric,"Whenever another creature you control enters, you gain 1 life.",W,W,legal,not_legal,legal,2bd746e3-8934-4c86-894e-2cb1738b1d58
102bbedf-9f84-433a-bd01-e1a4c05fbedb,Impeccable Timing,{1}{W},2.0,Instant,Impeccable Timing deals 3 damage to target attacking or blocking creature.,W,W,legal,not_legal,legal,a98cee1e-64d8-4662-a911-009b031dc888
0baf75b3-cc02-47cc-873a-8d5f17da0ec9,Implement of Examination,{3},3.0,Artifact,"{U}, Sacrifice this artifact: Draw a card.
When this artifact is put into a graveyard from the battlefield, draw a card.",,U,legal,not_legal,legal,a791aa71-00db-422d-a78a-53b121c24db5
339a7418-9a29-4eae-a3c2-ea590d175936,Imprisoned in the Moon,{2}{U},3.0,Enchantment — Aura,"Enchant creature, land, or planeswalker
Enchanted permanent is a colorless land with ""{T}: Add {C}"" and loses all other card types and abilities.",U,U,legal,legal,legal,1d916675-1e7e-477f-bbb5-bd54fdfd8159
02b6900b-219f-4832-8f93-6ef27ee76c0c,Impulsivity,{6}{R},7.0,Creature — Elemental Incarnation,"When this creature enters, you may cast target instant or sorcery card from a graveyard without paying its mana cost. If that spell would be put into a graveyard, exile it instead.
Encore {7}{R}{R} ({7}{R}{R}, Exile this card from your graveyard: For each opponent, create a token copy that attacks that opponent this turn if able. They gain haste. Sacrifice them at the beginning of the next end step. Activate only as a sorcery.)",R,R,legal,not_legal,not_legal,a85bec35-f22e-4374-ab8a-94663d69335a
616c7f45-5295-4b8c-a828-ff3a5ba4d917,Increasing Savagery,{2}{G}{G},4.0,Sorcery,"Put five +1/+1 counters on target creature. If this spell was cast from a graveyard, put ten +1/+1 counters on that creature instead.
Flashback {5}{G}{G} (You may cast this card from your graveyard for its flashback cost. Then exile it.)",G,G,legal,not_legal,legal,c59b2ab3-c5e3-4599-9af0-3fa7a9544b97
802ff367-e52e-4f79-aa0f-96c45fe477a0,Incremental Growth,{3}{G}{G},5.0,Sorcery,"Put a +1/+1 counter on target creature, two +1/+1 counters on another target creature, and three +1/+1 counters on a third target creature.",G,G,legal,not_legal,legal,e90aaa61-3281-4e8f-9eb3-548896d0c14d
363edb16-009f-4cc2-99e3-2b15db84e7af,Incubation // Incongruity,{G/U} // {1}{G}{U},4.0,Sorcery // Instant,,GU,GU,legal,not_legal,legal,dd3a4d6e-34ae-4047-a9c7-11e28b0a276d
069c3c87-81a8-4d2a-ad2f-8d3243d0e3db,Indomitable Might,{3}{G},4.0,Enchantment — Aura,"Flash
Enchant creature
Enchanted creature gets +3/+3.
Enchanted creature's controller may have it assign its combat damage as though it weren't blocked.",G,G,legal,not_legal,not_legal,063b156b-7e05-4b49-a40a-54d713004ebf
6f01c124-0518-428c-9efe-7f3741f3c109,Induced Amnesia,{2}{U},3.0,Enchantment,"When this enchantment enters, target player exiles all cards from their hand face down, then draws that many cards.
When this enchantment is put into a graveyard from the battlefield, return the exiled cards to their owner's hand.",U,U,legal,not_legal,legal,a4ee56f1-9f08-459f-8517-0fe7bc645fa3
0931206b-eed2-40d0-9496-5ecefc7f8f90,Infectious Horror,{3}{B},4.0,Creature — Zombie Horror,"Whenever this creature attacks, each opponent loses 2 life.",B,B,legal,not_legal,legal,d17aaa92-10ca-4f70-b45e-5a51e9192efb
9107ece7-a263-4203-ab09-069193cc4902,Ingenious Skaab,{2}{U},3.0,Creature — Zombie Horror,"Prowess (Whenever you cast a noncreature spell, this creature gets +1/+1 until end of turn.)
{U}: This creature gets +1/-1 until end of turn.",U,U,legal,not_legal,legal,19d6ed0b-40ba-407d-94de-05a705e79b95
dbdd0963-b395-4cb8-ad9a-ed85a3e9f2e5,Inkwell Leviathan,{7}{U}{U},9.0,Artifact Creature — Leviathan,"Trample
Islandwalk (This creature can't be blocked as long as defending player controls an Island.)
Shroud (This creature can't be the target of spells or abilities.)",U,U,legal,not_legal,legal,cb380a5a-a3f9-42fb-ac5c-f54afa3c1079
d465a3d6-5830-456c-8e7a-908b464db846,Inspired Charge,{2}{W}{W},4.0,Instant,Creatures you control get +2/+1 until end of turn.,W,W,legal,not_legal,legal,0b42ef87-8147-4124-9086-0279d42589c9
4a294001-645b-4691-bb32-c240ba5b5320,Inspiring Captain,{3}{W},4.0,Creature — Human Knight,"When this creature enters, creatures you control get +1/+1 until end of turn.",W,W,legal,not_legal,legal,45704604-a1b3-4225-8466-aa76136c84a8
12f252b1-d3da-43af-ab31-0c8a6807c3c4,Integrity // Intervention,{R/W} // {2}{R}{W},5.0,Instant // Instant,,RW,RW,legal,not_legal,legal,4a82084e-b178-442b-8007-7b2a70f3fbba
c4272676-a38a-4b23-988e-9cdb2feb46c1,Interface Ace,{1}{W},2.0,Artifact Creature — Robot Pilot,"This creature saddles Mounts and crews Vehicles using its toughness rather than its power.
Whenever this creature becomes tapped during your turn, untap it. This ability triggers only once each turn.",W,W,legal,legal,legal,fcfd487a-a9e6-44e3-80af-bc384316106f
073169f2-da3a-4a93-8c01-b3fd8558d225,Interplanar Beacon,,0.0,Land,"Whenever you cast a planeswalker spell, you gain 1 life.
{T}: Add {C}.
{1}, {T}: Add two mana of different colors. Spend this mana only to cast planeswalker spells.",,,legal,not_legal,legal,132d8e2a-e1dd-4867-8e8c-e48b9450b350
9518ffbc-bb3d-4f48-a900-f5bad8302a87,"Intet, the Dreamer",{3}{G}{U}{R},6.0,Legendary Creature — Dragon,"Flying
Whenever Intet deals combat damage to a player, you may pay {2}{U}. If you do, exile the top card of your library face down. You may look at that card for as long as it remains exiled. You may play that card without paying its mana cost for as long as Intet remains on the battlefield.",GRU,GRU,legal,not_legal,legal,35517572-b5d4-4dbf-b090-4e4c4b040a0d
6e4bf4ee-317e-4c31-b121-6efbc6ae4fcf,Invading Manticore,{5}{R},6.0,Creature — Zombie Manticore,"When this creature enters, amass Zombies 2. (Put two +1/+1 counters on an Army you control. It's also a Zombie. If you don't control an Army, create a 0/0 black Zombie Army creature token first.)",R,R,legal,not_legal,legal,674e408b-f052-451c-9bf9-ac6f98753a9d
ee32ab1a-1120-4c34-a538-7bde9eff5a6e,Inventor's Goggles,{1},1.0,Artifact — Equipment,"Equipped creature gets +1/+2.
Whenever an Artificer you control enters, you may attach this Equipment to it.
Equip {2} ({2}: Attach to target creature you control. Equip only as a sorcery.)",,,legal,not_legal,legal,00a26fdf-fdce-4939-8c6a-c9dff623072f
87bd0fdb-c5b9-46ea-9858-1a870960351f,Invoke the Divine,{2}{W},3.0,Instant,Destroy target artifact or enchantment. You gain 4 life.,W,W,legal,not_legal,legal,7c1d36b5-37fb-4e52-ad85-c3a09a990ea0
fc5bde87-231e-424a-a8fa-cd9910a09d43,Iona's Blessing,{3}{W},4.0,Enchantment — Aura,"Enchant creature
Enchanted creature gets +2/+2, has vigilance, and can block an additional creature each combat.",W,W,legal,not_legal,legal,a30f26f7-5181-4bf1-9084-5563b4996a3c
7d78155c-c63f-48a3-86e5-12b80400d8de,Iron Bully,{3},3.0,Artifact Creature — Golem,"Menace (This creature can't be blocked except by two or more creatures.)
When this creature enters, put a +1/+1 counter on target creature.",,,legal,not_legal,legal,ded2c66e-402c-4d5c-b987-402679aa914b
1c77b4da-b580-4ce9-b127-76de674f5694,Iron-Shield Elf,{1}{B},2.0,Creature — Elf Warrior,"Discard a card: This creature gains indestructible until end of turn. Tap it. (Damage and effects that say ""destroy"" don't destroy it. If its toughness is 0 or less, it still dies.)",B,B,legal,legal,legal,9e0140b2-0185-4adb-b365-2611ce89a0e2
bd1c9b5f-3b70-457c-8dd8-2420ce1c0d7c,Ironclad Krovod,{3}{W},4.0,Creature — Beast,,W,W,legal,not_legal,legal,afb16895-6542-405e-9793-154ffc439f23
693ca077-2b91-4de1-8136-8fe45f8ea5a7,Ironshell Beetle,{1}{G},2.0,Creature — Insect,"When this creature enters, put a +1/+1 counter on target creature.",G,G,legal,not_legal,legal,57f8b6b0-f858-41d5-9839-fd1247b9477f
b2c6aa39-2d2a-459c-a555-fb48ba993373,Island,,0.0,Basic Land — Island,({T}: Add {U}.),,U,legal,legal,legal,0830bbcf-ee78-4f8a-bc6c-547be3a9fc4c
a5da5ad6-4ed2-4041-a983-76a8c87fa109,Ivy Lane Denizen,{3}{G},4.0,Creature — Elf Warrior,"Whenever another green creature you control enters, put a +1/+1 counter on target creature.",G,G,legal,not_legal,legal,dba4b527-8dbf-4d11-af87-710ab9561182
e4a3d6f3-36ba-4e6d-a254-351bc8886f20,Izzet Chemister,{2}{R},3.0,Creature — Goblin Wizard,"Haste
{R}, {T}: Exile target instant or sorcery card from your graveyard.
{1}{R}, {T}, Sacrifice this creature: Cast any number of cards exiled with this creature without paying their mana costs.",R,R,legal,not_legal,not_legal,4073a490-1977-41c0-9e0d-953235b7f2b0
bf75a3d1-f184-4b48-a913-21caee1db084,Izzet Guildgate,,0.0,Land — Gate,"This land enters tapped.
{T}: Add {U} or {R}.",,RU,legal,legal,legal,2055a83a-99c8-4808-90b9-1c2fdcda79b4
7ee07546-2c2e-4679-b671-7ea509b1d3ea,Izzet Locket,{3},3.0,Artifact,"{T}: Add {U} or {R}.
{U/R}{U/R}{U/R}{U/R}, {T}, Sacrifice this artifact: Draw two cards.",,RU,legal,not_legal,legal,348f3bec-ad16-4bc7-8da9-3956c9900f95
ce588fd3-642e-4df9-8061-6fcfc6e81270,Jace's Ingenuity,{3}{U}{U},5.0,Instant,Draw three cards.,U,U,legal,not_legal,legal,ad4932ba-e272-4f22-89f5-a6153ca570b5
ab56df8f-0ba3-4d66-bde2-4c9b4acf07e5,Jace's Phantasm,{U},1.0,Creature — Illusion,"Flying
This creature gets +4/+4 as long as an opponent has ten or more cards in their graveyard.",U,U,legal,not_legal,legal,16829504-385c-4154-8e6d-f3fbaf273890
bfcffe67-7db6-41bb-bfcc-400cbb8c8a9c,Jace's Triumph,{2}{U},3.0,Sorcery,"Draw two cards. If you control a Jace planeswalker, draw three cards instead.",U,U,legal,not_legal,legal,4924f177-5ee2-4d3f-9603-4b9aef4dac09
ac29873e-28c3-4933-b427-61d34ff0afcd,"Jace, Unraveler of Secrets",{3}{U}{U},5.0,Legendary Planeswalker — Jace,"+1: Scry 1, then draw a card.
−2: Return target creature to its owner's hand.
−8: You get an emblem with ""Whenever an opponent casts their first spell each turn, counter that spell.""",U,U,legal,not_legal,legal,20d5521d-e9f1-49e0-aa13-8e6de794cb12
f7139c70-dfcc-41ae-9d0d-b6e8c07a063d,Jagged-Scar Archers,{1}{G}{G},3.0,Creature — Elf Archer,"Jagged-Scar Archers's power and toughness are each equal to the number of Elves you control.
{T}: This creature deals damage equal to its power to target creature with flying.",G,G,legal,not_legal,legal,0f6ff643-461c-428b-8420-3b3393bbb003
019aa6a6-7be8-4c3d-8f3e-4ccce2b9c3d3,"Jareth, Leonine Titan",{3}{W}{W}{W},6.0,Legendary Creature — Cat Giant,"Whenever Jareth blocks, it gets +7/+7 until end of turn.
{W}: Jareth gains protection from the color of your choice until end of turn.",W,W,legal,not_legal,not_legal,a2d609fd-d401-4731-886d-e6ff8abf75f5
1be474c6-5a9f-4c58-adc6-c1508348adea,Jaya's Greeting,{1}{R},2.0,Instant,Jaya's Greeting deals 3 damage to target creature. Scry 1.,R,R,legal,not_legal,legal,ec66f169-5cf9-4d7c-a5ab-c64fc4801358
10a87c58-2d8b-4658-b7d6-8dcbb44a2d2f,"Jaya, Venerated Firemage",{4}{R},5.0,Legendary Planeswalker — Jaya,"If another red source you control would deal damage to a permanent or player, it deals that much damage plus 1 to that permanent or player instead.
−2: Jaya deals 2 damage to any target.",R,R,legal,not_legal,legal,129dc8a8-9fbc-4300-b559-243395dc6ed5
609d13dc-c850-4877-8ad3-e84171b58069,Jazal Goldmane,{2}{W}{W},4.0,Legendary Creature — Cat Warrior,"First strike (This creature deals combat damage before creatures without first strike.)
{3}{W}{W}: Attacking creatures you control get +X/+X until end of turn, where X is the number of attacking creatures.",W,W,legal,legal,legal,22641d54-f16c-417d-b6e0-a77e8f56e31c
c065a7c0-272b-4b7e-a41c-7164352cd189,Jedit Ojanen of Efrava,{3}{G}{G}{G},6.0,Legendary Creature — Cat Warrior,"Forestwalk (This creature can't be blocked as long as defending player controls a Forest.)
Whenever Jedit Ojanen attacks or blocks, create a 2/2 green Cat Warrior creature token with forestwalk.",G,G,legal,not_legal,legal,aba23c7b-27c0-440b-b9b2-f1cd3892ba7b
fda10ef2-f431-4d9b-96a4-4db4c98d2b0c,Jeskai Banner,{3},3.0,Artifact,"{T}: Add {U}, {R}, or {W}.
{U}{R}{W}, {T}, Sacrifice this artifact: Draw a card.",,RUW,legal,not_legal,legal,684dc050-a66b-4364-9880-56f383db6c0a
dfbd5ad1-0f68-4219-95c4-98f674f321be,Jeskai Elder,{1}{U},2.0,Creature — Human Monk,"Prowess (Whenever you cast a noncreature spell, this creature gets +1/+1 until end of turn.)
Whenever this creature deals combat damage to a player, you may draw a card. If you do, discard a card.",U,U,legal,not_legal,legal,bff9907c-4090-4dcc-aaf5-bc2a8dacce8b
5fe13418-c63c-4f3c-9a42-7ab06949e3cd,Jeskai Runemark,{2}{U},3.0,Enchantment — Aura,"Enchant creature
Enchanted creature gets +2/+2.
Enchanted creature has flying as long as you control a red or white permanent.",U,U,legal,not_legal,legal,2ada6302-326b-4ab1-a9a3-ae4fa6a9001c
b79d4b17-482e-415b-a63b-1f97a55e7583,Jeskai Sage,{1}{U},2.0,Creature — Human Monk,"Prowess (Whenever you cast a noncreature spell, this creature gets +1/+1 until end of turn.)
When this creature dies, draw a card.",U,U,legal,not_legal,legal,6dff4734-7b2a-4089-a78a-46199818f39d
ab747483-2aa1-4b25-b2fa-cf7372a1b1dc,Jousting Lance,{2},2.0,Artifact — Equipment,"Equipped creature gets +2/+0.
During your turn, equipped creature has first strike.
Equip {3} ({3}: Attach to target creature you control. Equip only as a sorcery.)",,,legal,not_legal,legal,446579ab-5e36-44e2-84d7-cfa537619146
6de714e1-446d-4fb9-9e3d-bcd3ec6af9ca,Jungle Hollow,,0.0,Land,"This land enters tapped.
When this land enters, you gain 1 life.
{T}: Add {B} or {G}.",,BG,legal,legal,legal,fea27aa7-7fcf-4198-b03a-5034a03ba81f
2e69537c-c898-4e13-a72d-ce3957a90304,Jungle Shrine,,0.0,Land,"This land enters tapped.
{T}: Add {R}, {G}, or {W}.",,GRW,legal,not_legal,legal,0b1a84b6-4202-4413-80ed-4142c51e619a
761ebd6a-8f53-46fa-b3cd-16616b773007,Just the Wind,{1}{U},2.0,Instant,"Return target creature to its owner's hand.
Madness {U} (If you discard this card, discard it into exile. When you do, cast it for its madness cost or put it into your graveyard.)",U,U,legal,not_legal,legal,98b3d18c-7029-4eff-a918-f75e7d9d79d7
bc63e7ca-e62a-4026-803d-eecdbbedf3c6,Justice Strike,{R}{W},2.0,Instant,Target creature deals damage to itself equal to its power.,RW,RW,legal,not_legal,legal,27619ce9-59df-4f0e-a5db-2d32a530e547
0214805d-d207-42da-a25f-2a8e1990904e,Justiciar's Portal,{1}{W},2.0,Instant,"Exile target creature you control, then return that card to the battlefield under its owner's control. It gains first strike until end of turn.",W,W,legal,not_legal,legal,1df611df-3490-4b07-8034-6da9a0122a81
2db8fc61-13af-4227-83f9-9f426ab978d3,Jwar Isle Avenger,{4}{U},5.0,Creature — Sphinx,"Surge {2}{U} (You may cast this spell for its surge cost if you or a teammate has cast another spell this turn.)
Flying",U,U,legal,not_legal,legal,0a5b059f-2fa3-474f-9c74-6d4021703add
2bc92c16-cd1e-4c32-9102-4593d77a9a9f,Kappa Tech-Wrecker,{1}{G},2.0,Creature — Turtle Ninja,"Ninjutsu {1}{G}
This creature enters with a deathtouch counter on it.
Whenever this creature deals combat damage to a player, you may remove a deathtouch counter from it. When you do, exile target artifact or enchantment that player controls.",G,G,legal,not_legal,legal,b9017ff4-d63f-4dd2-9157-c93fe4866bef
fc3e48c9-e303-435c-bdb1-7dc7881a9858,Karametra's Favor,{1}{G},2.0,Enchantment — Aura,"Enchant creature
When this Aura enters, draw a card.
Enchanted creature has ""{T}: Add one mana of any color.""",G,G,legal,not_legal,legal,bc036932-38c2-42df-9922-2d901028f2b8
47fde936-be71-4550-826b-b98d139cc57a,"Karazikar, the Eye Tyrant",{3}{B}{R},5.0,Legendary Creature — Beholder,"Whenever you attack a player, tap target creature that player controls and goad it. (Until your next turn, that creature attacks each combat if able and attacks a player other than you if able.)
Whenever an opponent attacks another one of your opponents, you and the attacking player each draw a card and lose 1 life.",BR,BR,legal,not_legal,not_legal,da46b47b-0156-4a01-b4b1-28526a6826f4
df366871-8ed7-4183-8b0c-414ca361a711,Kargan Dragonrider,{1}{R},2.0,Creature — Human Warrior,"As long as you control a Dragon, this creature has flying.",R,R,legal,legal,legal,34750304-c536-47d4-922d-a3654c37ffbc
8c31fec9-e4b3-4761-990e-7be38eb05604,Karmic Guide,{3}{W}{W},5.0,Creature — Angel Spirit,"Flying, protection from black
Echo {3}{W}{W} (At the beginning of your upkeep, if this came under your control since the beginning of your last upkeep, sacrifice it unless you pay its echo cost.)
When this creature enters, return target creature card from your graveyard to the battlefield.",W,W,legal,not_legal,legal,c48e3d51-1c63-4b39-97df-92c260311dad
9fb8cd81-403a-4988-8f1c-b8eccf8abd9c,Karn's Bastion,,0.0,Land,"{T}: Add {C}.
{4}, {T}: Proliferate. (Choose any number of permanents and/or players, then give each another counter of each kind already there.)",,,legal,not_legal,legal,b9d895af-7e8c-419f-bc5d-5596083fbfb6
a9be16d1-5e53-4b85-8921-c6fe9473f923,Kasmina's Transmutation,{1}{U},2.0,Enchantment — Aura,"Enchant creature
Enchanted creature loses all abilities and has base power and toughness 1/1.",U,U,legal,not_legal,legal,a9771412-695a-4e89-b146-0e3a7336d319
61cb927a-4cf8-49d6-ab4b-9e882bc08774,Keep Out,{1}{W},2.0,Instant,"Choose one —
• Keep Out deals 4 damage to target tapped creature.
• Destroy target enchantment.",W,W,legal,legal,legal,4ab1601c-634c-4f21-8926-ba3cb92008c1
499d5801-0c56-40f2-9a46-77025ed6cb87,"Kemba, Kha Regent",{1}{W}{W},3.0,Legendary Creature — Cat Cleric,"At the beginning of your upkeep, create a 2/2 white Cat creature token for each Equipment attached to Kemba.",W,W,legal,not_legal,legal,4876ec2f-6c54-41df-8a7b-9c33d952ff12
a492a323-df8a-40fd-bff0-50091baa7700,Kenrith's Transformation,{1}{G},2.0,Enchantment — Aura,"Enchant creature
When this Aura enters, draw a card.
Enchanted creature loses all abilities and is a green Elk creature with base power and toughness 3/3. (It loses all other card types and creature types.)",G,G,legal,not_legal,legal,44d60a41-3f5e-4559-b18c-22c0fe15235e
be6155de-c5b2-415c-ad83-142f9926462a,Khalni Heart Expedition,{1}{G},2.0,Enchantment,"Landfall — Whenever a land you control enters, you may put a quest counter on this enchantment.
Remove three quest counters from this enchantment and sacrifice it: Search your library for up to two basic land cards, put them onto the battlefield tapped, then shuffle.",G,G,legal,not_legal,legal,db7bca99-4e53-48bf-8b58-39f27cd41314
91b46b22-8062-434b-8432-5ed1062ccaf9,Khenra Eternal,{1}{B},2.0,Creature — Zombie Jackal Warrior,"Afflict 1 (Whenever this creature becomes blocked, defending player loses 1 life.)",B,B,legal,not_legal,legal,abbdc277-4a76-44a9-aeda-edabab1f579e
1ea9517a-c2ed-4aec-8fd3-e603b0e7dec9,Kin-Tree Warden,{G},1.0,Creature — Human Warrior,"{2}: Regenerate this creature.
Morph {G} (You may cast this card face down as a 2/2 creature for {3}. Turn it face up any time for its morph cost.)",G,G,legal,not_legal,legal,dfddafbc-590b-4610-894a-b91335a60528
c7ca6371-73bb-4717-a148-0804b8f4c1e6,Kindle the Inner Flame,{3}{R},4.0,Kindred Sorcery — Elemental,"Create a token that's a copy of target creature you control, except it has haste and ""At the beginning of the end step, sacrifice this token.""
Flashback—{1}{R}, Behold three Elementals. (You may cast this card from your graveyard for its flashback cost. Then exile it. To behold an Elemental, choose an Elemental you control or reveal an Elemental card from your hand.)",R,R,legal,legal,legal,9a2adcea-f6b1-4611-b8b8-f19fdee2c571
005ee549-1bf5-478f-bc3f-3e791bd7eecf,Kindred Discovery,{3}{U}{U},5.0,Enchantment,"As this enchantment enters, choose a creature type.
Whenever a creature you control of the chosen type enters or attacks, draw a card.",U,U,legal,not_legal,not_legal,8d264ad1-10a3-41ba-9740-48f2c07a0ec3
b488e75f-af9c-43e2-8aca-f269fa2c720e,Kindred Summons,{5}{G}{G},7.0,Instant,"Choose a creature type. Reveal cards from the top of your library until you reveal X creature cards of the chosen type, where X is the number of creatures you control of that type. Put those cards onto the battlefield, then shuffle the rest of the revealed cards into your library.",G,G,legal,not_legal,not_legal,2138a618-8ee7-4965-b597-d3e6339a3a6f
845d80ee-1cd5-437a-90a5-40dcc657d3aa,Kinsbaile Aspirant,{W},1.0,Creature — Kithkin Citizen,"As an additional cost to cast this spell, behold a Kithkin or pay {2}. (To behold a Kithkin, choose a Kithkin you control or reveal a Kithkin card from your hand.)
Whenever another creature you control enters, this creature gets +1/+1 until end of turn.",W,W,legal,legal,legal,56dfdab1-ea3f-4663-a855-a9e72505f85e
fdf0fba8-f335-419c-b96b-e99037727c43,Kinscaer Sentry,{1}{W},2.0,Creature — Kithkin Soldier,"First strike, lifelink
Whenever this creature attacks, you may put a creature card with mana value X or less from your hand onto the battlefield tapped and attacking, where X is the number of attacking creatures you control.",W,W,legal,legal,legal,bf7ab51b-301e-48fe-b1e8-0c33d057e7de
795b903b-5260-4c06-b26f-a89cecdfa1f8,Kiora's Dambreaker,{5}{U},6.0,Creature — Leviathan,"When this creature enters, proliferate. (Choose any number of permanents and/or players, then give each another counter of each kind already there.)",U,U,legal,not_legal,legal,acd61fb0-a82b-4f46-8043-c6b89764720b
6f866b14-dcdd-4c7d-b935-6db431d83b86,Kiora's Dismissal,{U},1.0,Instant,"Strive — This spell costs {U} more to cast for each target beyond the first.
Return any number of target enchantments to their owners' hands.",U,U,legal,not_legal,legal,21b040e5-651b-42ca-b487-66cf1d8180f9
22c044ad-77d7-4c93-953d-e2daa9686ff7,Kiora's Follower,{G}{U},2.0,Creature — Merfolk,{T}: Untap another target permanent.,GU,GU,legal,not_legal,legal,ec9ce307-8ec3-4db6-a4a3-49f92ebcc783
639926c1-c4b4-4a49-b125-0e1b584c5bb8,Klauth's Will,{X}{R}{R}{G},3.0,Instant,"Choose one. If you control a commander as you cast this spell, you may choose both instead.
• Breathe Flame — Klauth's Will deals X damage to each creature without flying.
• Smash Relics — Destroy up to X target artifacts and/or enchantments.",GR,GR,legal,not_legal,not_legal,761e1f77-5231-4008-829f-99650b429fb3
8cefa5d6-5151-4e75-8b72-f210a4c751ea,"Klauth, Unrivaled Ancient",{5}{R}{G},7.0,Legendary Creature — Dragon,"Flying, haste
Whenever Klauth attacks, add X mana in any combination of colors, where X is the total power of attacking creatures. Spend this mana only to cast spells. Until end of turn, you don't lose this mana as steps and phases end.",GR,GR,legal,not_legal,not_legal,7f5cf828-17b2-4105-9a9a-ee0ab720c2ee
c4212ba4-8c43-40ca-aa36-b3b535659fa8,Knight of Autumn,{1}{G}{W},3.0,Creature — Dryad Knight,"When this creature enters, choose one —
• Put two +1/+1 counters on this creature.
• Destroy target artifact or enchantment.
• You gain 4 life.",GW,GW,legal,not_legal,legal,c9cd7448-6f8b-4ce4-bde5-2c17271dcef7
7b51a979-47e0-4b98-8ec5-8064c83422e1,Knight of Grace,{1}{W},2.0,Creature — Human Knight,"First strike (This creature deals combat damage before creatures without first strike.)
Hexproof from black (This creature can't be the target of black spells or abilities your opponents control.)
This creature gets +1/+0 as long as any player controls a black permanent.",W,W,legal,legal,legal,7bbbddc0-f8b3-4255-bd82-d50f829ca009
e4b036ef-5319-4ccc-8777-7b1298119f90,Knight of Infamy,{1}{B},2.0,Creature — Human Knight,"Protection from white (This creature can't be blocked, targeted, dealt damage, or enchanted by anything white.)
Exalted (Whenever a creature you control attacks alone, that creature gets +1/+1 until end of turn.)",B,B,legal,not_legal,legal,9e339853-5b6b-47b7-8d88-e9d3befb803f
b89d912a-65a0-4bc9-9e1d-ff8317458a72,Knight of Malice,{1}{B},2.0,Creature — Human Knight,"First strike (This creature deals combat damage before creatures without first strike.)
Hexproof from white (This creature can't be the target of white spells or abilities your opponents control.)
This creature gets +1/+0 as long as any player controls a white permanent.",B,B,legal,legal,legal,b45266f0-eb4f-4a06-bc64-8c2d774b4cc5
75f28e54-17ce-49f9-85b2-9f9a04e1d86f,Knight of New Benalia,{1}{W},2.0,Creature — Human Knight,,W,W,legal,not_legal,legal,88c50c4b-a2c8-4cdc-a171-aa3ff9ef107f
1593ea18-2f2f-4ab4-83fb-6ccc0bec8a90,Kodama's Reach,{2}{G},3.0,Sorcery — Arcane,"Search your library for up to two basic land cards, reveal those cards, put one onto the battlefield tapped and the other into your hand, then shuffle.",G,G,legal,not_legal,legal,90c423cc-1264-4067-9c50-e7c88c68ef2d
f6e160c1-b29f-4f3d-ab55-43ffe3ab4acf,"Kolaghan, the Storm's Fury",{3}{B}{R},5.0,Legendary Creature — Dragon,"Flying
Whenever a Dragon you control attacks, creatures you control get +1/+0 until end of turn.
Dash {3}{B}{R} (You may cast this spell for its dash cost. If you do, it gains haste, and it's returned from the battlefield to its owner's hand at the beginning of the next end step.)",BR,BR,legal,not_legal,legal,85b6ec91-0ecc-431c-bf85-220c615e0a80
0659a5b0-9807-4e4c-8af3-b6e233051ad6,"Kotori, Pilot Prodigy",{1}{W}{U},3.0,Legendary Creature — Moonfolk Pilot,"Vehicles you control have crew 2.
At the beginning of combat on your turn, target artifact creature you control gains lifelink and vigilance until end of turn.",UW,UW,legal,not_legal,not_legal,b847d395-d8b4-438c-8188-6c3074af1ccd
33826f91-7680-4a4c-be39-db6c2c0bd465,Kozilek's Channeler,{5},5.0,Creature — Eldrazi,{T}: Add {C}{C}.,,,legal,not_legal,legal,c550d179-32ec-4ad8-91c2-d79320a21cba
de5a8edb-c41a-4f3a-9231-c54486ba7739,Kozilek's Pathfinder,{6},6.0,Creature — Eldrazi,{C}: Target creature can't block this creature this turn. ({C} represents colorless mana.),,,legal,not_legal,legal,b75585bd-fdd8-44d1-8c7c-b96df5fc473e
b2b5683b-f8ea-4af6-b847-953ab4a267c4,Kozilek's Shrieker,{2}{B},3.0,Creature — Eldrazi Drone,"Devoid (This card has no color.)
{C}: This creature gets +1/+0 and gains menace until end of turn. (It can't be blocked except by two or more creatures. {C} represents colorless mana.)",,B,legal,not_legal,legal,a384cd5b-2c6c-4969-bb62-a017e2fc9794
6766c5e4-baa7-4db4-a900-c08fbcd98f5d,Kozilek's Translator,{4}{B},5.0,Creature — Eldrazi Drone,"Devoid (This card has no color.)
Pay 1 life: Add {C}. Activate only once each turn. ({C} represents colorless mana.)",,B,legal,not_legal,legal,d80665ae-fcb2-48fd-95be-8768293bcef7
08e6c786-d553-4c23-9137-cfad84146739,Kraken Hatchling,{U},1.0,Creature — Kraken,,U,U,legal,not_legal,legal,45d100a3-93f2-428c-8f54-8807e71f2638
8481d91e-0242-4edc-8f4a-ffa47cf2e097,Kraul Stinger,{2}{G},3.0,Creature — Insect Assassin,Deathtouch,G,G,legal,not_legal,legal,46b88fe9-2450-47ee-ac1e-bbbccbf5684f
d9a10971-f32b-4978-952d-fed0a5bc9e36,Krosan Verge,,0.0,Land,"This land enters tapped.
{T}: Add {C}.
{2}, {T}, Sacrifice this land: Search your library for a Forest card and a Plains card, put them onto the battlefield tapped, then shuffle.",,,legal,not_legal,not_legal,0992a101-775e-4950-b4be-1b2dec96674f
3e261fa8-1256-4525-8115-5880758338fe,Kruin Striker,{1}{R},2.0,Creature — Human Warrior,"Whenever another creature you control enters, this creature gets +1/+0 and gains trample until end of turn. (It can deal excess combat damage to the player or planeswalker it's attacking.)",R,R,legal,not_legal,legal,fc2bf4cf-8918-40a4-afe5-79860390f04c
ed428638-181b-47cb-92f4-379db020e634,Kulrath Mystic,{2}{U},3.0,Creature — Elemental Wizard,"Whenever you cast a spell with mana value 4 or greater, this creature gets +2/+0 and gains vigilance until end of turn.",U,U,legal,legal,legal,377d257c-920c-4dd4-a4b1-01cbc631ef8f
d18ca75c-3572-4851-9580-27bafe10edd6,Kulrath Zealot,{5}{R},6.0,Creature — Elemental Warrior,"When this creature enters, exile the top card of your library. Until the end of your next turn, you may play that card.
Basic landcycling {1}{R} ({1}{R}, Discard this card: Search your library for a basic land card, reveal it, put it into your hand, then shuffle.)",R,R,legal,legal,legal,3502685d-4e57-4c5c-94c6-ae69048cdfbf
3adebbbf-39fe-4b42-b719-2f8edb009693,"Kwende, Pride of Femeref",{3}{W},4.0,Legendary Creature — Human Knight,"Double strike
Creatures you control with first strike have double strike.",W,W,legal,not_legal,legal,b4d3b6a8-3e4a-4e2b-900a-9a21fa0ced4c
60e3ccf2-63f5-4435-a752-1d82fefb55d7,Lagonna-Band Elder,{2}{W},3.0,Creature — Centaur Advisor,"When this creature enters, if you control an enchantment, you gain 3 life.",W,W,legal,not_legal,legal,68b9df54-e78e-4a86-a8b1-b735ec08a812
09cc0faa-71d7-428b-9fc4-5ba09e244e89,Lagonna-Band Trailblazer,{W},1.0,Creature — Centaur Scout,"Heroic — Whenever you cast a spell that targets this creature, put a +1/+1 counter on it.",W,W,legal,not_legal,legal,38a6f533-6acb-4c24-ae9d-fe4977230156
a88c5540-a242-49bc-a725-39b9fda085c3,Lamplighter of Selhoff,{4}{U},5.0,Creature — Zombie Horror,"When this creature enters, if you control another Zombie, you may draw a card. If you do, discard a card.",U,U,legal,not_legal,legal,80dadecc-f1f1-44a2-8829-6c94aade73a0
387b6b07-a283-412d-94c3-f7f1dc76e858,Lava Axe,{4}{R},5.0,Sorcery,Lava Axe deals 5 damage to target player or planeswalker.,R,R,legal,not_legal,legal,c3dab325-8f4f-4288-9f3f-960e52b4335b
fa4ad622-5021-44fe-92af-0de115059eb6,Lavakin Brawler,{3}{R},4.0,Creature — Elemental Warrior,"Whenever this creature attacks, it gets +1/+0 until end of turn for each Elemental you control.",R,R,legal,not_legal,legal,3eeea9e5-3041-4439-bc52-fd00ec83c7a1
3a96782b-e9c8-4bc5-845d-45f6bf7b8dc4,Lavastep Raider,{R},1.0,Creature — Goblin Warrior,{2}{R}: This creature gets +2/+0 until end of turn.,R,R,legal,not_legal,legal,2428f13f-c445-4eb4-bab1-309f27cab208
bd13392e-e72a-4dbb-ba9d-68f68e47e30e,Law-Rune Enforcer,{W},1.0,Creature — Human Soldier,"{1}, {T}: Tap target creature with mana value 2 or greater.",W,W,legal,not_legal,legal,a3d39238-e21d-4345-84c8-648ef3a66703
db145875-2a40-4fe3-b8ee-bf10ae8f7cd7,Lazotep Behemoth,{4}{B},5.0,Creature — Zombie Hippo,,B,B,legal,not_legal,legal,b4be6f22-e9e8-462a-956b-e1c78bbadacc
ba0082fb-2d4c-489e-8140-93a6fa693fd0,Lazotep Plating,{1}{U},2.0,Instant,"Amass Zombies 1. (Put a +1/+1 counter on an Army you control. It's also a Zombie. If you don't control an Army, create a 0/0 black Zombie Army creature token first.)
You and permanents you control gain hexproof until end of turn. (You and they can't be the targets of spells or abilities your opponents control.)",U,U,legal,not_legal,legal,f03b5405-6016-405b-a504-a454731b9276
85643f9b-49ea-434b-9f27-c1431064345e,Lazotep Reaver,{1}{B},2.0,Creature — Zombie Beast,"When this creature enters, amass Zombies 1. (Put a +1/+1 counter on an Army you control. It's also a Zombie. If you don't control an Army, create a 0/0 black Zombie Army creature token first.)",B,B,legal,not_legal,legal,594bbe43-a8aa-42aa-bc49-cb4f3bc05cad
ea91be73-40f5-461a-bb39-d60216829a53,Lead the Stampede,{2}{G},3.0,Sorcery,Look at the top five cards of your library. You may reveal any number of creature cards from among them and put the revealed cards into your hand. Put the rest on the bottom of your library in any order.,G,G,legal,not_legal,legal,b4d1f656-4a33-4348-b850-af7391ac071b
61324e37-4b79-4325-bf46-621b4270afe2,Leaf Gilder,{1}{G},2.0,Creature — Elf Druid,{T}: Add {G}.,G,G,legal,not_legal,legal,e7d04e77-cbc4-40bf-a0f2-67312309a9cb
01914751-af8e-4aea-a254-6fa4f9fd3457,Leafcrown Dryad,{1}{G},2.0,Enchantment Creature — Nymph Dryad,"Bestow {3}{G} (If you cast this card for its bestow cost, it's an Aura spell with enchant creature. It becomes a creature again if it's not attached.)
Reach
Enchanted creature gets +2/+2 and has reach.",G,G,legal,not_legal,legal,8202e426-ad91-4d2e-9373-7a829b58fff5
6614dbe5-d7c7-4a51-91db-912764050269,Leapfrog,{2}{U},3.0,Creature — Frog,This creature has flying as long as you've cast an instant or sorcery spell this turn.,U,U,legal,not_legal,legal,2e415a03-f7f8-4fca-954a-ef21b4a2c60f
f325fd7a-dcae-4892-adf5-de9893a23ac5,Learn from the Past,{3}{U},4.0,Instant,"Target player shuffles their graveyard into their library.
Draw a card.",U,U,legal,not_legal,legal,347c6e76-dba4-4448-a4f4-d9591d4539c7
7bb843b6-c55b-4796-b1a7-2fff7b05c276,Leave in the Dust,{3}{U},4.0,Instant,"Return target nonland permanent to its owner's hand.
Draw a card.",U,U,legal,not_legal,legal,3c01bd77-beb0-4a26-858d-022311e550bf
b20671e6-d740-4ef6-b408-bf8a0465c0da,Legion Conquistador,{2}{W},3.0,Creature — Vampire Soldier,"When this creature enters, you may search your library for any number of cards named Legion Conquistador, reveal them, put them into your hand, then shuffle.",W,W,legal,not_legal,legal,ba197b31-97b8-447e-b8fd-3eefd5ccdc72
bb33abbe-b43c-4a74-b2db-cce949f0edf2,Legion Guildmage,{R}{W},2.0,Creature — Human Wizard,"{5}{R}, {T}: This creature deals 3 damage to each opponent.
{2}{W}, {T}: Tap another target creature.",RW,RW,legal,not_legal,legal,b03423b2-faca-4b2e-8328-8b9b7fdb7ce3
7df50107-25d8-47dc-9a13-27b257cfbf6f,Lens of Clarity,{1},1.0,Artifact,You may look at the top card of your library and at face-down creatures you don't control any time.,,,legal,not_legal,legal,3c82e2b8-f0f6-44da-83ee-8a671344ac62
8e720216-a980-4a34-8aef-62ac3ef15a6e,Leonin Relic-Warder,{W}{W},2.0,Creature — Cat Cleric,"When this creature enters, you may exile target artifact or enchantment.
When this creature leaves the battlefield, return the exiled card to the battlefield under its owner's control.",W,W,legal,not_legal,legal,c938a21a-ea74-4cc1-a175-08b9b98b2e4e
857d94f7-113c-45a4-a88a-5d087347d57f,Leonin Shikari,{1}{W},2.0,Creature — Cat Soldier,You may activate equip abilities any time you could cast an instant.,W,W,legal,not_legal,legal,47db94ce-e9f3-4bc3-b05f-17fde1d91329
de1e1352-adb2-4ac1-bb2a-ee654d5c727d,Leonin Vanguard,{W},1.0,Creature — Cat Soldier,"At the beginning of combat on your turn, if you control three or more creatures, this creature gets +1/+1 until end of turn and you gain 1 life.",W,W,legal,legal,legal,724738ad-6a9b-4ef6-b637-558645cd8151
165c1b17-2bde-4c96-892d-4a8fdc7a57b7,Lifespring Druid,{2}{G},3.0,Creature — Elf Druid,{T}: Add one mana of any color.,G,G,legal,not_legal,legal,a3657719-7d4d-46db-a5f4-699ee2032ebe
8d286376-f386-43ab-a9bd-8478fb9e2497,Light Up the Stage,{2}{R},3.0,Sorcery,"Spectacle {R} (You may cast this spell for its spectacle cost rather than its mana cost if an opponent lost life this turn.)
Exile the top two cards of your library. Until the end of your next turn, you may play those cards.",R,R,legal,not_legal,legal,351de611-2162-4d3e-9080-ad29fb300243
f2df375c-3741-409f-91d1-21bf632b2e1d,Lightform,{1}{W}{W},3.0,Enchantment,"When this enchantment enters, it becomes an Aura with enchant creature. Manifest the top card of your library and attach this enchantment to it. (To manifest a card, put it onto the battlefield face down as a 2/2 creature. Turn it face up any time for its mana cost if it's a creature card.)
Enchanted creature has flying and lifelink.",W,W,legal,not_legal,legal,9aa25045-ae03-4ac0-a4ed-472f7ca4ab3b
1e4de77b-27cb-4afd-8d4b-1cc89f2a6986,Lightning Diadem,{5}{R},6.0,Enchantment — Aura,"Enchant creature
When this Aura enters, it deals 2 damage to any target.
Enchanted creature gets +2/+2.",R,R,legal,not_legal,legal,4ce3f1c6-2e6f-4087-8619-a01fdcc6d4a3
ca204b66-8d0c-431a-8d34-282f7c2d17da,Lightning Greaves,{2},2.0,Artifact — Equipment,"Equipped creature has haste and shroud. (It can't be the target of spells or abilities.)
Equip {0}",,,legal,not_legal,legal,1e5d9c01-f8db-43ef-bb50-f9e38e99f8d0
7c7948c6-5144-4df0-8e33-117710ae00af,Lightning Mare,{R}{R},2.0,Creature — Elemental Horse,"This spell can't be countered.
This creature can't be blocked by blue creatures.
{1}{R}: This creature gets +1/+0 until end of turn.",R,R,legal,not_legal,legal,2ca822a3-4793-4cbc-a2f3-f43985e7ce8f
f34b9bc4-7bfe-47fd-ba23-4eeeb46026eb,Lightning Strike,{1}{R},2.0,Instant,Lightning Strike deals 3 damage to any target.,R,R,legal,legal,legal,084b7337-c06f-4cbf-8fc0-0b20c221f1dc
c2e68ac5-cfff-4b76-8062-25a82fdf9a5c,Liliana's Triumph,{1}{B},2.0,Instant,"Each opponent sacrifices a creature of their choice. If you control a Liliana planeswalker, each opponent also discards a card.",B,B,legal,not_legal,legal,84803db8-fdb0-462b-92f6-33d591593d2d
5e958212-6a5b-4288-8d31-f1572619d7dc,"Liliana, Dreadhorde General",{4}{B}{B},6.0,Legendary Planeswalker — Liliana,"Whenever a creature you control dies, draw a card.
+1: Create a 2/2 black Zombie creature token.
−4: Each player sacrifices two creatures of their choice.
−9: Each opponent chooses a permanent they control of each permanent type and sacrifices the rest.",B,B,legal,legal,legal,d75ebba8-34ca-47a0-bf13-8318ad73b343
101407b4-e7e8-4aff-84a2-a97947358b88,Liminal Hold,{3}{W},4.0,Enchantment,"When this enchantment enters, exile up to one target nonland permanent an opponent controls until this enchantment leaves the battlefield. You gain 2 life.",W,W,legal,legal,legal,a5a40c16-7a5c-4ad1-be53-6b1b1be2affe
a8a27a87-fc4c-44b5-9ba8-505bbf42164e,Lithomancer's Focus,{W},1.0,Instant,Target creature gets +2/+2 until end of turn. Prevent all damage that would be dealt to that creature this turn by colorless sources.,W,W,legal,not_legal,legal,dd5a1376-88b3-4bdc-9ce9-e90617e6c55e
0a2e2d97-1348-4fa6-ad94-4da23ad8f43b,Living Totem,{3}{G},4.0,Creature — Plant Elemental,"Convoke (Your creatures can help cast this spell. Each creature you tap while casting this spell pays for {1} or one mana of that creature's color.)
When this creature enters, you may put a +1/+1 counter on another target creature.",G,G,legal,not_legal,legal,ca21890c-68be-4929-913e-d28ace6b40a7
68954295-54e3-4303-a6bc-fc4547a4e3a3,Llanowar Elves,{G},1.0,Creature — Elf Druid,{T}: Add {G}.,G,G,legal,legal,legal,27a21d19-5631-43f8-817d-51ccb5aa0f05
3bdc9211-8eff-4b30-8d6f-d26f4087f77f,Llanowar Scout,{1}{G},2.0,Creature — Elf Scout,{T}: You may put a land card from your hand onto the battlefield.,G,G,legal,not_legal,legal,c8026d80-2e91-46f9-ae97-1f137848236c
528a19d7-ee79-45a5-b27f-e0bff4213193,Loam Larva,{1}{G},2.0,Creature — Insect,"When this creature enters, you may search your library for a basic land card, reveal it, then shuffle and put that card on top.",G,G,legal,not_legal,legal,affa9314-0021-445e-9496-349254b16bf8
84dffb4b-02d7-48e4-9a95-43f88cd52bf3,Lobber Crew,{2}{R},3.0,Creature — Goblin Warrior,"Defender
{T}: This creature deals 1 damage to each opponent.
Whenever you cast a multicolored spell, untap this creature.",R,R,legal,not_legal,legal,b9d4aa15-a3c2-42a3-a87a-443e7dd20c04
c153e202-1d93-4044-b457-b8ebd5b36ec3,Longshot Squad,{3}{G},4.0,Creature — Dog Archer,"Outlast {1}{G} ({1}{G}, {T}: Put a +1/+1 counter on this creature. Outlast only as a sorcery.)
Each creature you control with a +1/+1 counter on it has reach. (A creature with reach can block creatures with flying.)",G,G,legal,not_legal,legal,dd9edd62-dc18-4887-a020-4464e31b79c2
6c87c261-00a8-46f2-92c8-42009a0a2faf,"Lorcan, Warlock Collector",{5}{B}{B},7.0,Legendary Creature — Devil,"Flying
Whenever a creature card is put into an opponent's graveyard from anywhere, you may pay life equal to its mana value. If you do, put it onto the battlefield under your control. It's a Warlock in addition to its other types.
If a Warlock you control would die, exile it instead.",B,B,legal,not_legal,not_legal,5f6f90ae-340c-4eb7-b091-58db550be742
84dc0aae-029b-48dc-b8d0-e93c227e32e5,Lotus Path Djinn,{3}{U},4.0,Creature — Djinn Monk,"Flying
Prowess (Whenever you cast a noncreature spell, this creature gets +1/+1 until end of turn.)",U,U,legal,not_legal,legal,197ec248-70d9-47f4-a53b-99b23f021116
57f0f55d-4cf9-4a35-96dd-05c24c2a9a4f,Loxodon Line Breaker,{2}{W},3.0,Creature — Elephant Soldier,,W,W,legal,not_legal,legal,928d4250-c379-4134-a263-7811c80a8760
77eb2374-44a0-4383-b229-edc116c7d835,Loxodon Restorer,{4}{W}{W},6.0,Creature — Elephant Cleric,"Convoke (Your creatures can help cast this spell. Each creature you tap while casting this spell pays for {1} or one mana of that creature's color.)
When this creature enters, you gain 4 life.",W,W,legal,not_legal,legal,1ead2166-a7ca-49cb-bf93-2f59c37b4cb9
126038e3-3e7b-4547-83e7-a7f6ec66f782,Loxodon Sergeant,{3}{W},4.0,Creature — Elephant Soldier,"Vigilance
When this creature enters, other creatures you control gain vigilance until end of turn.",W,W,legal,not_legal,legal,c57f873b-5fb2-4638-b66c-f6d1aec156ba
dba35ac5-7ad3-488a-a006-6b9a1d54eea5,Loxodon Warhammer,{3},3.0,Artifact — Equipment,"Equipped creature gets +3/+0 and has trample and lifelink.
Equip {3}",,,legal,not_legal,legal,08417d60-0896-40b4-8dab-f36c65df67df
7f268b15-ac92-4e98-821b-78d15d9285d9,Loyal Apprentice,{1}{R},2.0,Creature — Human Artificer,"Haste
Lieutenant — At the beginning of combat on your turn, if you control your commander, create a 1/1 colorless Thopter artifact creature token with flying. That token gains haste until end of turn.",R,R,legal,not_legal,not_legal,dab85ca8-1ce8-43df-a6a1-00fef6b1d1c0
dcf7d099-a726-4388-9744-70d37c5ea860,Lumbering Battlement,{4}{W},5.0,Creature — Beast,"Vigilance
When this creature enters, exile any number of other nontoken creatures you control until it leaves the battlefield.
This creature gets +2/+2 for each card exiled with it.",W,W,legal,not_legal,legal,2469bc93-57ca-4077-bda2-160b4160adad
c2878f4e-3044-4d60-8ec1-b325edfca397,Lumbering Falls,,0.0,Land,"This land enters tapped.
{T}: Add {G} or {U}.
{2}{G}{U}: Until end of turn, this land becomes a 3/3 green and blue Elemental creature with hexproof. It's still a land.",,GU,legal,not_legal,legal,f7e9db98-3a2d-46d8-a07f-99d66a4d9f2f
c8bf2dce-7bcd-45cb-bf15-f53e24333a01,Luminollusk,{3}{G},4.0,Creature — Elemental,"Deathtouch
Vivid — When this creature enters, you gain life equal to the number of colors among permanents you control.",G,G,legal,legal,legal,3d591e66-4bf9-47e7-bcef-57769ec3edc6
ce7582a2-e014-41fb-8753-00d29cffc81a,Lys Alana Dignitary,{1}{G},2.0,Creature — Elf Advisor,"As an additional cost to cast this spell, behold an Elf or pay {2}. (To behold an Elf, choose an Elf you control or reveal an Elf card from your hand.)
{T}: Add {G}{G}. Activate only if there is an Elf card in your graveyard.",G,G,legal,legal,legal,94e8d6a9-7aa3-4e93-8e4d-e50da7ff09d2
cf75dbd8-b65a-48d9-b96b-4afb43f336d1,Macabre Waltz,{1}{B},2.0,Sorcery,"Return up to two target creature cards from your graveyard to your hand, then discard a card.",B,B,legal,legal,legal,a6ec8571-690e-405f-89d5-b7cc99e8ee63
5d96170f-14dd-496e-a485-bd3b9eedfe02,Maddening Hex,{1}{R}{R},3.0,Enchantment — Aura Curse,"Enchant player
Whenever enchanted player casts a noncreature spell, roll a d6. This Aura deals damage to that player equal to the result. Then attach this Aura to another one of your opponents chosen at random.",R,R,legal,not_legal,not_legal,c8dd3a8d-5434-4405-8d17-e419a20f074a
9c6edb99-2625-4d80-a2e8-1b6039c0a960,Magma Phoenix,{3}{R}{R},5.0,Creature — Phoenix,"Flying
When this creature dies, it deals 3 damage to each creature and each player.
{3}{R}{R}: Return this card from your graveyard to your hand.",R,R,legal,not_legal,legal,63466db8-270e-4c68-8823-963f993de783
fe16f1ab-58b4-4452-abe4-cbd9addd348f,Magma Spray,{R},1.0,Instant,"Magma Spray deals 2 damage to target creature. If that creature would die this turn, exile it instead.",R,R,legal,not_legal,legal,988a7993-eb7d-4ae2-8a22-1676f517558b
a52037df-0be1-4c99-b9eb-b033157af203,Magmaquake,{X}{R}{R},2.0,Instant,Magmaquake deals X damage to each creature without flying and each planeswalker.,R,R,legal,not_legal,legal,8a8945b4-d2e1-4779-9c33-a8b062637fa6
ac5c2069-0706-4b85-a811-a522db016e3e,Magmaroth,{3}{R},4.0,Creature — Elemental,"At the beginning of your upkeep, put a -1/-1 counter on this creature.
Whenever you cast a noncreature spell, remove a -1/-1 counter from this creature.",R,R,legal,not_legal,legal,76f87128-2d12-467b-895d-943f318b7c38
30e58e88-ac99-4d32-b2fe-6d6cb6288af3,Magus of the Candelabra,{G},1.0,Creature — Human Wizard,"{X}, {T}: Untap X target lands.",G,G,legal,not_legal,legal,f50583b8-6953-4094-b420-580d545e827f
531f78d5-5004-4b02-99c7-b390cb342fd9,Make a Stand,{2}{W},3.0,Instant,"Creatures you control get +1/+0 and gain indestructible until end of turn. (Damage and effects that say ""destroy"" don't destroy them.)",W,W,legal,legal,legal,4a0857fa-f2cc-4c01-9fe5-8f74d08d1b29
8b6e2feb-9e8f-4912-ada0-1614502d9813,Makeshift Battalion,{2}{W},3.0,Creature — Human Soldier,"Battalion — Whenever this creature and at least two other creatures attack, put a +1/+1 counter on this creature.",W,W,legal,not_legal,legal,82293d58-d3b4-4cf6-8a16-32ae3e509696
9f980829-90c1-43e2-a103-915f38317ed0,Makindi Aeronaut,{1}{W},2.0,Creature — Kor Scout Ally,Flying,W,W,legal,not_legal,legal,a35d3113-6cb7-4b74-94a3-8160d9ac1b89
d3f58efb-ba75-4caf-9e33-74236c707b83,Makindi Patrol,{2}{W},3.0,Creature — Human Knight Ally,"Rally — Whenever this creature or another Ally you control enters, creatures you control gain vigilance until end of turn.",W,W,legal,not_legal,legal,ae03f018-3062-4b1c-99b8-13fcffd70b49
df77cb98-e3c6-4927-99d5-c3380641f356,Mammoth Spider,{4}{G},5.0,Creature — Spider,Reach (This creature can block creatures with flying.),G,G,legal,not_legal,legal,1ee9bca2-1195-4bd0-aa5c-16b3726a8ff2
89c83a6d-f6c8-4984-a888-0db62dfb93b1,Manamorphose,{1}{R/G},2.0,Instant,"Add two mana in any combination of colors.
Draw a card.",GR,GR,legal,not_legal,legal,fbbc184e-e74f-4f9d-87d2-b19973d84fbb
d859e9b3-7804-418d-be95-e03a5de290ca,Manticore Eternal,{3}{R}{R},5.0,Creature — Zombie Manticore,"Afflict 3 (Whenever this creature becomes blocked, defending player loses 3 life.)
This creature attacks each combat if able.",R,R,legal,not_legal,legal,b03a9686-d30b-4048-8b0a-23fd2f0aed4b
7424560f-557f-4bc9-a3e7-eb890c73aaa3,Mantle of the Ancients,{3}{W}{W},5.0,Enchantment — Aura,"Enchant creature you control
When this Aura enters, return any number of target Aura and/or Equipment cards from your graveyard to the battlefield attached to enchanted creature.
Enchanted creature gets +1/+1 for each Aura and Equipment attached to it.",W,W,legal,not_legal,not_legal,867124fc-c8e4-4e0e-be41-b74a6bb34e86
b845e69b-5d49-40ff-9cf7-d5cf2ccec7be,Map the Wastes,{2}{G},3.0,Sorcery,"Search your library for a basic land card, put it onto the battlefield tapped, then shuffle. Bolster 1. (Choose a creature with the least toughness among creatures you control and put a +1/+1 counter on it.)",G,G,legal,not_legal,legal,039b61b1-79d5-44b6-8c0f-b8e8e508e5a9
002e767c-0b30-4ad1-a924-88da400a4cff,Marang River Prowler,{2}{U},3.0,Creature — Human Rogue,"This creature can't block and can't be blocked.
You may cast this card from your graveyard as long as you control a black or green permanent.",U,U,legal,not_legal,legal,1bc8174c-da93-414e-b89c-c588a2c4ed0c
a0bc9c88-8bec-4d92-a078-08883c82cb28,Marauding Boneslasher,{2}{B},3.0,Creature — Zombie Minotaur,This creature can't block unless you control another Zombie.,B,B,legal,not_legal,legal,ddfb7f50-14b1-4c7d-b4c8-f50bc14f4fb7
a912834b-e4bc-4ccc-ae13-915ebe5acd00,Mardu Runemark,{2}{R},3.0,Enchantment — Aura,"Enchant creature
Enchanted creature gets +2/+2.
Enchanted creature has first strike as long as you control a white or black permanent.",R,R,legal,not_legal,legal,333df10b-7db4-4f8a-a754-e8a630b26cac
c18ab011-c5e0-4174-b623-d89e4d745ce6,Mardu Scout,{R}{R},2.0,Creature — Goblin Scout,"Dash {1}{R} (You may cast this spell for its dash cost. If you do, it gains haste, and it's returned from the battlefield to its owner's hand at the beginning of the next end step.)",R,R,legal,not_legal,legal,0e7891b8-ba69-4c5b-a29f-ee7bcf2374f0
fe9e9e2e-f304-4da3-a257-6886b0b1896b,Mardu Warshrieker,{3}{R},4.0,Creature — Orc Shaman,"Raid — When this creature enters, if you attacked this turn, add {R}{W}{B}.",R,BRW,legal,not_legal,legal,1381ae25-0d44-4d06-beae-48e4bbb4bb45
dabbf796-3b88-499e-8839-06fa36fe01ac,Marionette Master,{4}{B}{B},6.0,Creature — Human Artificer,"Fabricate 3 (When this creature enters, put three +1/+1 counters on it or create three 1/1 colorless Servo artifact creature tokens.)
Whenever an artifact you control is put into a graveyard from the battlefield, target opponent loses life equal to this creature's power.",B,B,legal,not_legal,legal,dd21a925-c76f-4c1d-b5b8-8d3352730e5f
aa5a7940-976d-4d96-9ddf-1c3891885c7e,Marked by Honor,{3}{W},4.0,Enchantment — Aura,"Enchant creature
Enchanted creature gets +2/+2 and has vigilance. (Attacking doesn't cause it to tap.)",W,W,legal,not_legal,legal,dbc7e2c3-6de6-453d-ade6-8571e7d53df3
15c63f9b-d071-4522-b9f0-a1f441a61b81,Market Festival,{3}{G},4.0,Enchantment — Aura,"Enchant land
Whenever enchanted land is tapped for mana, its controller adds an additional two mana in any combination of colors.",G,G,legal,not_legal,legal,c3a70329-ecae-4647-b912-75d936a6c8c5
2279005d-5434-49ce-b16a-212759c5775a,Markov Warlord,{5}{R},6.0,Creature — Vampire Warrior,"Haste (This creature can attack and {T} as soon as it comes under your control.)
When this creature enters, up to two target creatures can't block this turn.",R,R,legal,not_legal,legal,5035276f-31b9-4dd3-9ec8-42a664bdbd5c
b19cbb92-bdf9-4b34-bd16-db5a594f51b7,Martyr for the Cause,{1}{W},2.0,Creature — Human Soldier,"When this creature dies, proliferate. (Choose any number of permanents and/or players, then give each another counter of each kind already there.)",W,W,legal,not_legal,legal,acfbc8ca-a574-461e-92ea-c6010daa8230
794aaf8a-6d8e-41fb-acbe-a2b73d65d9d9,Martyr of Dusk,{1}{W},2.0,Creature — Vampire Soldier,"When this creature dies, create a 1/1 white Vampire creature token with lifelink.",W,W,legal,not_legal,legal,04134be2-5e40-4732-832c-f616009eceff
ab66f8a8-eb3d-4c2d-95e9-26a53c66b237,Mask of Avacyn,{2},2.0,Artifact — Equipment,"Equipped creature gets +1/+2 and has hexproof. (It can't be the target of spells or abilities your opponents control.)
Equip {3}",,,legal,not_legal,legal,4ff1acce-bed4-452c-8416-06726004f2e8
63e6cb7d-cc27-4200-85fc-ff6472318c1a,Massacre Girl,{3}{B}{B},5.0,Legendary Creature — Human Assassin,"Menace
When Massacre Girl enters, each other creature gets -1/-1 until end of turn. Whenever a creature dies this turn, each creature other than Massacre Girl gets -1/-1 until end of turn.",B,B,legal,not_legal,legal,be8ec9e1-2c8e-496d-9111-4d453b75b578
aca9df28-2df6-477c-b5b8-8e1863c84356,Master of Pearls,{1}{W},2.0,Creature — Human Monk,"Morph {3}{W}{W} (You may cast this card face down as a 2/2 creature for {3}. Turn it face up any time for its morph cost.)
When this creature is turned face up, creatures you control get +2/+2 until end of turn.",W,W,legal,not_legal,legal,e8455229-6fec-4843-b888-e701c09620af
35d458fb-dfdb-41e4-92e3-f0fd392e1c69,Masterwork of Ingenuity,{1},1.0,Artifact — Equipment,You may have this Equipment enter as a copy of any Equipment on the battlefield.,,,legal,not_legal,not_legal,80b38b13-fc19-4ffc-8100-249f9eb8cca6
96e7e4c8-f66d-4327-aee6-85da648418f5,Maximize Velocity,{R},1.0,Sorcery,"Target creature gets +1/+1 and gains haste until end of turn.
Jump-start (You may cast this card from your graveyard by discarding a card in addition to paying its other costs. Then exile this card.)",R,R,legal,not_legal,legal,ebb7a2aa-f002-4f05-b9ec-8adee4c65e46
4709f11c-aef8-45ac-b2bf-e640c568dfac,Mayhem Devil,{1}{B}{R},3.0,Creature — Devil,"Whenever a player sacrifices a permanent, this creature deals 1 damage to any target.",BR,BR,legal,not_legal,legal,17416926-168b-49b3-9231-acbb8f8a1d13
2d9663be-c466-4191-85e2-a69ce0965432,Meandering River,,0.0,Land,"This land enters tapped.
{T}: Add {W} or {U}.",,UW,legal,not_legal,legal,6a5bedf1-92b6-465c-afc2-ce8e150a5e57
1f6bff6c-a2f0-4ed7-8169-acb4d31a7187,Mercurial Geists,{2}{U}{R},4.0,Creature — Spirit,"Flying
Whenever you cast an instant or sorcery spell, this creature gets +3/+0 until end of turn.",RU,RU,legal,not_legal,legal,8ab14779-7e79-449c-9a47-6ba219d0dbc5
67362406-b1ca-49e2-800d-9050bfe8742a,Merfolk Looter,{1}{U},2.0,Creature — Merfolk Rogue,"{T}: Draw a card, then discard a card.",U,U,legal,not_legal,legal,6d740928-bf61-4420-a403-63097538b97d
d709f396-021f-49eb-adb5-374aa790eaae,Merrow Skyswimmer,{3}{W/U}{W/U},5.0,Creature — Merfolk Soldier,"Convoke (Your creatures can help cast this spell. Each creature you tap while casting this spell pays for {1} or one mana of that creature's color.)
Flying, vigilance
When this creature enters, create a 1/1 white and blue Merfolk creature token.",UW,UW,legal,legal,legal,075b419a-fd44-4a9a-8c40-474562b7e11a
2518a4f2-607f-41bb-9389-2009138d6b09,Metamorphic Alteration,{1}{U},2.0,Enchantment — Aura,"Enchant creature
As this Aura enters, choose a creature.
Enchanted creature is a copy of the chosen creature.",U,U,legal,not_legal,legal,eff03d37-d90a-4dcc-bacd-64fd71301354
d9f11aa1-9219-42a8-85a9-a8f204160706,Meteor Golem,{7},7.0,Artifact Creature — Golem,"When this creature enters, destroy target nonland permanent an opponent controls.",,,legal,legal,legal,1bdb0b15-d651-4730-8be9-d0e01145311b
e49228d6-6488-4cbc-aa53-303afd3a549b,Midnight Pathlighter,{2}{W}{U},4.0,Creature — Human Wizard,"Creatures you control can't be blocked except by legendary creatures.
Whenever one or more creatures you control deal combat damage to a player, venture into the dungeon. (Enter the first room or advance to the next room.)",UW,UW,legal,not_legal,not_legal,8eb6f699-1b5d-412b-a697-ee94b7be07a6
79bc2c6d-b03d-4ceb-b468-293378ec73ae,Midnight Tilling,{1}{G},2.0,Instant,"Mill four cards, then you may return a permanent card from among them to your hand. (To mill four cards, put the top four cards of your library into your graveyard.)",G,G,legal,legal,legal,c5112bbf-752c-41e7-9c61-4c81e6a77463
563a8e37-b90e-4ea1-9366-8502b403e13e,Might Beyond Reason,{3}{G},4.0,Instant,"Put two +1/+1 counters on target creature.
Delirium — Put three +1/+1 counters on that creature instead if there are four or more card types among cards in your graveyard.",G,G,legal,not_legal,legal,5a274689-82f1-488a-baf8-cd8ef3477b72
593caa15-e1d1-477f-bbb4-124d7a7b81f3,Mighty Leap,{1}{W},2.0,Instant,Target creature gets +2/+2 and gains flying until end of turn.,W,W,legal,not_legal,legal,13692658-051b-44ea-bc23-aa33ce6385d3
d1e326e8-6e9e-4dbd-8c2f-0bef90db2bb7,Militant Inquisitor,{2}{W},3.0,Creature — Human Cleric,This creature gets +1/+0 for each Equipment you control.,W,W,legal,not_legal,legal,68d99f1f-80d6-4b5e-aeae-83fb8ae62cdc
edb6ae9e-a41c-4d82-97bf-4be00e98364c,Militia Bugler,{2}{W},3.0,Creature — Human Soldier,"Vigilance (Attacking doesn't cause this creature to tap.)
When this creature enters, look at the top four cards of your library. You may reveal a creature card with power 2 or less from among them and put it into your hand. Put the rest on the bottom of your library in a random order.",W,W,legal,not_legal,legal,43c5bf25-937c-4e17-9ed4-b4c4579fa9dc
ad44cf74-b717-48fb-9fa2-77512024d76a,Mind Rot,{2}{B},3.0,Sorcery,Target player discards two cards.,B,B,legal,not_legal,legal,3317ff1a-9104-44e6-acb9-5ee09648138f
4d8592d7-2e36-4a7a-be9e-7c8f512d5f62,Mind Sculpt,{1}{U},2.0,Sorcery,Target opponent mills seven cards.,U,U,legal,not_legal,legal,037d6277-1fc3-41a4-ade6-7cca10535b0f
c97361b5-af16-4a7b-af85-a429dbaf4ad2,Mind Stone,{2},2.0,Artifact,"{T}: Add {C}.
{1}, {T}, Sacrifice this artifact: Draw a card.",,,legal,not_legal,legal,02a34135-0955-4045-9558-6e61338baaf0
c5d326a9-c047-4f77-9f0c-b30daf268f15,Mindscour Dragon,{4}{U}{U},6.0,Creature — Dragon,"Flying
Whenever this creature deals combat damage to an opponent, target player mills four cards.",U,U,legal,not_legal,legal,c5708290-60ae-400c-b149-2a63153c2890
0a5e6223-ca31-4605-9c33-9ce492aaf556,Minimus Containment,{2}{W},3.0,Enchantment — Aura,"Enchant nonland permanent
Enchanted permanent is a Treasure artifact with ""{T}, Sacrifice this artifact: Add one mana of any color,"" and it loses all other abilities. (If it was a creature, it's no longer a creature.)",W,W,legal,not_legal,legal,0556f0d9-50d2-4c67-8522-de366d96500a
0cee5539-d10b-4de2-aee8-e02f0e24ac26,Ministrant of Obligation,{2}{W},3.0,Creature — Human Cleric,"Afterlife 2 (When this creature dies, create two 1/1 white and black Spirit creature tokens with flying.)",W,W,legal,not_legal,legal,bf2a093a-25f0-4247-94dc-550865d86317
d4212d44-d6a0-4c5b-9c54-bc90f36828dd,"Minn, Wily Illusionist",{1}{U}{U},3.0,Legendary Creature — Gnome Wizard,"Whenever you draw your second card each turn, create a 1/1 blue Illusion creature token with ""This token gets +1/+0 for each other Illusion you control.""
Whenever an Illusion you control dies, you may put a permanent card with mana value less than or equal to that creature's power from your hand onto the battlefield.",U,U,legal,not_legal,not_legal,4eec1d87-1007-44a1-a45d-0623816de681
852657c0-18a4-4b28-b9ae-7728acdb5044,Mirari's Wake,{3}{G}{W},5.0,Enchantment,"Creatures you control get +1/+1.
Whenever you tap a land for mana, add one mana of any type that land produced.",GW,GW,legal,not_legal,legal,0b461cce-02c7-4c93-afaa-32400ff82942
60bc9cd2-2e03-4889-b1ef-fdab9a9a6d08,"Mirri, Weatherlight Duelist",{1}{G}{W},3.0,Legendary Creature — Cat Warrior,"First strike
Whenever Mirri attacks, each opponent can't block with more than one creature this combat.
As long as Mirri is tapped, no more than one creature can attack you each combat.",GW,GW,legal,not_legal,not_legal,7f7b6d78-4c18-4f96-9f0c-53a5c81aa6f9
7275fb8c-571a-4c4c-889a-829419332e51,Mirror Image,{2}{U},3.0,Creature — Shapeshifter,You may have this creature enter as a copy of a creature you control.,U,U,legal,not_legal,legal,5b3ffc69-f21b-410e-8993-8c1b4669fc19
9eaeb54b-73a8-43cc-b4d8-ed8b5eb19646,Mirror of the Forebears,{2},2.0,Artifact,"As this artifact enters, choose a creature type.
{1}: Until end of turn, this artifact becomes a copy of target creature you control of the chosen type, except it's an artifact in addition to its other types.",,,legal,not_legal,not_legal,82e96f29-ce98-4e2d-8035-da3994ab66db
fe7a4361-561a-4bab-921e-d01bab19dad3,Mischievous Sneakling,{1}{U/B},2.0,Creature — Shapeshifter,"Changeling (This card is every creature type.)
Flash",BU,BU,legal,legal,legal,3b66fa00-2fa6-4060-9e7f-8e3fde6deb73
5963e0ef-e0bc-4611-ad4f-813a4c0eacfb,Mishra's Factory,,0.0,Land,"{T}: Add {C}.
{1}: This land becomes a 2/2 Assembly-Worker artifact creature until end of turn. It's still a land.
{T}: Target Assembly-Worker creature gets +1/+1 until end of turn.",,,legal,not_legal,legal,7c05c946-66c3-4785-90f9-ca0c606e036b
9af9c353-6b71-46e7-8815-a920e012dbb8,Mistfire Weaver,{3}{U},4.0,Creature — Djinn Wizard,"Flying
Morph {2}{U} (You may cast this card face down as a 2/2 creature for {3}. Turn it face up any time for its morph cost.)
When this creature is turned face up, target creature you control gains hexproof until end of turn.",U,U,legal,not_legal,legal,8003a31f-7662-4e9e-8165-1ceea04fdf20
9acfec0d-05a0-4b28-a883-e6863f1cb773,Mistmeadow Council,{4}{G},5.0,Creature — Kithkin Advisor,"This spell costs {1} less to cast if you control a Kithkin.
When this creature enters, draw a card.",G,G,legal,legal,legal,d4a7c9bc-81c8-4c31-96a9-eb6ba7715e7f
40057917-4a88-4316-bc5b-efc0ada1ddff,Moat Piranhas,{1}{U},2.0,Creature — Fish,Defender (This creature can't attack.),U,U,legal,not_legal,legal,543b3f69-19be-494b-928f-e16b92560e35
558fe476-edbd-4f18-86ee-6d7f61331789,Moldgraf Scavenger,{1}{G},2.0,Creature — Fungus,Delirium — This creature gets +3/+0 as long as there are four or more card types among cards in your graveyard.,G,G,legal,not_legal,legal,76755763-7c02-451f-b799-2106a3a4973b
1489551f-5714-471b-a0e6-f40bc3085afc,Moment of Craving,{1}{B},2.0,Instant,Target creature gets -2/-2 until end of turn. You gain 2 life.,B,B,legal,legal,legal,c0e3ea55-162d-4466-ba4e-b938a0845fb5
240a33a8-23a0-4cb2-a9fd-1a2a21966bb8,Monastery Siege,{2}{U},3.0,Enchantment,"As this enchantment enters, choose Khans or Dragons.
• Khans — At the beginning of your draw step, draw an additional card, then discard a card.
• Dragons — Spells your opponents cast that target you or a permanent you control cost {2} more to cast.",U,U,legal,not_legal,legal,32d2a1ad-210c-444d-9cb7-b78b493db7ea
f5068b54-b1f8-4751-9a09-fc1b554e8115,Moodmark Painter,{2}{B}{B},4.0,Creature — Human Shaman,"Undergrowth — When this creature enters, target creature gains menace and gets +X/+0 until end of turn, where X is the number of creature cards in your graveyard. (It can't be blocked except by two or more creatures.)",B,B,legal,not_legal,legal,82903e5f-c10f-4767-a2c0-6f8cc7280fa0
d0fa43f6-d8f6-4674-b538-6d546b7dcf40,Moon-Vigil Adherents,{2}{G}{G},4.0,Creature — Elf Druid,"Trample
This creature gets +1/+1 for each creature you control and each creature card in your graveyard.",G,G,legal,legal,legal,60621c37-62e1-4261-ae76-3946b4a0cfa3
980affa7-6308-4acd-af64-f804e574a89b,Moonglove Extractor,{2}{B},3.0,Creature — Elf Warlock,"Whenever this creature attacks, you draw a card and lose 1 life.",B,B,legal,legal,legal,8383e0ab-81b4-4a6b-b87b-dd9180dca1c2
ce009bd4-5ffb-46a4-a9dd-b9c060926467,Moonlit Lamenter,{2}{W},3.0,Creature — Treefolk Cleric,"This creature enters with a -1/-1 counter on it.
{1}{W}, Remove a counter from this creature: Draw a card. Activate only as a sorcery.",W,W,legal,legal,legal,fb8fc509-cff6-470f-abf6-b07f6c3f94e1
a3635b3f-839c-4fe5-83a5-7c70e8630184,Moonshadow,{B},1.0,Creature — Elemental,"Menace
This creature enters with six -1/-1 counters on it.
Whenever one or more permanent cards are put into your graveyard from anywhere while this creature has a -1/-1 counter on it, remove a -1/-1 counter from this creature.",B,B,legal,legal,legal,2573e694-eaa0-42ca-b470-2ab507cbcec1
d99bcf62-db93-40db-8844-3d0af0756a0c,Moonsilver Spear,{4},4.0,Artifact — Equipment,"Equipped creature has first strike.
Whenever equipped creature attacks, create a 4/4 white Angel creature token with flying.
Equip {4}",,,legal,not_legal,legal,a4ace878-6d15-4276-9bfb-2f23667c6d7e
f5fa9138-9640-4586-bc81-caa6b8eae8b6,Moorland Drifter,{1}{W},2.0,Creature — Spirit,Delirium — This creature has flying as long as there are four or more card types among cards in your graveyard.,W,W,legal,not_legal,legal,5839942c-0ad1-4f77-97a0-142b8ef2266c
b2c30683-cc7f-4341-add1-b08cb9b93eeb,Morcant's Loyalist,{1}{B}{G},3.0,Creature — Elf Warrior,"Other Elves you control get +1/+1.
When this creature dies, return another target Elf card from your graveyard to your hand.",BG,BG,legal,legal,legal,175c6b1c-8790-41a2-ae15-5031206c410f
ea29c489-bd04-4f36-8b59-bccaac153152,Mortal Obstinacy,{W},1.0,Enchantment — Aura,"Enchant creature you control
Enchanted creature gets +1/+1.
Whenever enchanted creature deals combat damage to a player, you may sacrifice this Aura. If you do, destroy target enchantment.",W,W,legal,not_legal,legal,67652df1-f2cc-44cd-ac66-9722d4cd86e9
ef29f979-1a6d-47bb-83f5-4679389471da,Mortal's Resolve,{1}{G},2.0,Instant,"Target creature gets +1/+1 and gains indestructible until end of turn. (Damage and effects that say ""destroy"" don't destroy it.)",G,G,legal,not_legal,legal,131a96b4-393d-4e8e-9b6a-f15f3804febb
1b3fb20a-e090-4286-9c03-6b71c27c45be,Mortuary Mire,,0.0,Land,"This land enters tapped.
When this land enters, you may put target creature card from your graveyard on top of your library.
{T}: Add {B}.",,B,legal,not_legal,legal,44082a22-406f-4050-b1be-de4f3e0fde5e
23bbd091-f6ff-4514-97aa-42c08164b4eb,Mossfire Valley,,0.0,Land,"{1}, {T}: Add {R}{G}.",,GR,legal,not_legal,not_legal,6e25404c-52ed-4553-a09a-a28a3b17c37f
7cb9e29f-835f-4155-a2a5-4b778866c773,Mosswort Bridge,,0.0,Land,"Hideaway 4 (When this land enters, look at the top four cards of your library, exile one face down, then put the rest on the bottom in a random order.)
This land enters tapped.
{T}: Add {G}.
{G}, {T}: You may play the exiled card without paying its mana cost if creatures you control have total power 10 or greater.",,G,legal,not_legal,legal,cbc74505-4d75-4bae-bf43-ec08731dfdd9
a3fb7228-e76b-4e96-a40e-20b5fed75685,Mountain,,0.0,Basic Land — Mountain,({T}: Add {R}.),,R,legal,legal,legal,15a7deb5-0163-42a5-90c7-388f8dda83fb
b63e5518-61f3-4cde-a799-5f3ee6aba70b,Mudbutton Cursetosser,{B},1.0,Creature — Goblin Warlock,"As an additional cost to cast this spell, behold a Goblin or pay {2}. (To behold a Goblin, choose a Goblin you control or reveal a Goblin card from your hand.)
This creature can't block.
When this creature dies, destroy target creature an opponent controls with power 2 or less.",B,B,legal,legal,legal,35bc841a-9a21-4c17-a60a-a3ee01472fcb
24d0f5e7-0d9e-4b76-900e-a7274e80312d,Mulldrifter,{4}{U},5.0,Creature — Elemental,"Flying
When this creature enters, draw two cards.
Evoke {2}{U} (You may cast this spell for its evoke cost. If you do, it's sacrificed when it enters.)",U,U,legal,not_legal,legal,2fb5330d-5c1b-4caa-8d30-3ca8303ff611
938b4e2c-88d9-4637-bc00-e228920c9a78,Murder,{1}{B}{B},3.0,Instant,Destroy target creature.,B,B,legal,legal,legal,45368bf3-d5e9-43e6-a67d-93c2e93acc72
babab2f5-fd1f-4e0a-a692-6c2ce35df708,Murder of Crows,{3}{U}{U},5.0,Creature — Bird,"Flying
Whenever another creature dies, you may draw a card. If you do, discard a card.",U,U,legal,not_legal,legal,e8844c22-7ea4-4f2e-9066-e1df027e3fe3
386b8c1f-620c-4561-a9d5-d01e2eb5f12a,Murk Strider,{3}{U},4.0,Creature — Eldrazi Processor,"Devoid (This card has no color.)
When this creature enters, you may put a card an opponent owns from exile into that player's graveyard. If you do, return target creature to its owner's hand.",,U,legal,not_legal,legal,130849ba-3893-490d-bfb0-51c76e53cf62
dcd4da46-5438-4454-8b1b-43ca51bda1f9,Murmuring Mystic,{3}{U},4.0,Creature — Human Wizard,"Whenever you cast an instant or sorcery spell, create a 1/1 blue Bird Illusion creature token with flying.",U,U,legal,not_legal,legal,5fc6adff-dcb3-456d-a8c2-0e77b784ff89
34b93a66-de1e-4133-a479-e0d90ba94a3a,Mutable Explorer,{2}{G},3.0,Creature — Shapeshifter,"Changeling (This card is every creature type.)
When this creature enters, create a tapped Mutavault token. (It's a land with ""{T}: Add {C}"" and ""{1}: This token becomes a 2/2 creature with all creature types until end of turn. It's still a land."")",G,G,legal,legal,legal,8d10a060-5abd-4982-996c-a8fc420e44ba
2549bc57-9ffb-4053-9f10-f2a5f792b845,Myriad Landscape,,0.0,Land,"This land enters tapped.
{T}: Add {C}.
{2}, {T}, Sacrifice this land: Search your library for up to two basic land cards that share a land type, put them onto the battlefield tapped, then shuffle.",,,legal,not_legal,not_legal,7c63114c-0324-4bca-8d7d-0f83f3b5c0eb
834b8f71-9a45-42ae-9e99-e749fa6fb45e,Mystic Monastery,,0.0,Land,"This land enters tapped.
{T}: Add {U}, {R}, or {W}.",,RUW,legal,legal,legal,0ab900ee-af10-442b-baa5-8654f82ca381
cffb9b7f-d52c-43e0-a4a6-b06dea83eb53,"Naban, Dean of Iteration",{1}{U},2.0,Legendary Creature — Human Wizard,"If a Wizard you control entering causes a triggered ability of a permanent you control to trigger, that ability triggers an additional time.",U,U,legal,not_legal,legal,88f41175-880f-491e-96c3-bf52f3c0db5d
9d6a10c6-5d39-49c6-b50d-8fc5b8ddcd77,Naga Eternal,{2}{U},3.0,Creature — Zombie Snake,,U,U,legal,not_legal,legal,0f244233-f2e8-48f8-9106-e7cd186efd51
769774f9-1d8d-406f-8b0c-2d6713e7ab3e,Nahiri's Stoneblades,{1}{R},2.0,Instant,Up to two target creatures each get +2/+0 until end of turn.,R,R,legal,not_legal,legal,0a14331e-8da5-4455-ac69-e510684e989c
d6911456-42cb-4b23-a560-dc98784530f5,Nameless Inversion,{1}{B},2.0,Kindred Instant — Shapeshifter,"Changeling (This card is every creature type.)
Target creature gets +3/-3 and loses all creature types until end of turn.",B,B,legal,legal,legal,7a4944ac-839e-4aa1-8200-78cff36bb2ed
bdb3ca68-ec1f-4e16-81cc-d23f8f52c728,Naturalize,{1}{G},2.0,Instant,Destroy target artifact or enchantment.,G,G,legal,not_legal,legal,236f1a8c-13ab-4ab3-b11f-082054d297e5
78826359-fe63-44ad-adc4-a17ffcd710e4,Nature's Lore,{1}{G},2.0,Sorcery,"Search your library for a Forest card, put that card onto the battlefield, then shuffle.",G,G,legal,not_legal,not_legal,a2a64307-b0ab-4f28-ad37-47d8b4c8b882
b3126751-27fe-42d3-a001-33ecee72b528,Nature's Panoply,{G},1.0,Instant,"Strive — This spell costs {2}{G} more to cast for each target beyond the first.
Choose any number of target creatures. Put a +1/+1 counter on each of them.",G,G,legal,not_legal,legal,32177b9c-eef3-4eea-b623-74bfea1afad6
8c04663a-1023-49a5-a0b9-78f24a72fb1e,Nature's Way,{1}{G},2.0,Sorcery,Target creature you control gains vigilance and trample until end of turn. It deals damage equal to its power to target creature you don't control.,G,G,legal,not_legal,legal,29a4abe5-9770-4a55-b20a-2ceb6bb00db6
cd830c46-3444-488d-ae5b-0a2533158a13,Navigator's Ruin,{2}{U},3.0,Enchantment,"Raid — At the beginning of your end step, if you attacked this turn, target opponent mills four cards.",U,U,legal,not_legal,legal,eb082e5e-770a-4c5a-8976-ee394ab73c86
a3a6c024-43de-4f5c-a1d6-c48a0c96a43b,"Nazahn, Revered Bladesmith",{4}{G}{W},6.0,Legendary Creature — Cat Artificer,"When Nazahn enters, search your library for an Equipment card and reveal it. If you reveal a card named Hammer of Nazahn this way, put it onto the battlefield. Otherwise, put that card into your hand. Then shuffle.
Whenever an equipped creature you control attacks, you may tap target creature defending player controls.",GW,GW,legal,not_legal,not_legal,8f21a5b4-1cfa-466b-8a16-a8b11f20b818
b48a149c-aead-43b2-a99e-c964d6d28aa0,Necromantic Selection,{4}{B}{B}{B},7.0,Sorcery,"Destroy all creatures, then return a creature card put into a graveyard this way to the battlefield under your control. It's a black Zombie in addition to its other colors and types. Exile Necromantic Selection.",B,B,legal,not_legal,not_legal,d3cec373-0a3f-4628-8706-b7c9c205f150
9655569d-bfa5-4665-9371-9f275b8d223e,Necrotic Sliver,{1}{W}{B},3.0,Creature — Sliver,"All Slivers have ""{3}, Sacrifice this permanent: Destroy target permanent.""",BW,BW,legal,not_legal,legal,c0bf9c79-3a66-4c81-b7c7-9b31b4a67e32
e7bb8160-0a4b-4e46-b196-7a19fb388d8e,Needle Spires,,0.0,Land,"This land enters tapped.
{T}: Add {R} or {W}.
{2}{R}{W}: Until end of turn, this land becomes a 2/1 red and white Elemental creature with double strike. It's still a land.",,RW,legal,not_legal,legal,3d73700c-fa62-42be-aaca-5f8a50af20db
3407fe41-fdd3-4119-8f70-4bc4590a379f,Negate,{1}{U},2.0,Instant,Counter target noncreature spell.,U,U,legal,legal,legal,026c499d-3d5b-4f65-a824-f78f146b82ef
3b7e7a11-bf59-413d-8796-640d17c2c1c6,Nephalia Academy,,0.0,Land,"If a spell or ability an opponent controls causes you to discard a card, you may reveal that card and put it on top of your library instead of putting it anywhere else.
{T}: Add {C}.",,,legal,not_legal,legal,9243eb5b-905e-446f-9ee0-7557e3b31db3
561e8ecc-1f2b-4fd4-8f92-a0acea449816,Netherese Puzzle-Ward,{3}{U},4.0,Enchantment,"Focus Beam — At the beginning of your upkeep, roll a d4. Scry X, where X is the result.
Perfect Illumination — Whenever you roll a die's highest natural result, draw a card.",U,U,legal,not_legal,not_legal,26bd3a70-3154-44a4-8705-1eac01cde8fd
e71e7a68-d96e-4ebb-8d4f-9c45ff8b8b66,Neverwinter Hydra,{X}{X}{G}{G},2.0,Creature — Hydra,"As this creature enters, roll X d6. It enters with a number of +1/+1 counters on it equal to the total of those results.
Trample
Ward {4} (Whenever this creature becomes the target of a spell or ability an opponent controls, counter it unless that player pays {4}.)",G,G,legal,not_legal,not_legal,e57338ac-e794-41a0-8c3c-61df9c099cfb
8834d3c9-cdb5-423b-bc78-94a94add5e74,New Horizons,{2}{G},3.0,Enchantment — Aura,"Enchant land
When this Aura enters, put a +1/+1 counter on target creature you control.
Enchanted land has ""{T}: Add two mana of any one color.""",G,G,legal,legal,legal,02c521da-677e-43b9-b5fe-c84dc64e66ec
408512c7-5016-4df4-b708-b7467bcdf0ae,Nezumi Bladeblesser,{2}{B},3.0,Creature — Rat Samurai,"This creature has deathtouch as long as you control an artifact.
This creature has menace as long as you control an enchantment. (It can't be blocked except by two or more creatures.)",B,B,legal,not_legal,legal,317bdf0d-df7d-4ca2-8131-060ba7cf2602
d14d41a5-6f38-43c7-b95c-b4a723002c20,Niblis of Dusk,{2}{U},3.0,Creature — Spirit,"Flying
Prowess (Whenever you cast a noncreature spell, this creature gets +1/+1 until end of turn.)",U,U,legal,not_legal,legal,394dd931-e34e-4314-88c9-774a2f3c8c1b
524b00ea-0372-40f9-a6a1-76a8497a1ea6,"Nicol Bolas, the Deceiver",{5}{U}{B}{R},8.0,Legendary Planeswalker — Bolas,"+3: Each opponent loses 3 life unless that player sacrifices a nonland permanent of their choice or discards a card.
−3: Destroy target creature. Draw a card.
−11: Nicol Bolas deals 7 damage to each opponent. You draw seven cards.",BRU,BRU,legal,not_legal,legal,74239d78-1608-4b27-b2fd-8c7453f6b86b
55e4b27e-5447-4fc2-8cae-a03e344600c6,"Nicol Bolas, the Ravager // Nicol Bolas, the Arisen",,4.0,Legendary Creature — Elder Dragon // Legendary Planeswalker — Bolas,,,BRU,legal,not_legal,legal,7b215968-93a6-4278-ac61-4e3e8c3c3943
375932e6-1b3e-48dc-8154-9b664c3add34,Nightmare,{5}{B},6.0,Creature — Nightmare Horse,"Flying (This creature can't be blocked except by creatures with flying or reach.)
Nightmare's power and toughness are each equal to the number of Swamps you control.",B,B,legal,not_legal,legal,192bb40a-3ecd-41eb-acee-819f3138875a
b713e49f-1b13-42d1-91f2-cc7a579e7614,Nihil Spellbomb,{1},1.0,Artifact,"{T}, Sacrifice this artifact: Exile target player's graveyard.
When this artifact is put into a graveyard from the battlefield, you may pay {B}. If you do, draw a card.",,B,legal,not_legal,legal,7012494f-0b9b-4634-b608-328649bec97c
148271de-3351-41a1-bcf5-3ecaadc51540,Nihiloor,{2}{W}{U}{B},5.0,Legendary Creature — Horror,"When Nihiloor enters, for each opponent, tap up to one untapped creature you control. When you do, gain control of target creature that player controls with power less than or equal to the tapped creature's power for as long as you control Nihiloor.
Whenever you attack with a creature an opponent owns, you gain 2 life and that player loses 2 life.",BUW,BUW,legal,not_legal,not_legal,a652ac92-4e61-45ec-866e-baafefd355e5
30929713-47dc-40f0-883c-4bd41aa399d5,Nimble Innovator,{3}{U},4.0,Creature — Vedalken Artificer,"When this creature enters, draw a card.",U,U,legal,not_legal,legal,f6dbf333-23b5-47d9-9e55-1e8fbd5a72cb
01813091-75e8-431b-ba3f-b1ea1ba20a3b,Nimble Thopterist,{3}{U},4.0,Creature — Vedalken Artificer,"When this creature enters, create a 1/1 colorless Thopter artifact creature token with flying.",U,U,legal,legal,legal,47717312-f6c6-4e86-ba6a-a30698962430
d7e1d4eb-1d4e-460e-9304-7db9ab50ccb5,Nimbus Maze,,0.0,Land,"{T}: Add {C}.
{T}: Add {W}. Activate only if you control an Island.
{T}: Add {U}. Activate only if you control a Plains.",,UW,legal,not_legal,legal,711dbdb1-7ec3-4fb4-8364-d34f5e143fd1
1b3b14b9-088d-48df-8d21-54ee68989ac0,Nimbus Naiad,{2}{U},3.0,Enchantment Creature — Nymph,"Bestow {4}{U} (If you cast this card for its bestow cost, it's an Aura spell with enchant creature. It becomes a creature again if it's not attached.)
Flying
Enchanted creature gets +2/+2 and has flying.",U,U,legal,not_legal,legal,19e9c9a2-4c5b-4518-a127-e4ffb23437d6
efb64da9-1ca7-4686-a427-e0d67101030c,Nirkana Assassin,{2}{B},3.0,Creature — Vampire Assassin Ally,"Whenever you gain life, this creature gains deathtouch until end of turn. (Any amount of damage it deals to a creature is enough to destroy it.)",B,B,legal,not_legal,legal,2ca43ea1-ba7b-4dc7-b6f6-a0c92321ebe1
14247820-5ecb-40bd-8dee-0625cc745ec2,Nissa's Judgment,{4}{G},5.0,Sorcery,"Support 2. (Put a +1/+1 counter on each of up to two target creatures.)
Choose up to one target creature an opponent controls. Each creature you control with a +1/+1 counter on it deals damage equal to its power to that creature.",G,G,legal,not_legal,legal,e9dcece0-13eb-4931-b39e-13de528a11a6
e83236f8-1c45-4d31-8937-1c76db549955,Nissa's Pilgrimage,{2}{G},3.0,Sorcery,"Search your library for up to two basic Forest cards, reveal those cards, and put one onto the battlefield tapped and the rest into your hand. Then shuffle.
Spell mastery — If there are two or more instant and/or sorcery cards in your graveyard, search your library for up to three basic Forest cards instead of two.",G,G,legal,not_legal,legal,ccf744d0-4349-4338-99aa-db0780c7296f
899d58dc-60b2-4013-9f91-c1888c585d66,"Niv-Mizzet, Dracogenius",{2}{U}{U}{R}{R},6.0,Legendary Creature — Dragon Wizard,"Flying
Whenever Niv-Mizzet deals damage to a player, you may draw a card.
{U}{R}: Niv-Mizzet deals 1 damage to any target.",RU,RU,legal,not_legal,legal,1b1c4bed-9b6b-42f9-939d-ece0f959a0a3
68b8bfac-63f7-4dbd-bb2e-4ad394c77335,Nivix Cyclops,{1}{U}{R},3.0,Creature — Cyclops,"Defender
Whenever you cast an instant or sorcery spell, this creature gets +3/+0 until end of turn and can attack this turn as though it didn't have defender.",RU,RU,legal,not_legal,legal,f6abe6ca-9345-41bc-9acd-b17ac887cb9d
7c6e0198-edd8-42b8-ba1b-549e1713d188,No Escape,{2}{U},3.0,Instant,"Counter target creature or planeswalker spell. If that spell is countered this way, exile it instead of putting it into its owner's graveyard.
Scry 1.",U,U,legal,not_legal,legal,bc9888a1-6f35-4802-b8fb-902017736d4a
a2f33166-6cfc-4dc5-8edc-088bf40f06b5,Noggle Robber,{1}{R/G}{R/G},3.0,Creature — Noggle Rogue,"When this creature enters or dies, create a Treasure token. (It's an artifact with ""{T}, Sacrifice this token: Add one mana of any color."")",GR,GR,legal,legal,legal,0082ca96-10f3-4823-be16-117556b2afc3
b49efbe8-e15b-4dc7-82de-970cbce92b79,Noggle the Mind,{1}{U},2.0,Enchantment — Aura,"Flash
Enchant creature
Enchanted creature loses all abilities and is a colorless Noggle with base power and toughness 1/1. (It loses all colors and all other creature types.)",U,U,legal,legal,legal,076c0ac1-722e-49ef-b815-ace210069972
4619de7e-3d6e-4c6b-8e6e-e24db324839d,Nomad Outpost,,0.0,Land,"This land enters tapped.
{T}: Add {R}, {W}, or {B}.",,BRW,legal,legal,legal,a68fbeaa-941f-4d53-becd-f93ed22b9a54
aed587bf-c6e5-4850-baeb-2715cb27bf4c,Noxious Groodion,{2}{B},3.0,Creature — Beast,Deathtouch,B,B,legal,not_legal,legal,b6cb3d78-1a60-4e9b-b387-afeb58677536
84dc18f0-8225-4b40-a165-b10321e41769,"Nykthos, Shrine to Nyx",,0.0,Legendary Land,"{T}: Add {C}.
{2}, {T}: Choose a color. Add an amount of mana of that color equal to your devotion to that color. (Your devotion to a color is the number of mana symbols of that color in the mana costs of permanents you control.)",,,legal,not_legal,legal,834b27a0-dfd7-4f96-8cde-cacac4b24acc
52e3bcc0-0c1f-4846-bf52-4af66b7abd6f,Nyx Infusion,{2}{B},3.0,Enchantment — Aura,"Enchant creature
Enchanted creature gets +2/+2 as long as it's an enchantment. Otherwise, it gets -2/-2.",B,B,legal,not_legal,legal,1910d072-1660-4918-a338-d9f87926541d
300715a0-4f95-4212-9e13-558434c9d1a4,"O-Kagachi, Vengeful Kami",{1}{W}{U}{B}{R}{G},6.0,Legendary Creature — Dragon Spirit,"Flying, trample
Whenever O-Kagachi deals combat damage to a player, if that player attacked you during their last turn, exile target nonland permanent that player controls.",BGRUW,BGRUW,legal,not_legal,not_legal,07a42ae6-c2ca-4028-a364-70c19ce125b3
b254fefb-11d2-4369-ae5c-0c3bd48ae580,Oakenform,{2}{G},3.0,Enchantment — Aura,"Enchant creature
Enchanted creature gets +3/+3.",G,G,legal,not_legal,legal,0bf71f42-6e42-46c0-9e8f-394d2c4519ee
60bac6e8-0c72-4665-9b01-d07c99dd1716,Oakheart Dryads,{2}{G},3.0,Enchantment Creature — Nymph Dryad,"Constellation — Whenever this creature or another enchantment you control enters, target creature gets +1/+1 until end of turn.",G,G,legal,not_legal,legal,d8ef63b9-c021-40fe-910e-93c06d660c20
53a0923f-7da8-4e31-a231-9b275916e2a2,Oath of Chandra,{1}{R},2.0,Legendary Enchantment,"When Oath of Chandra enters, it deals 3 damage to target creature an opponent controls.
At the beginning of each end step, if a planeswalker entered the battlefield under your control this turn, Oath of Chandra deals 2 damage to each opponent.",R,R,legal,not_legal,legal,f570b0cb-2f38-422d-89d6-22c85e085328
65481ae1-54b2-44d2-91e1-20cd486386da,Ob Nixilis Reignited,{3}{B}{B},5.0,Legendary Planeswalker — Nixilis,"+1: You draw a card and you lose 1 life.
−3: Destroy target creature.
−8: Target opponent gets an emblem with ""Whenever a player draws a card, you lose 2 life.""",B,B,legal,not_legal,legal,6bb7a4bd-0e74-4b1b-bf23-55c06442881e
c638957f-88bf-40c2-834c-2be39d73bf41,Ob Nixilis's Cruelty,{2}{B},3.0,Instant,"Target creature gets -5/-5 until end of turn. If that creature would die this turn, exile it instead.",B,B,legal,not_legal,legal,94db72a8-57f7-4f17-9f09-cae90ef50304
88cd12e5-ca89-4176-96fd-320fe2ccd087,"Ob Nixilis, the Hate-Twisted",{3}{B}{B},5.0,Legendary Planeswalker — Nixilis,"Whenever an opponent draws a card, Ob Nixilis deals 1 damage to that player.
−2: Destroy target creature. Its controller draws two cards.",B,B,legal,not_legal,legal,14916e2d-73af-4747-a927-d2d4cb3e32db
e8210145-a6ac-4f84-a74c-a5799c5e9434,Obsessive Stitcher,{1}{U}{B},3.0,Creature — Human Wizard,"{T}: Draw a card, then discard a card.
{2}{U}{B}, {T}, Sacrifice this creature: Return target creature card from your graveyard to the battlefield.",BU,BU,legal,not_legal,legal,d319c8a2-ae7b-4077-8b11-97937979fed2
0a5e3748-2e58-4e53-9653-8af4e21cf223,Ogre Slumlord,{3}{B}{B},5.0,Creature — Ogre Rogue,"Whenever another nontoken creature dies, you may create a 1/1 black Rat creature token.
Rats you control have deathtouch.",B,B,legal,not_legal,legal,729f662d-e6b3-41ae-aed8-ef1c27b793d9
27d7f737-59a4-4948-9b2e-599ae848e054,"Ojutai, Soul of Winter",{5}{W}{U},7.0,Legendary Creature — Dragon,"Flying, vigilance
Whenever a Dragon you control attacks, tap target nonland permanent an opponent controls. That permanent doesn't untap during its controller's next untap step.",UW,UW,legal,not_legal,legal,7eb90a6b-da46-44ab-88b8-31aaffdee75b
a0c956dc-d7de-4f11-b76f-7537fbee1731,"Oko, Lorwyn Liege // Oko, Shadowmoor Scion",,3.0,Legendary Planeswalker — Oko // Legendary Planeswalker — Oko,,,GU,legal,legal,legal,48d43194-cbcb-472f-b1c8-b97e347b654c
e2cfbaf5-903c-49fa-b7bf-2c55087f1ffa,Olivia's Bloodsworn,{1}{B},2.0,Creature — Vampire Soldier,"Flying
This creature can't block.
{R}: Target Vampire gains haste until end of turn.",B,BR,legal,not_legal,legal,fdda34e9-f28b-4606-8298-b2d0c15033e6
43d7fcf3-acc2-4e9b-a466-c73b1b6c58af,Omenspeaker,{1}{U},2.0,Creature — Human Wizard,"When this creature enters, scry 2. (Look at the top two cards of your library, then put any number of them on the bottom and the rest on top in any order.)",U,U,legal,not_legal,legal,949589c4-97bc-46b4-bc6c-4b2709fd5e3a
66d4370e-19b9-4680-9b1e-a192537bc002,Omni-Changeling,{3}{U}{U},5.0,Creature — Shapeshifter,"Changeling (This card is every creature type.)
Convoke (Your creatures can help cast this spell. Each creature you tap while casting this spell pays for {1} or one mana of that creature's color.)
You may have this creature enter as a copy of any creature on the battlefield, except it has changeling.",U,U,legal,legal,legal,f29ce8f9-42a3-43fa-8197-666cc26e2c76
fa10cacb-ab14-447a-b411-9d74bc3772fb,Onakke Ogre,{2}{R},3.0,Creature — Ogre Warrior,,R,R,legal,not_legal,legal,9e016da6-8800-47b4-9b96-1887677c795c
b638407b-4749-41fa-8054-f9db57b849ea,Ondu Champion,{2}{R}{R},4.0,Creature — Minotaur Warrior Ally,"Rally — Whenever this creature or another Ally you control enters, creatures you control gain trample until end of turn.",R,R,legal,not_legal,legal,708e1979-902b-410a-ae46-3fd1d2acc31d
9203bee0-718a-4ede-9556-5521417c4080,One With the Wind,{1}{U},2.0,Enchantment — Aura,"Enchant creature
Enchanted creature gets +2/+2 and has flying.",U,U,legal,not_legal,legal,2c00f8bf-0088-44ad-b40b-26a2951a2428
aa6723a2-75da-49f5-a1ba-cbfa82c55301,Opal Palace,,0.0,Land,"{T}: Add {C}.
{1}, {T}: Add one mana of any color in your commander's color identity. If you spend this mana to cast your commander, it enters with a number of additional +1/+1 counters on it equal to the number of times it's been cast from the command zone this game.",,,legal,not_legal,not_legal,c7d25e91-a1a4-4c64-bb4e-3aac8145d885
ca5ca2c9-2ddd-4e70-b738-8de61aa82570,Opaline Unicorn,{3},3.0,Artifact Creature — Unicorn,{T}: Add one mana of any color.,,,legal,not_legal,legal,cfba304c-9cb8-4d5c-b70d-b7f61a365977
8b218023-50b8-4d9d-b17b-9647479d3675,Open Fire,{2}{R},3.0,Instant,Open Fire deals 3 damage to any target.,R,R,legal,not_legal,legal,448f9fb5-ffb5-4325-9f81-ce8782e5f9e9
f38e43b6-9a8c-4f6a-bd1c-d5c4913a28a1,Open the Gates,{G},1.0,Sorcery,"Search your library for a basic land card or Gate card, reveal it, put it into your hand, then shuffle.",G,G,legal,not_legal,legal,ff326c57-accb-4b75-9bc9-b5ef1a85f38d
46f46bdd-52b8-436f-9a39-f5360a84b2cd,Opportunistic Dragon,{2}{R}{R},4.0,Creature — Dragon,"Flying
When this creature enters, choose target Human or artifact an opponent controls. For as long as this creature remains on the battlefield, gain control of that permanent, it loses all abilities, and it can't attack or block.",R,R,legal,not_legal,legal,cecf0f75-db79-4000-85cb-8344ac0f91c5
4a17fb46-70db-4c9a-ac0e-dfc774345673,Oppressive Rays,{W},1.0,Enchantment — Aura,"Enchant creature
Enchanted creature can't attack or block unless its controller pays {3}.
Activated abilities of enchanted creature cost {3} more to activate.",W,W,legal,not_legal,legal,1eac995f-514d-4c65-8135-417f2b1a6fba
f9e7e855-1e3b-42d3-91b0-64ba8b5b8982,Opulent Palace,,0.0,Land,"This land enters tapped.
{T}: Add {B}, {G}, or {U}.",,BGU,legal,legal,legal,11da235d-31a3-44b5-9e64-45a577d9622f
c5dcab94-f4c0-4e5e-ad99-7b3871be6e89,Oran-Rief Invoker,{1}{G},2.0,Creature — Human Shaman,{8}: This creature gets +5/+5 and gains trample until end of turn.,G,G,legal,not_legal,legal,0957875c-e1a2-4d14-8b61-c806903fc760
e88027a6-24cc-4a8b-86db-734f26149ea8,"Oran-Rief, the Vastwood",,0.0,Land,"This land enters tapped.
{T}: Add {G}.
{T}: Put a +1/+1 counter on each green creature that entered this turn.",,G,legal,not_legal,legal,0d307dc2-7897-4394-b437-c1fc7c199e68
fbed6f1a-e224-413c-b13e-3555caaef02a,Orator of Ojutai,{1}{W},2.0,Creature — Bird Monk,"As an additional cost to cast this spell, you may reveal a Dragon card from your hand.
Defender, flying
When this creature enters, if you revealed a Dragon card or controlled a Dragon as you cast this spell, draw a card.",W,W,legal,not_legal,legal,46f90a7e-e11c-43bd-b4a2-a0970848fe1b
48b84b58-1a06-4bb4-be1f-ad3ca69e66dc,Orazca Relic,{3},3.0,Artifact,"Ascend (If you control ten or more permanents, you get the city's blessing for the rest of the game.)
{T}: Add {C}.
{T}, Sacrifice this artifact: You gain 3 life and draw a card. Activate only if you have the city's blessing.",,,legal,not_legal,legal,fd9e5b05-11b5-46fc-a1c8-484f41a0cee6
a6861402-4819-4d85-8b60-677471f40d7d,Ordeal of Heliod,{1}{W},2.0,Enchantment — Aura,"Enchant creature
Whenever enchanted creature attacks, put a +1/+1 counter on it. Then if it has three or more +1/+1 counters on it, sacrifice this Aura.
When you sacrifice this Aura, you gain 10 life.",W,W,legal,not_legal,legal,77e85180-f3c9-4b03-9c25-223599b937ad
a3055ae8-990d-495a-9cb5-971407990cfa,Oreskos Explorer,{1}{W},2.0,Creature — Cat Scout,"When this creature enters, search your library for up to X Plains cards, where X is the number of players who control more lands than you. Reveal those cards, put them into your hand, then shuffle.",W,W,legal,not_legal,not_legal,c1a0c5b4-8988-4bef-8922-730df8bd73a2
014d00fc-434a-4b06-84b2-afd930677d61,Oreskos Swiftclaw,{1}{W},2.0,Creature — Cat Warrior,,W,W,legal,not_legal,legal,03c67b91-7f05-44b1-9e99-3e2094434f6a
8abef87a-4a5c-412e-8137-827cee50bb8b,Ornery Kudu,{2}{G},3.0,Creature — Antelope,"When this creature enters, put a -1/-1 counter on target creature you control.",G,G,legal,not_legal,legal,8ba1d3a1-8c1b-4b77-b149-13d5ad9f125a
a3a98bc9-caa0-49b7-951c-fe4e4f54e4ba,Ornithopter,{0},0.0,Artifact Creature — Thopter,Flying,,,legal,not_legal,legal,ee98e86c-ac16-4159-8982-ed14d282811a
aa00ae0b-7c0f-427e-8102-ce0e2a6af5df,Orzhov Basilica,,0.0,Land,"This land enters tapped.
When this land enters, return a land you control to its owner's hand.
{T}: Add {W}{B}.",,BW,legal,not_legal,legal,fc063704-f0d3-46b5-9340-f80d431ce5dc
f60b879e-82b4-442d-a544-2349429fe4c9,Orzhov Enforcer,{1}{B},2.0,Creature — Human Rogue,"Deathtouch
Afterlife 1 (When this creature dies, create a 1/1 white and black Spirit creature token with flying.)",B,B,legal,not_legal,legal,6a72b49e-be14-485b-a467-31cbac9aa1c5
57b37df5-fee4-4720-931f-f0cb0a8b338c,Orzhov Guildgate,,0.0,Land — Gate,"This land enters tapped.
{T}: Add {W} or {B}.",,BW,legal,legal,legal,cba5fb67-e161-4e89-be3e-c8021122ff19
b72efd67-a234-44af-8296-3e182292c7e6,Outnumber,{R},1.0,Instant,Outnumber deals damage to target creature equal to the number of creatures you control.,R,R,legal,not_legal,legal,b3373281-7319-4320-8afb-4546fb55ab4c
ebb24fc7-dc71-4712-8c2a-b5920f78e55d,Outpost Siege,{3}{R},4.0,Enchantment,"As this enchantment enters, choose Khans or Dragons.
• Khans — At the beginning of your upkeep, exile the top card of your library. Until end of turn, you may play that card.
• Dragons — Whenever a creature you control leaves the battlefield, this enchantment deals 1 damage to any target.",R,R,legal,not_legal,legal,a8645f34-b830-4429-8fca-9458d1e3dccc
5f5e0b10-c8cf-450c-bfd3-bcb0528ec330,Pacifism,{1}{W},2.0,Enchantment — Aura,"Enchant creature
Enchanted creature can't attack or block.",W,W,legal,legal,legal,3d34551e-36a4-49ea-9d2a-4c72575fe06a
f62d4437-bac6-49c8-9aeb-07de78551df7,Pack Mastiff,{1}{R},2.0,Creature — Dog,{1}{R}: Each creature you control named Pack Mastiff gets +1/+0 until end of turn.,R,R,legal,not_legal,legal,39934090-36a6-4183-9176-97ea932d2685
6be78177-aef0-408c-9769-a1be0775f06d,Painful Lesson,{2}{B},3.0,Sorcery,Target player draws two cards and loses 2 life.,B,B,legal,not_legal,legal,becbd481-311d-4f85-aacd-df1f7d7ef587
58a2d15f-1b4b-4303-b524-8cc0d1b3e7d2,Painful Truths,{2}{B},3.0,Sorcery,"Converge — You draw X cards and lose X life, where X is the number of colors of mana spent to cast this spell.",B,B,legal,not_legal,legal,79290aa2-0c52-45fb-80d7-1206bf20ab18
5c92f375-ae6a-4be5-a499-ab87d6bdc49b,Palace Guard,{2}{W},3.0,Creature — Human Soldier,This creature can block any number of creatures.,W,W,legal,not_legal,legal,51e73c28-bf82-413e-bec2-adbb52fa6993
4d819d35-5cd3-48f1-a77a-b7c3ff82c62e,Palace Siege,{3}{B}{B},5.0,Enchantment,"As this enchantment enters, choose Khans or Dragons.
• Khans — At the beginning of your upkeep, return target creature card from your graveyard to your hand.
• Dragons — At the beginning of your upkeep, each opponent loses 2 life and you gain 2 life.",B,B,legal,not_legal,legal,da855bb6-adc2-484c-a084-83aff2b267f1
e119869d-1f66-402b-8251-d351965cf0d3,Paradise Druid,{1}{G},2.0,Creature — Elf Druid,"This creature has hexproof as long as it's untapped. (It can't be the target of spells or abilities your opponents control.)
{T}: Add one mana of any color.",G,G,legal,not_legal,legal,187d5819-6a63-4e4f-98c4-18191c03f164
d1c2b124-5290-4e66-9f6b-4db4d662a74c,Paranoid Parish-Blade,{2}{W},3.0,Creature — Human Soldier,Delirium — This creature gets +1/+0 and has first strike as long as there are four or more card types among cards in your graveyard.,W,W,legal,not_legal,legal,16bb6c60-1889-49ed-8767-8144cc5a9571
b473e293-59e3-4e04-acf2-622604aeb25f,Path of Ancestry,,0.0,Land,"This land enters tapped.
{T}: Add one mana of any color in your commander's color identity. When that mana is spent to cast a creature spell that shares a creature type with your commander, scry 1. (Look at the top card of your library. You may put that card on the bottom.)",,,legal,not_legal,not_legal,3b792a6a-beac-4d4a-91b6-f5a5e3539ecd
df9fe645-6f7b-44a0-ab69-b68cb7e525cd,Patient Rebuilding,{3}{U}{U},5.0,Enchantment,"At the beginning of your upkeep, target opponent mills three cards, then you draw a card for each land card put into their graveyard this way.",U,U,legal,not_legal,legal,2256e07f-a35a-4393-9744-045564d5770b
65dc05d0-f885-4fe5-9a23-d6b75185c179,Peel from Reality,{1}{U},2.0,Instant,Return target creature you control and target creature you don't control to their owners' hands.,U,U,legal,not_legal,legal,284cd35c-056f-45c2-822f-d50527f79625
a61f5100-aa38-4996-b23c-3ce4ed25ed09,Peer Through Depths,{1}{U},2.0,Instant — Arcane,Look at the top five cards of your library. You may reveal an instant or sorcery card from among them and put it into your hand. Put the rest on the bottom of your library in any order.,U,U,legal,not_legal,legal,df0994df-730c-4947-8248-0aaf97998fa1
24db5905-d513-42c6-9e9d-114ac5cbd21d,Pegasus Courser,{2}{W},3.0,Creature — Pegasus,"Flying
Whenever this creature attacks, another target attacking creature gains flying until end of turn.",W,W,legal,not_legal,legal,0c04eafe-8be0-416e-a5b9-486a3b3b5984
992075d5-f413-4896-b75e-7bb2d589c50e,Pendulum of Patterns,{2},2.0,Artifact,"When this artifact enters, you gain 3 life.
{5}, {T}, Sacrifice this artifact: Draw a card.",,,legal,not_legal,legal,d19751aa-823e-4a0f-a004-dee333b34327
cafad9c8-9974-4596-92d4-b7fb615a0353,Pensive Minotaur,{2}{R},3.0,Creature — Minotaur Warrior,,R,R,legal,not_legal,legal,902b462a-a552-42d4-91f0-bd33cd9cb719
da099c34-74b2-4db8-8583-09bf2c56606f,Perfect Intimidation,{3}{B},4.0,Sorcery,"Choose one or both —
• Target opponent exiles two cards from their hand.
• Remove all counters from target creature.",B,B,legal,legal,legal,ff05b7f4-e0d0-4304-99b3-66ac804129fe
e1708ad9-35d4-4243-92ca-ddf9d129aa32,Personify,{1}{W},2.0,Instant,"Exile target creature you control, then return that card to the battlefield under its owner's control. Create a 1/1 colorless Shapeshifter creature token with changeling. (It's every creature type.)",W,W,legal,legal,legal,1172582d-fb2d-4022-95b1-e48b03df3a95
bde94af8-faea-41ff-8eed-ba642eac9968,Phantasmal Image,{1}{U},2.0,Creature — Illusion,"You may have this creature enter as a copy of any creature on the battlefield, except it's an Illusion in addition to its other types and it has ""When this creature becomes the target of a spell or ability, sacrifice it.""",U,U,legal,not_legal,legal,c1c080cf-a5e8-4d9d-af49-f78588971e87
e43e06fb-52b7-4f38-8fac-f31973b043f7,Phantom Nishoba,{5}{G}{W},7.0,Creature — Cat Beast Spirit,"Trample
This creature enters with seven +1/+1 counters on it.
Whenever this creature deals damage, you gain that much life.
If damage would be dealt to this creature, prevent that damage. Remove a +1/+1 counter from this creature.",GW,GW,legal,not_legal,not_legal,8288050c-8074-4a44-803c-8ef6427ec038
22c643b1-62dd-477c-8944-97b3becdfdbe,Phantom Steed,{3}{U},4.0,Creature — Horse Illusion,"Flash
When this creature enters, exile another target creature you control until this creature leaves the battlefield.
Whenever this creature attacks, create a tapped and attacking token that's a copy of the exiled card, except it's an Illusion in addition to its other types. Sacrifice that token at end of combat.",U,U,legal,not_legal,not_legal,64513f0a-067d-4b70-bb23-9ebe606bda1a
651a1f3d-d6f0-4a38-a776-bceba698127b,Pheres-Band Thunderhoof,{4}{G},5.0,Creature — Centaur Warrior,"Heroic — Whenever you cast a spell that targets this creature, put two +1/+1 counters on this creature.",G,G,legal,not_legal,legal,a19a2e8e-9d8f-4537-838c-ac60e09d78bf
530f088d-bfa1-4410-b1aa-ade8abdb2b7a,Phthisis,{3}{B}{B}{B}{B},7.0,Sorcery,"Destroy target creature. Its controller loses life equal to its power plus its toughness.
Suspend 5—{1}{B} (Rather than cast this card from your hand, you may pay {1}{B} and exile it with five time counters on it. At the beginning of your upkeep, remove a time counter. When the last is removed, you may cast it without paying its mana cost.)",B,B,legal,not_legal,legal,98b84356-fa97-4f61-bd84-e8efd7f46e38
7b599b4d-95bc-4ed2-a167-84a697944747,Pieces of the Puzzle,{2}{U},3.0,Sorcery,Reveal the top five cards of your library. Put up to two instant and/or sorcery cards from among them into your hand and the rest into your graveyard.,U,U,legal,not_legal,legal,69204c83-2e43-4ca1-a4cd-d75399a7d6dd
66155010-cc2c-449a-85d5-92c95aade514,Pilgrim's Eye,{3},3.0,Artifact Creature — Thopter,"Flying
When this creature enters, you may search your library for a basic land card, reveal it, put it into your hand, then shuffle.",,,legal,not_legal,legal,9e7dbd56-95a0-4697-9599-3f6110daf6bc
605624ee-b7ca-4728-993f-e13b18cc57f3,Pin to the Earth,{1}{U},2.0,Enchantment — Aura,"Enchant creature
Enchanted creature gets -6/-0.",U,U,legal,not_legal,legal,c04e6915-39b0-4fbc-9114-2ecf371b6f72
9812bdf9-98b6-4b4d-8381-a7bbb25069d8,Pinion Feast,{4}{G},5.0,Instant,Destroy target creature with flying. Bolster 2. (Choose a creature with the least toughness among creatures you control and put two +1/+1 counters on it.),G,G,legal,not_legal,legal,45d6df03-c3c3-42c3-85a4-6fccb0741592
a6c5c5ea-0bd0-4d5a-bd3f-6217f14c9939,Piper of the Swarm,{1}{B},2.0,Creature — Human Warlock,"Rats you control have menace.
{1}{B}, {T}: Create a 1/1 black Rat creature token.
{2}{B}{B}, {T}, Sacrifice three Rats: Gain control of target creature.",B,B,legal,not_legal,legal,b4810704-beb8-499c-a921-26f672fd33b2
0d46a97a-b1d6-4bf3-b3ba-a5cdfd4c8bf5,Pitiless Fists,{3}{G},4.0,Enchantment — Aura,"Enchant creature you control
When this Aura enters, enchanted creature fights up to one target creature an opponent controls. (Each deals damage equal to its power to the other.)
Enchanted creature gets +2/+2.",G,G,legal,legal,legal,295d828b-b2e7-41c7-afbc-5fb5f4eb242c
2e3ee458-fa3f-4452-ab95-5a7fb5a0483b,Plaguecrafter,{2}{B},3.0,Creature — Human Shaman,"When this creature enters, each player sacrifices a creature or planeswalker of their choice. Each player who can't discards a card.",B,B,legal,not_legal,legal,5c03e00b-034d-4a26-9fc2-f25fc2dfc661
bc71ebf6-2056-41f7-be35-b2e5c34afa99,Plains,,0.0,Basic Land — Plains,({T}: Add {W}.),,W,legal,legal,legal,0b1b55c1-d74b-4688-a3b8-8480d99524c7
af23d348-adc9-451e-af08-bf9b1986c591,Planewide Celebration,{5}{G}{G},7.0,Sorcery,"Choose four. You may choose the same mode more than once.
• Create a 2/2 Citizen creature token that's all colors.
• Return target permanent card from your graveyard to your hand.
• Proliferate.
• You gain 4 life.",G,G,legal,not_legal,legal,11016840-56b6-4759-bde6-3dc0e339e87e
3673219d-d2b5-43ad-b0c8-58b583491158,Plasm Capture,{G}{G}{U}{U},4.0,Instant,"Counter target spell. At the beginning of your next first main phase, add X mana in any combination of colors, where X is that spell's mana value.",GU,GU,legal,not_legal,legal,0ffe8485-d5fb-47cc-af53-6e0fd062b7a2
85bde6ac-3dd4-4946-8b57-24f57e3eae2b,Plummet,{1}{G},2.0,Instant,Destroy target creature with flying.,G,G,legal,not_legal,legal,5f6acb5b-b087-4cad-b40f-2de37029847c
828fe0c0-e280-4a8b-9e49-68cb34c2da97,Pollenbright Druid,{1}{G},2.0,Creature — Elf Druid,"When this creature enters, choose one —
• Put a +1/+1 counter on target creature.
• Proliferate. (Choose any number of permanents and/or players, then give each another counter of each kind already there.)",G,G,legal,not_legal,legal,4b0f478c-54f8-4087-ad52-d089e2049dda
f5a95092-fb71-4b55-bc54-782bd1c603e1,Pontiff of Blight,{4}{B}{B},6.0,Creature — Zombie Cleric,"Extort (Whenever you cast a spell, you may pay {W/B}. If you do, each opponent loses 1 life and you gain that much life.)
Other creatures you control have extort. (If a creature has multiple instances of extort, each triggers separately.)",B,B,legal,not_legal,legal,c421b851-f61a-4db6-9063-d1d5289a7d78
55fe5ec3-1c81-4e9d-9e4c-f68ce6d7c2de,Pore Over the Pages,{3}{U}{U},5.0,Sorcery,"Draw three cards, untap up to two lands, then discard a card.",U,U,legal,not_legal,legal,b2288f7b-05b1-4a6c-8d02-42ffcadc6f0b
458d2b12-f578-4392-98d3-c3bc83f316c4,Port Town,,0.0,Land,"As this land enters, you may reveal a Plains or Island card from your hand. If you don't, this land enters tapped.
{T}: Add {W} or {U}.",,UW,legal,not_legal,legal,e6a12a68-a88c-440d-a6ee-b235afbbbfb8
d8d92f97-d54c-4954-8324-b9c0a9b96ec2,Pouncing Lynx,{1}{W},2.0,Creature — Cat,"During your turn, this creature has first strike.",W,W,legal,not_legal,legal,9383956f-90bc-40e4-ae5c-503e98e21832
5330e24a-8568-446e-840a-594cd08bd1bc,Prairie Stream,,0.0,Land — Plains Island,"({T}: Add {W} or {U}.)
This land enters tapped unless you control two or more basic lands.",,UW,legal,not_legal,legal,9b724d9e-89d5-4e2f-9331-a60ee0d1893d
ab42398c-f0a1-4b94-ac5f-b8768e1b4e05,Presence of Gond,{2}{G},3.0,Enchantment — Aura,"Enchant creature
Enchanted creature has ""{T}: Create a 1/1 green Elf Warrior creature token.""",G,G,legal,not_legal,legal,922cf7de-3c37-4f4d-ae1a-7a14234a6dab
a729a684-9171-4ca9-83ad-1d199afad7bb,Press into Service,{4}{R},5.0,Sorcery,"Support 2. (Put a +1/+1 counter on each of up to two target creatures.)
Gain control of target creature until end of turn. Untap that creature. It gains haste until end of turn.",R,R,legal,not_legal,legal,69b9eb4b-3ab8-4506-baa4-3a818e7677a3
d4bbdd0c-e578-49ed-b2f7-b1decb04ee87,Pressure Point,{1}{W},2.0,Instant,"Tap target creature.
Draw a card.",W,W,legal,not_legal,legal,d0027360-736c-4b3e-b2cd-0d821cca587a
b3c12848-528d-4005-878f-4f950a07240a,Prey Upon,{G},1.0,Sorcery,Target creature you control fights target creature you don't control. (Each deals damage equal to its power to the other.),G,G,legal,not_legal,legal,16979827-4011-454a-9886-18326cfa3e77
43a2bfe4-9705-4d0f-901a-21f9803b50f1,Price of Betrayal,{B},1.0,Sorcery,"Remove up to five counters from target artifact, creature, planeswalker, or opponent.",B,B,legal,not_legal,legal,fd68e918-5089-46c9-8836-b05a3da3c7a3
45d5cd4c-7285-4507-8cbf-eace7a734f41,Price of Fame,{3}{B},4.0,Instant,"This spell costs {2} less to cast if it targets a legendary creature.
Destroy target creature.
Surveil 2. (Look at the top two cards of your library, then put any number of them into your graveyard and the rest on top of your library in any order.)",B,B,legal,not_legal,legal,61b52152-0f7c-4466-9e49-033477028f67
faf2f368-a7e7-4427-bc03-929f294b1e03,Prideful Feastling,{2}{W/B},3.0,Creature — Shapeshifter,"Changeling (This card is every creature type.)
Lifelink",BW,BW,legal,legal,legal,7578cb61-f606-4559-a10a-343a583228ab
441cdd7d-6c4c-4a91-a118-7eaa35276660,Priest of the Blood Rite,{3}{B}{B},5.0,Creature — Human Cleric,"When this creature enters, create a 5/5 black Demon creature token with flying.
At the beginning of your upkeep, you lose 2 life.",B,B,legal,not_legal,legal,1a0df50f-59b8-46b6-8bac-6e3f93b9c979
ab9778da-f5e3-4c17-a3da-ffef6ed7a7a1,Primordial Wurm,{4}{G}{G},6.0,Creature — Wurm,,G,G,legal,not_legal,legal,fc0e8298-adac-4922-8824-a1fafa089f72
27a3aa64-1de7-4b0c-af23-52886e7d258a,Prismatic Undercurrents,{3}{G},4.0,Enchantment,"Vivid — When this enchantment enters, search your library for up to X basic land cards, where X is the number of colors among permanents you control. Reveal those cards, put them into your hand, then shuffle.
You may play an additional land on each of your turns.",G,G,legal,legal,legal,bb7490f2-1425-495f-b7d4-2f1e0df7490e
feb4fcec-6f3a-4643-9ffb-69d3f5953322,Prismite,{2},2.0,Artifact Creature — Golem,{2}: Add one mana of any color.,,,legal,not_legal,legal,40475e96-0283-445f-97fb-1da008707399
808a8491-2966-4388-8590-a46ba147f65a,Prison Realm,{2}{W},3.0,Enchantment,"When this enchantment enters, exile target creature or planeswalker an opponent controls until this enchantment leaves the battlefield.
When this enchantment enters, scry 1.",W,W,legal,not_legal,legal,d476e8e5-2377-464b-b2d5-a3cd66ee2e45
1b3d7fce-e9fe-4176-9d9a-472415826cdd,Pristine Talisman,{3},3.0,Artifact,{T}: Add {C}. You gain 1 life.,,,legal,not_legal,legal,b31d96cf-7276-46c4-ad17-d6a5c85f1315
92c470c9-1373-4f3a-9805-5e9613874793,Prognostic Sphinx,{3}{U}{U},5.0,Creature — Sphinx,"Flying
Discard a card: This creature gains hexproof until end of turn. Tap it.
Whenever this creature attacks, scry 3.",U,U,legal,not_legal,legal,acd9e468-093b-4c88-8bf6-041bee6a1ea2
ea9709b6-4c37-4d5a-b04d-cd4c42e4f9dd,Propaganda,{2}{U},3.0,Enchantment,Creatures can't attack you unless their controller pays {2} for each creature they control that's attacking you.,U,U,legal,not_legal,legal,bc0331b2-7a5b-46f5-9698-f185431ca711
d17a9750-a89f-4ad1-9c15-7ccffc554ee5,Propeller Pioneer,{3}{W},4.0,Creature — Human Artificer,"Flying
Fabricate 1 (When this creature enters, put a +1/+1 counter on it or create a 1/1 colorless Servo artifact creature token.)",W,W,legal,not_legal,legal,cee60224-960a-4f92-996a-7b0b878109e4
6bc82093-0246-4c60-bf30-0b605bef01cd,Prophet of Distortion,{U},1.0,Creature — Eldrazi Drone,"Devoid (This card has no color.)
{3}{C}: Draw a card. ({C} represents colorless mana.)",,U,legal,not_legal,legal,03ee2d7e-50ee-4f5a-b787-cf9669a892f3
1e9b0fd6-5aae-401a-8df5-d94ce6442696,"Prosper, Tome-Bound",{2}{B}{R},4.0,Legendary Creature — Tiefling Warlock,"Deathtouch
Mystic Arcanum — At the beginning of your end step, exile the top card of your library. Until the end of your next turn, you may play that card.
Pact Boon — Whenever you play a card from exile, create a Treasure token.",BR,BR,legal,not_legal,not_legal,d743336e-d5c7-4053-a23d-92ec7581f74e
06b60766-a1fb-4ed0-93f6-8423008f75b4,Prying Eyes,{4}{U}{U},6.0,Instant,"Draw four cards, then discard two cards.",U,U,legal,not_legal,legal,11ee2c64-68f1-434b-8092-ae80d6575666
328b42f1-d679-4f9c-80e3-38fe3b965d10,Psychic Corrosion,{2}{U},3.0,Enchantment,"Whenever you draw a card, each opponent mills two cards.",U,U,legal,not_legal,legal,285d22fa-1623-463a-83c0-a9aa7c969ce2
47214acc-08c4-4dcb-9a8b-09196ce41045,Psychic Impetus,{2}{U},3.0,Enchantment — Aura,"Enchant creature
Enchanted creature gets +2/+2 and is goaded. (It attacks each combat if able and attacks a player other than you if able.)
Whenever enchanted creature attacks, you scry 2.",U,U,legal,not_legal,not_legal,5840b15e-0787-44ed-a2a7-29d0c8aa1cde
08dd393f-12d8-4801-882c-6d76009b4f12,Psychic Rebuttal,{1}{U},2.0,Instant,"Counter target instant or sorcery spell that targets you.
Spell mastery — If there are two or more instant and/or sorcery cards in your graveyard, you may copy the spell countered this way. You may choose new targets for the copy.",U,U,legal,not_legal,legal,67a105f8-0c01-4c09-a3bf-8c912b6dc741
00187de2-bc48-4137-97d8-a9a0fafc76c1,Pteramander,{U},1.0,Creature — Salamander Drake,"Flying
{7}{U}: Adapt 4. This ability costs {1} less to activate for each instant and sorcery card in your graveyard. (If this creature has no +1/+1 counters on it, put four +1/+1 counters on it.)",U,U,legal,not_legal,legal,280f2a85-1900-460b-a768-164fc2dea636
499b4cf9-2aaa-45a0-8362-77b727b7f7cc,Puca's Eye,{2},2.0,Artifact,"When this artifact enters, draw a card, then choose a color. This artifact becomes the chosen color.
{3}, {T}: Draw a card. Activate only if there are five colors among permanents you control.",,,legal,legal,legal,c3a5ca02-3829-4c42-b0dc-98b660f8a8f0
d5b446a4-a761-42f0-acf0-ea0a1a9538d6,Pulse of Murasa,{2}{G},3.0,Instant,Return target creature or land card from a graveyard to its owner's hand. You gain 6 life.,G,G,legal,not_legal,legal,99851c1b-8878-4c1e-906b-f6b70e53d714
fc401c08-514d-43ea-9f57-6c3afe7c2652,Pulse of the Fields,{1}{W}{W},3.0,Instant,"You gain 4 life. Then if an opponent has more life than you, return Pulse of the Fields to its owner's hand.",W,W,legal,not_legal,legal,bdedff5d-4c5d-4120-9d9a-4bb5b0b2d2f2
ffa23c3a-76a8-414f-aa3b-fc09aabd78c5,Pummeler for Hire,{4}{G},5.0,Creature — Giant Mercenary,"Vigilance, reach
Ward {2} (Whenever this creature becomes the target of a spell or ability an opponent controls, counter it unless that player pays {2}.)
When this creature enters, you gain X life, where X is the greatest power among Giants you control.",G,G,legal,legal,legal,42208996-7b99-474e-aba7-75190d7ee8e2
15e71226-feb0-4870-a3ea-d8604ca5b3dc,Puncturing Light,{1}{W},2.0,Instant,Destroy target attacking or blocking creature with power 3 or less.,W,W,legal,not_legal,legal,5b101264-4994-43b7-9156-228f7d10d2bd
74a62c7b-4753-4af2-b7a1-9a4ae8988801,Puresteel Paladin,{W}{W},2.0,Creature — Human Knight,"Whenever an Equipment you control enters, you may draw a card.
Metalcraft — Equipment you control have equip {0} as long as you control three or more artifacts.",W,W,legal,not_legal,legal,6dfd52a8-14c0-4e53-862e-01da4d7823e2
0a6f45e9-5c7a-4e2c-bf8a-fc5fe0ae0793,Pyre Hound,{3}{R},4.0,Creature — Elemental Dog,"Trample
Whenever you cast an instant or sorcery spell, put a +1/+1 counter on this creature.",R,R,legal,not_legal,legal,5d19c5fb-01af-4ca4-af7e-00ec2a748afd
10821e37-8a83-4d8e-a12f-249a10933a22,Qasali Pridemage,{G}{W},2.0,Creature — Cat Wizard,"Exalted (Whenever a creature you control attacks alone, that creature gets +1/+1 until end of turn.)
{1}, Sacrifice this creature: Destroy target artifact or enchantment.",GW,GW,legal,not_legal,legal,a214bb26-f44a-4029-a99c-ea6bd086b0cc
f763d118-3183-4604-a50c-7c3933e2185e,Qasali Slingers,{4}{G},5.0,Creature — Cat Warrior,"Reach
Whenever this creature or another Cat you control enters, you may destroy target artifact or enchantment.",G,G,legal,not_legal,not_legal,40e21394-146e-4648-b81e-63659c0c4764
ad5e2208-df68-4119-b225-a7c133b70359,Quarry Colossus,{5}{W}{W},7.0,Creature — Giant,"When this creature enters, put target creature into its owner's library just beneath the top X cards of that library, where X is the number of Plains you control.",W,W,legal,not_legal,legal,d921128a-ebfd-4e3c-8728-481a8c3c03f3
fa1b722a-109e-4a43-bd7b-818292728cb3,Quench,{1}{U},2.0,Instant,Counter target spell unless its controller pays {2}.,U,U,legal,not_legal,legal,ee0ba01b-de96-4f8f-9405-ff3ad288afac
0ff0a309-9b4a-4f9e-9ea6-c4d07906ebec,Quietus Spike,{3},3.0,Artifact — Equipment,"Equipped creature has deathtouch.
Whenever equipped creature deals combat damage to a player, that player loses half their life, rounded up.
Equip {3}",,,legal,not_legal,legal,554f2444-78bd-4312-a1d7-00cadcac7559
607f9177-fea0-464c-a15f-65842865546a,Quilled Wolf,{1}{G},2.0,Creature — Wolf,{5}{G}: This creature gets +4/+4 until end of turn.,G,G,legal,not_legal,legal,fa1569b5-94ef-4ba5-98c6-f1bd4f73c7d5
6d5dc34b-3eea-4b77-8db7-94bc30b14c4c,Rabid Bite,{1}{G},2.0,Sorcery,Target creature you control deals damage equal to its power to target creature you don't control.,G,G,legal,legal,legal,2f573622-877b-4d21-adfc-40a32b7c2e6d
cfc8372f-13b6-4628-84c7-066881b287f5,Radiant Flames,{2}{R},3.0,Sorcery,"Converge — Radiant Flames deals X damage to each creature, where X is the number of colors of mana spent to cast this spell.",R,R,legal,not_legal,legal,70f4fe69-c541-4320-9074-9c6a3bc70ea3
6db442e5-fbcc-4456-a4c5-bea1aee3fc8e,Radiant Fountain,,0.0,Land,"When this land enters, you gain 2 life.
{T}: Add {C}.",,,legal,not_legal,legal,8090e148-2550-4156-89e3-052abda9f0e7
21a86dcd-03e3-409b-b214-5feed07db584,Radiant Solar,{5}{W},6.0,Creature — Angel,"Flying, lifelink
Whenever this creature or another nontoken creature you control enters, venture into the dungeon. (Enter the first room or advance to the next room.)
{W}, Discard this card: Venture into the dungeon and you gain 3 life.",W,W,legal,not_legal,not_legal,fa0e443a-c479-40ab-9702-8beca3e5ab95
fd51dce2-8e8a-4686-910e-1bbc2825d190,Radical Idea,{1}{U},2.0,Instant,"Draw a card.
Jump-start (You may cast this card from your graveyard by discarding a card in addition to paying its other costs. Then exile this card.)",U,U,legal,not_legal,legal,c9570734-5e9b-46ff-b606-9759b5195756
c05c2eae-1a9c-4ce7-9c76-22e40781c1a9,Raging Kronch,{2}{R},3.0,Creature — Beast,This creature can't attack alone.,R,R,legal,not_legal,legal,ae38aa2d-6c0e-409a-bfc7-ed4281457670
363b0504-27bf-40df-96ec-9e3cb1e47588,Rain of Thorns,{4}{G}{G},6.0,Sorcery,"Choose one or more —
• Destroy target artifact.
• Destroy target enchantment.
• Destroy target land.",G,G,legal,not_legal,legal,afc3db76-2507-4a91-ab89-7bcdf4ac66b7
5b2364d7-a811-4595-a1b4-224c70555ffa,Raise the Alarm,{1}{W},2.0,Instant,Create two 1/1 white Soldier creature tokens.,W,W,legal,not_legal,legal,764a7a53-314e-4b1f-aa33-0f312d06df71
0a023964-2905-4928-9c3e-dc63e6ebd218,Rakdos Carnarium,,0.0,Land,"This land enters tapped.
When this land enters, return a land you control to its owner's hand.
{T}: Add {B}{R}.",,BR,legal,not_legal,legal,b18103c9-b92f-4f65-93ba-d18d3fd5b557
5e62b51d-faec-4aa0-9504-cf2c282d08ea,Rakdos Charm,{B}{R},2.0,Instant,"Choose one —
• Exile target player's graveyard.
• Destroy target artifact.
• Each creature deals 1 damage to its controller.",BR,BR,legal,not_legal,legal,3632fbff-c3cc-4f6f-b15d-c7ca3cb77a7c
361f534b-39d1-4421-b5a8-d3813c62f86d,Rakdos Guildgate,,0.0,Land — Gate,"This land enters tapped.
{T}: Add {B} or {R}.",,BR,legal,legal,legal,26f7e55d-d4c9-4755-ab87-a592ba3fb64f
ab784412-0722-4501-9aa0-fd68d307f6fd,Rakdos Locket,{3},3.0,Artifact,"{T}: Add {B} or {R}.
{B/R}{B/R}{B/R}{B/R}, {T}, Sacrifice this artifact: Draw two cards.",,BR,legal,not_legal,legal,4fd60d9b-2282-4b32-9bff-efb2bcf87d22
3adb7681-977f-4a32-9ec8-51481b958268,Rakdos Signet,{2},2.0,Artifact,"{1}, {T}: Add {B}{R}.",,BR,legal,not_legal,legal,0bc3c10a-c3be-4e46-9871-282dad8bc7a4
a3c672b8-9c7d-47cc-877b-580904c6d72b,Raksha Golden Cub,{5}{W}{W},7.0,Legendary Creature — Cat Soldier,"Vigilance
As long as Raksha Golden Cub is equipped, Cat creatures you control get +2/+2 and have double strike.",W,W,legal,not_legal,legal,8736fd50-312e-47e2-8337-997c2acf48d9
a8fe6204-9f55-45e5-99b3-43f2761ce8a3,Rakshasa's Disdain,{2}{U},3.0,Instant,Counter target spell unless its controller pays {1} for each card in your graveyard.,U,U,legal,not_legal,legal,bd9e8a25-2e71-431b-897f-8b62520a3ce9
984336a7-85bd-4549-9771-03a0c2367db0,Rally of Wings,{1}{W},2.0,Instant,Untap all creatures you control. Creatures you control with flying get +2/+2 until end of turn.,W,W,legal,not_legal,legal,f043642d-35fe-4ea9-a1d3-78ddfdddeaf4
3ed41d2d-211b-4013-8562-8c64d54cc43a,"Ramos, Dragon Engine",{6},6.0,Legendary Artifact Creature — Dragon,"Flying
Whenever you cast a spell, put a +1/+1 counter on Ramos for each of that spell's colors.
Remove five +1/+1 counters from Ramos: Add {W}{W}{U}{U}{B}{B}{R}{R}{G}{G}. Activate only once each turn.",,BGRUW,legal,legal,legal,2e747ef1-a1ad-4859-a70c-3f935f017310
b867deb4-a088-492e-95fe-487071ebfe8d,Rampaging Rendhorn,{4}{G},5.0,Creature — Beast,Riot (This creature enters with your choice of a +1/+1 counter or haste.),G,G,legal,not_legal,legal,12c1b820-0f06-41f6-804f-5c98f60c1529
8539f295-5d58-4436-a73a-b9277c4c7795,Rampant Growth,{1}{G},2.0,Sorcery,"Search your library for a basic land card, put that card onto the battlefield tapped, then shuffle.",G,G,legal,not_legal,legal,18992876-740a-4c30-b2fd-b6a5afd467b4
9d2d6479-531c-4ce1-b52b-00e36fa63b64,Rancor,{G},1.0,Enchantment — Aura,"Enchant creature
Enchanted creature gets +2/+0 and has trample.
When this Aura is put into a graveyard from the battlefield, return it to its owner's hand.",G,G,legal,not_legal,legal,26ddcdcc-28eb-43ce-b912-499c735491b8
7b459306-149b-4f43-abc1-2dd70c748c0e,Ravenous Chupacabra,{2}{B}{B},4.0,Creature — Beast Horror,"When this creature enters, destroy target creature an opponent controls.",B,B,legal,not_legal,legal,02551196-ecea-472f-9547-3c9658d0489e
dcc5ca3f-5309-4833-bee4-f2508382ea06,Ravenous Leucrocota,{3}{G},4.0,Creature — Beast,"Vigilance
{6}{G}: Monstrosity 3. (If this creature isn't monstrous, put three +1/+1 counters on it and it becomes monstrous.)",G,G,legal,not_legal,legal,1e91524b-4885-45fc-b22d-f9e5ee55845d
0012bc78-e69d-4a67-a302-e5fe0dfd4407,Ravnica at War,{3}{W},4.0,Sorcery,Exile all multicolored permanents.,W,W,legal,not_legal,legal,e0f83824-43c6-4101-88fd-9109958b23e2
c81ca8ff-92f3-481e-82f7-0673b6c74ea0,Reach Through Mists,{U},1.0,Instant — Arcane,Draw a card.,U,U,legal,not_legal,legal,0b6d5d29-4f38-4229-ac50-c4fa97fcc536
5bf4d8d9-a2b2-4dba-ac05-9d4470a89db2,Read the Bones,{2}{B},3.0,Sorcery,"Scry 2, then draw two cards. You lose 2 life. (To scry 2, look at the top two cards of your library, then put any number of them on the bottom and the rest on top in any order.)",B,B,legal,not_legal,legal,0975e578-cd4e-43fa-800c-c38e6cd1248a
a1d17244-9c92-4094-9843-d7ee31c85ea4,Realm-Cloaked Giant // Cast Off,{5}{W}{W} // {3}{W}{W},7.0,Creature — Giant // Sorcery — Adventure,,W,W,legal,not_legal,legal,d6fc6ed9-740a-4726-8f2c-5d662636f687
9dbc3530-b278-4c8d-b2cc-a09dfac9d5e5,Reassembling Skeleton,{1}{B},2.0,Creature — Skeleton Warrior,{1}{B}: Return this card from your graveyard to the battlefield tapped.,B,B,legal,legal,legal,dd82846e-f119-4b27-a795-7b1ceebab4b0
8eb328e6-332e-435c-9733-4c5336f17824,Reave Soul,{1}{B},2.0,Sorcery,Destroy target creature with power 3 or less.,B,B,legal,not_legal,legal,db3d5e9d-07e8-43e1-aaf0-1f9e4ed2834a
928bf0d9-89be-462d-aeb7-74a65e95535c,Reckless Endeavor,{5}{R}{R},7.0,Sorcery,Roll two d12 and choose one result. Reckless Endeavor deals damage equal to that result to each creature. Then create a number of Treasure tokens equal to the other result.,R,R,legal,not_legal,not_legal,ba98a4bd-e217-4dba-aee9-315b4f843cdf
180e1a7e-890d-477c-80a5-da8a5f2857b3,Reckless Fireweaver,{1}{R},2.0,Creature — Human Artificer,"Whenever an artifact you control enters, this creature deals 1 damage to each opponent.",R,R,legal,not_legal,legal,63ffac51-62c4-4170-85b3-a43d7cfae7d7
ebcd198e-7fbd-46e0-a6d9-ff499e541978,Reckless Ransacking,{1}{R},2.0,Instant,"Target creature gets +3/+2 until end of turn. Create a Treasure token. (It's an artifact with ""{T}, Sacrifice this token: Add one mana of any color."")",R,R,legal,legal,legal,24a5b025-4cdb-416d-aad6-0fc7e8da3df2
17d3ceeb-c972-49bc-a530-cf67c49a7e19,Reckless Reveler,{1}{R},2.0,Creature — Satyr,"{R}, Sacrifice this creature: Destroy target artifact.",R,R,legal,not_legal,legal,188adefd-a808-4991-80be-53249c24df8f
604aded2-64c2-4474-b5b7-8c83e0e3fe76,Reckless Scholar,{2}{U},3.0,Creature — Human Wizard,"{T}: Target player draws a card, then discards a card.",U,U,legal,not_legal,legal,d46f9dd3-45cc-4682-a6a0-99f67c0b73c6
044ea111-ce87-49ab-98f7-ae8447f48ac5,Reckoner's Bargain,{1}{B},2.0,Instant,"As an additional cost to cast this spell, sacrifice an artifact or creature.
You gain life equal to the sacrificed permanent's mana value. Draw two cards.",B,B,legal,not_legal,legal,6338942d-d650-4571-8ec6-4d658792c53e
032ec6e2-6cc3-4a97-9cc7-3233f5e11904,Reclamation Sage,{2}{G},3.0,Creature — Elf Shaman,"When this creature enters, you may destroy target artifact or enchantment.",G,G,legal,legal,legal,2951026c-69bb-4ffc-a24f-b0795a12aa79
5b38fafb-3999-46dc-928b-1677625c1943,Recollect,{2}{G},3.0,Sorcery,Return target card from your graveyard to your hand.,G,G,legal,not_legal,legal,f127214f-3e91-4988-b593-1568d0ae1718
cac993d5-28a1-48b6-9c2f-f216cb5f521d,Reduce // Rubble,{2}{U} // {2}{R},6.0,Instant // Sorcery,,RU,RU,legal,not_legal,legal,d2f3035c-ca27-40f3-ad73-c4e54bb2bcd7
9aab4b32-c5b3-4707-b359-9b5e3b63cd11,Reduce to Ashes,{4}{R},5.0,Sorcery,"Reduce to Ashes deals 5 damage to target creature. If that creature would die this turn, exile it instead.",R,R,legal,not_legal,legal,a2e23215-ced7-4c44-8595-dd9df3d8227b
ce9d3382-23ca-4d35-ad30-5e2b75517012,Regal Bloodlord,{3}{W}{B},5.0,Creature — Vampire Soldier,"Flying
At the beginning of each end step, if you gained life this turn, create a 1/1 black Bat creature token with flying.",BW,BW,legal,not_legal,legal,65a75d3a-58cb-4ee0-88d3-52099cb57ac3
e264ffe3-0252-49d6-b990-dbb3654325a5,Regal Force,{4}{G}{G}{G},7.0,Creature — Elemental,"When this creature enters, draw a card for each green creature you control.",G,G,legal,not_legal,legal,9c24fe81-a8b7-4b20-b5dd-1d1c91ff057f
54402930-84ea-4c3e-9880-ca631e47485f,Regent's Authority,{W},1.0,Instant,"Target creature gets +2/+2 until end of turn. If it's an enchantment creature or legendary creature, instead put a +1/+1 counter on it and it gets +1/+1 until end of turn.",W,W,legal,not_legal,legal,79243e97-fe45-4988-b299-f59a7c53ad31
96381388-1e82-411c-8290-1f3e909d3b5f,Reins of Power,{2}{U}{U},4.0,Instant,Untap all creatures you control and all creatures target opponent controls. You and that opponent each gain control of all creatures the other controls until end of turn. Those creatures gain haste until end of turn.,U,U,legal,not_legal,not_legal,548d78bc-3968-4877-92f7-0c418238279c
e574bfdb-505b-4d61-a376-6d26f03cd9b1,Reito Sentinel,{3},3.0,Artifact Creature — Construct,"Defender
When this creature enters, target player mills three cards. (They put the top three cards of their library into their graveyard.)
{3}: Put target card from a graveyard on the bottom of its owner's library.",,,legal,not_legal,legal,0218923a-b685-4492-8fdd-2d2d22ef532e
92381398-94f6-471f-874a-b5894e6f9487,Relic Crush,{4}{G},5.0,Instant,Destroy target artifact or enchantment and up to one other target artifact or enchantment.,G,G,legal,not_legal,legal,c5847d69-bab0-43ff-8068-ecf87aa01d98
162dcfa0-36e4-41cd-8322-08e810ff04d4,Reluctant Dounguard,{2}{W},3.0,Creature — Kithkin Soldier,"This creature enters with two -1/-1 counters on it.
Whenever another creature you control enters while this creature has a -1/-1 counter on it, remove a -1/-1 counter from this creature.",W,W,legal,legal,legal,dbce93c0-5efc-4b60-9cef-9d9b374d397b
7fbcd256-c132-406f-a490-df9709835504,Renegade Tactics,{R},1.0,Sorcery,"Target creature can't block this turn.
Draw a card.",R,R,legal,not_legal,legal,6c06a39c-68bb-4e65-9a6d-9d9bc745201f
40c1375b-1d15-4525-894a-16b7a0ac02b4,Renowned Weaponsmith,{1}{U},2.0,Creature — Human Artificer,"{T}: Add {C}{C}. Spend this mana only to cast artifact spells or activate abilities of artifacts.
{U}, {T}: Search your library for a card named Heart-Piercer Bow or Vial of Dragonfire, reveal it, put it into your hand, then shuffle.",U,U,legal,not_legal,legal,ec947bb8-8cb0-4e1e-8873-fe9bb9761e01
562684ca-6e3c-47df-9e94-8ff772c25a96,Renowned Weaver,{G},1.0,Creature — Human Shaman,"{1}{G}, Sacrifice this creature: Create a 1/3 green Spider enchantment creature token with reach. (It can block creatures with flying.)",G,G,legal,not_legal,legal,240830be-53f8-4f46-a0fb-6ecc439d1349
7ce7decb-1438-4c3d-88d2-26b0b3996b33,Replication Specialist,{4}{U},5.0,Creature — Moonfolk Artificer,"Flying
Whenever a nontoken artifact you control enters, you may pay {1}{U}. If you do, create a token that's a copy of that artifact.",U,U,legal,not_legal,legal,475bb3b5-b648-460c-b0ea-89ecfe0ff226
eda16b31-33db-4ad2-901a-80fbe6273733,Requiting Hex,{B},1.0,Instant,"As an additional cost to cast this spell, you may blight 1. (You may put a -1/-1 counter on a creature you control.)
Destroy target creature with mana value 2 or less. If this spell's additional cost was paid, you gain 2 life.",B,B,legal,legal,legal,f21b0fb7-91b6-403f-a81a-562665961276
8b641cd3-bb08-4f2e-9dad-24f58a9c32e1,Restock,{3}{G}{G},5.0,Sorcery,Return two target cards from your graveyard to your hand. Exile Restock.,G,G,legal,not_legal,legal,343994a6-b4f1-4ec5-997a-307b26601434
0d3b6e27-2f8b-42e0-9490-7b134e84bb6b,Retched Wretch,{2}{B},3.0,Creature — Goblin,"When this creature dies, if it had a -1/-1 counter on it, return it to the battlefield under its owner's control and it loses all abilities.",B,B,legal,legal,legal,c7a4d7f1-976a-4a28-97a9-ff089a241c9d
c450f6b7-bb2a-4b8c-aec7-d27555137b63,Retreat to Coralhelm,{2}{U},3.0,Enchantment,"Landfall — Whenever a land you control enters, choose one —
• You may tap or untap target creature.
• Scry 1. (Look at the top card of your library. You may put that card on the bottom.)",U,U,legal,not_legal,legal,68684c8e-dc19-4a56-b511-4e21140b137f
2b76f9e9-cd28-4eaf-8674-215c34263f96,Return of the Wildspeaker,{4}{G},5.0,Instant,"Choose one —
• Draw cards equal to the greatest power among non-Human creatures you control.
• Non-Human creatures you control get +3/+3 until end of turn.",G,G,legal,not_legal,legal,2b809f30-5ea5-4b09-92ee-13cb4404b095
777b8ec4-a783-4297-96b7-4f200d0eb734,Return to Nature,{1}{G},2.0,Instant,"Choose one —
• Destroy target artifact.
• Destroy target enchantment.
• Exile target card from a graveyard.",G,G,legal,not_legal,legal,085e3129-591b-46ec-ac8b-cff428927c01
722f2965-a1ec-4b97-a4bd-b99364f58b1e,Return to the Earth,{3}{G},4.0,Instant,"Destroy target artifact, enchantment, or creature with flying.",G,G,legal,not_legal,legal,95a53144-2ef3-47d9-a176-73d620202df6
223c97fb-dc96-41ba-be9d-bad9b5e4876f,Returned Centaur,{3}{B},4.0,Creature — Zombie Centaur,"When this creature enters, target player mills four cards.",B,B,legal,not_legal,legal,1067cf71-a270-4b1b-aa06-0ec0e732ed16
f90df69a-d53f-44b1-833a-5223d2e6c296,Returned Reveler,{1}{B},2.0,Creature — Zombie Satyr,"When this creature dies, each player mills three cards.",B,B,legal,not_legal,legal,9ea61098-2c6a-48d2-b99f-f3065c67d8e3
b1385b03-cb4b-4812-857f-7421f1df39af,Revitalize,{1}{W},2.0,Instant,"You gain 3 life.
Draw a card.",W,W,legal,not_legal,legal,dfbdd90c-1ae3-45e5-b1e5-5b8615a1511f
55eb3c21-6834-4c62-8ab9-54b901531fed,Revivify,{2}{W},3.0,Instant,"Roll a d20 and add the number of creature cards in your graveyard that were put there from the battlefield this turn.
1—14 | Return all creature cards in your graveyard that were put there from the battlefield this turn to your hand.
15+ | Return those cards from your graveyard to the battlefield.",W,W,legal,not_legal,not_legal,6d21fb27-e821-4ce1-8f34-fc5d6c69d779
9f013b5d-fff0-4c50-8621-158b6dc34834,"Rhys, the Evermore",{1}{W},2.0,Legendary Creature — Elf Warrior,"Flash
When Rhys enters, another target creature you control gains persist until end of turn. (When it dies, if it had no -1/-1 counters on it, return it to the battlefield under its owner's control with a -1/-1 counter on it.)
{W}, {T}: Remove any number of counters from target creature you control. Activate only as a sorcery.",W,W,legal,legal,legal,a7072412-4aa2-40ef-a267-bd717551a42b
29f61caf-1aba-40cd-aff6-c3685a0997d7,Riddlemaster Sphinx,{4}{U}{U},6.0,Creature — Sphinx,"Flying (This creature can't be blocked except by creatures with flying or reach.)
When this creature enters, you may return target creature an opponent controls to its owner's hand.",U,U,legal,not_legal,legal,037f6792-ab41-4bcd-a0a3-a4af4a801eb7
9d136448-7331-4a61-b2ad-cfeb23dfa464,Ride Down,{R}{W},2.0,Instant,Destroy target blocking creature. Creatures that were blocked by that creature this combat gain trample until end of turn.,RW,RW,legal,not_legal,legal,3bc9a434-9617-4a20-88f0-355b20f2c538
d49c94fa-712a-47c0-b571-4db7e064a590,Ride the Avalanche,{G}{U},2.0,Instant,"The next spell you cast this turn can be cast as though it had flash. When you next cast a spell this turn, put X +1/+1 counters on up to one target creature, where X is the mana value of that spell.",GU,GU,legal,not_legal,not_legal,9e32eded-f9a2-4512-b82e-64445f8df8a3
2b8afa9f-4236-4c02-a8d5-3c145caecfd6,Rift Bolt,{2}{R},3.0,Sorcery,"Rift Bolt deals 3 damage to any target.
Suspend 1—{R} (Rather than cast this card from your hand, you may pay {R} and exile it with a time counter on it. At the beginning of your upkeep, remove a time counter. When the last is removed, you may cast it without paying its mana cost.)",R,R,legal,not_legal,legal,fefbed51-ae2a-4668-a725-71904f18acc6
0c4e0e46-77f1-4ff6-afbc-1a67feceedfb,Rile,{R},1.0,Sorcery,"Rile deals 1 damage to target creature you control. That creature gains trample until end of turn.
Draw a card.",R,R,legal,not_legal,legal,89f51602-0ab8-4acd-9734-16ef05953970
bad84deb-3f2c-46fd-9dcb-4e3ba9732769,Rime Chill,{6}{U},7.0,Instant,"Vivid — This spell costs {1} less to cast for each color among permanents you control.
Tap up to two target creatures. Put a stun counter on each of them. (If a permanent with a stun counter would become untapped, remove one from it instead.)
Draw a card.",U,U,legal,legal,legal,a9a425f4-2103-4f96-88a0-91fe554037d7
ad99e430-e13f-4819-a2ee-bf3332ef517d,Rimekin Recluse,{2}{U},3.0,Creature — Elemental Wizard,"When this creature enters, return up to one other target creature to its owner's hand.",U,U,legal,legal,legal,ba6b5368-3262-4002-bf1e-fce62f7f7901
d4344e5e-148b-4df9-88e4-ca91afcc32e0,Ring of Kalonia,{2},2.0,Artifact — Equipment,"Equipped creature has trample. (It can deal excess combat damage to the player or planeswalker it's attacking.)
At the beginning of your upkeep, put a +1/+1 counter on equipped creature if it's green.
Equip {1} ({1}: Attach to target creature you control. Equip only as a sorcery.)",,,legal,not_legal,legal,2082e04f-f972-424e-a724-7a5975215538
390b862a-2a85-44bd-832c-f5bbd3eb4ea0,Rise from the Tides,{5}{U},6.0,Sorcery,Create a tapped 2/2 black Zombie creature token for each instant and sorcery card in your graveyard.,U,U,legal,not_legal,legal,6e099a6a-97c4-42cd-aca6-5e1a2da0d5e5
97407cd0-2bd2-4074-94d3-4ec3d243fa78,Rishkar's Expertise,{4}{G}{G},6.0,Sorcery,"Draw cards equal to the greatest power among creatures you control.
You may cast a spell with mana value 5 or less from your hand without paying its mana cost.",G,G,legal,not_legal,legal,525e605c-5579-4524-9d7b-f7edac4e4d96
340de754-9d64-4824-936f-643be4a939db,Rising Populace,{2}{W},3.0,Creature — Human,"Whenever another creature or planeswalker you control dies, put a +1/+1 counter on this creature.",W,W,legal,not_legal,legal,edcacc28-aacf-4d40-b8cc-f8c028380340
f009ef70-d718-45cf-bb22-e560484bbfe5,Rite of the Serpent,{4}{B}{B},6.0,Sorcery,"Destroy target creature. If that creature had a +1/+1 counter on it, create a 1/1 green Snake creature token.",B,B,legal,not_legal,legal,005b9fec-66de-4079-88e0-c7de7e22d18e
d6f8c69f-e603-41f5-8f25-da8a102f7c8d,River Serpent,{5}{U},6.0,Creature — Serpent,"This creature can't attack unless there are five or more cards in your graveyard.
Cycling {U} ({U}, Discard this card: Draw a card.)",U,U,legal,not_legal,legal,a89500ba-8256-4002-a9f2-62d529e9886b
0bdebad7-a05e-439a-b5a9-241a2d09f943,Riverguard's Reflexes,{1}{W},2.0,Instant,Target creature gets +2/+2 and gains first strike until end of turn. Untap it.,W,W,legal,legal,legal,88a79f3e-ca74-467c-b0a8-22802ac5b465
eac79f15-3b63-457a-b6a8-f9237439c93c,Riverwise Augur,{3}{U},4.0,Creature — Merfolk Wizard,"When this creature enters, draw three cards, then put two cards from your hand on top of your library in any order.",U,U,legal,not_legal,legal,cc1c3923-aeb0-4f53-a210-10542534b121
416f49e2-feb1-43e7-befc-b0e02181b202,Robe of Stars,{1}{W},2.0,Artifact — Equipment,"Equipped creature gets +0/+3.
Astral Projection — {1}{W}: Equipped creature phases out. (Treat it and anything attached to it as though they don't exist until its controller's next turn.)
Equip {1}",W,W,legal,not_legal,not_legal,b2992175-5499-4a83-9ff2-03c7c34819c3
d32345c1-ed20-4bfc-a5fa-6ac7b99542ec,Rod of Absorption,{2}{U},3.0,Artifact,"Whenever a player casts an instant or sorcery spell, exile it instead of putting it into a graveyard as it resolves.
{X}, {T}, Sacrifice this artifact: You may cast any number of spells from among cards exiled with this artifact with total mana value X or less without paying their mana costs.",U,U,legal,not_legal,not_legal,59e9e244-bb8e-4346-b06b-4af987473442
308d7868-49f9-47a3-a7b1-4b0332d610f1,Rogue's Gloves,{2},2.0,Artifact — Equipment,"Whenever equipped creature deals combat damage to a player, you may draw a card.
Equip {2} ({2}: Attach to target creature you control. Equip only as a sorcery.)",,,legal,not_legal,legal,1c3c7d24-7d5c-49de-b9f8-35c6d6c8c52a
f29dc596-2121-4421-8463-15f6c2e8b9b3,Rogue's Passage,,0.0,Land,"{T}: Add {C}.
{4}, {T}: Target creature can't be blocked this turn.",,,legal,legal,legal,766b7834-f54e-4948-80c5-bc37c1d5344e
73eaf40a-abc6-486a-958d-374ed6111173,Roilmage's Trick,{3}{U},4.0,Instant,"Converge — Creatures your opponents control get -X/-0 until end of turn, where X is the number of colors of mana spent to cast this spell.
Draw a card.",U,U,legal,not_legal,legal,d2194713-c08c-4fba-8e31-bb67c9932173
9c47888b-28a5-4c43-9ee4-a9059e3c367d,Rolling Thunder,{X}{R}{R},2.0,Sorcery,Rolling Thunder deals X damage divided as you choose among any number of targets.,R,R,legal,not_legal,legal,5dd980d5-c6d1-4834-977b-22e80f0b449d
3c6913cc-c543-45f8-ad3b-ccd282efa6f7,Ronom Unicorn,{1}{W},2.0,Creature — Unicorn,Sacrifice this creature: Destroy target enchantment.,W,W,legal,not_legal,legal,b3275ed0-30b2-4d30-aa03-0dbda913f530
3dc73517-0767-46ae-bc8d-ee378237a509,Rooftop Percher,{5},5.0,Creature — Shapeshifter,"Changeling (This card is every creature type.)
Flying
When this creature enters, exile up to two target cards from graveyards. You gain 3 life.",,,legal,legal,legal,2d89595c-1542-41fe-8d23-997522922698
4dda5f21-11d6-40ce-be24-7c9529272c25,Rootwalla,{2}{G},3.0,Creature — Lizard,{1}{G}: This creature gets +2/+2 until end of turn. Activate only once each turn.,G,G,legal,not_legal,legal,2b84b6dc-d78d-4d6a-9e9a-2b40854a102b
44fd00d5-84e4-48ec-bd6a-d53afbc2dd62,Rotted Hulk,{3}{B},4.0,Creature — Elemental,,B,B,legal,not_legal,legal,1066644a-ac62-4809-805c-607c645613c5
d69aa624-23d1-406a-b7e0-9140a6f57929,Rout,{3}{W}{W},5.0,Sorcery,"You may cast this spell as though it had flash if you pay {2} more to cast it. (You may cast it any time you could cast an instant.)
Destroy all creatures. They can't be regenerated.",W,W,legal,not_legal,not_legal,3eb01bba-798f-418c-8e45-387b96c9e732
33e87ab4-f680-4463-a48d-289fed7e196e,Rubbleback Rhino,{4}{G},5.0,Creature — Rhino,Hexproof (This creature can't be the target of spells or abilities your opponents control.),G,G,legal,not_legal,legal,51daaf9b-d8a8-49a6-94e1-0c8be2c6188b
3ef0fff2-6010-42de-a7ce-e4cac295a481,Rubblebelt Recluse,{4}{R},5.0,Creature — Ogre Berserker,This creature attacks each combat if able.,R,R,legal,not_legal,legal,2faac11b-4ece-4537-aa55-c2d0afa41786
6c922206-6e68-4dcd-9559-88da1074f2c4,Rugged Highlands,,0.0,Land,"This land enters tapped.
When this land enters, you gain 1 life.
{T}: Add {R} or {G}.",,GR,legal,legal,legal,501ce6cb-0324-4cca-bc79-903cefe1ac1f
7140f396-1bfa-4b28-ba28-fa15eba74652,Ruins of Oran-Rief,,0.0,Land,"This land enters tapped.
{T}: Add {C}. ({C} represents colorless mana.)
{T}: Put a +1/+1 counter on target colorless creature that entered this turn.",,,legal,not_legal,legal,9fed86e5-5631-401b-8820-9685f8296134
d463de75-8d3c-4077-a2cc-c304a63acc69,Run Amok,{1}{R},2.0,Instant,Target attacking creature gets +3/+3 and gains trample until end of turn.,R,R,legal,not_legal,legal,d3f2aa2c-deec-4927-a2d6-f5dce5967e26
290faa28-450e-4797-9a8f-642d8af3f82a,Run Away Together,{1}{U},2.0,Instant,Choose two target creatures controlled by different players. Return those creatures to their owners' hands.,U,U,legal,legal,legal,35c56aff-1f0f-464a-b705-d67803e3d060
4e5e81e1-ab47-4f08-9c42-dba0adc5cf9a,Runed Servitor,{2},2.0,Artifact Creature — Construct,"When this creature dies, each player draws a card.",,,legal,not_legal,legal,e9820223-77b9-42e5-94e3-bb131bbffc28
ec9975f4-dfff-4b72-9da8-8f2025f0524a,Rush of Adrenaline,{R},1.0,Instant,Target creature gets +2/+1 and gains trample until end of turn.,R,R,legal,not_legal,legal,d0def54b-9f0a-4ab1-9df9-25506a06350c
e203a201-2567-4684-ae9f-fd4e91c6dc37,Rush of Battle,{3}{W},4.0,Sorcery,Creatures you control get +2/+1 until end of turn. Warrior creatures you control gain lifelink until end of turn. (Damage dealt by those Warriors also causes their controller to gain that much life.),W,W,legal,not_legal,legal,0d47d8aa-59c8-4e2c-bb48-328ae924dbb3
438ee544-78a2-4e32-9343-70838b60ac16,Rustwing Falcon,{W},1.0,Creature — Bird,Flying,W,W,legal,not_legal,legal,c6691e62-8887-41e8-8e74-76ee2353d45e
5e99ba3b-dc2b-4c3c-84ce-228d4772cfee,"Ryusei, the Falling Star",{5}{R},6.0,Legendary Creature — Dragon Spirit,"Flying
When Ryusei dies, it deals 5 damage to each creature without flying.",R,R,legal,not_legal,legal,68d57ab8-fbe0-4f01-b7f7-2a5cccd2d13a
d85ea576-a794-44bf-b405-1f1c49477409,Sacred Cat,{W},1.0,Creature — Cat,"Lifelink
Embalm {W} ({W}, Exile this card from your graveyard: Create a token that's a copy of it, except it's a white Zombie Cat with no mana cost. Embalm only as a sorcery.)",W,W,legal,not_legal,legal,08891c78-13c1-4d84-aa9c-78346b3b7d18
6e04a375-303e-43ba-bca1-4e959711a7f6,Safewright Cavalry,{3}{G},4.0,Creature — Elf Warrior,"This creature can't be blocked by more than one creature.
{5}: Target Elf you control gets +2/+2 until end of turn.",G,G,legal,legal,legal,f7de412a-9731-4bfc-8fbc-c95988a3dd70
589d1c6e-5808-424c-a6e4-dadef90d119e,Sage-Eye Harrier,{4}{W},5.0,Creature — Bird Warrior,"Flying
Morph {3}{W} (You may cast this card face down as a 2/2 creature for {3}. Turn it face up any time for its morph cost.)",W,W,legal,not_legal,legal,3cc7b4c3-647e-48da-86f8-f55e3e990ac1
d4c4c7d7-744a-4548-adad-a5fc4fb3f586,Sagittars' Volley,{2}{G},3.0,Instant,Destroy target creature with flying. Sagittars' Volley deals 1 damage to each creature with flying your opponents control.,G,G,legal,not_legal,legal,d3104cad-e684-4bd7-b26b-5aa862f7a2b3
b101943b-23f1-450f-a722-13761dc33419,Salt Road Patrol,{3}{W},4.0,Creature — Human Scout,"Outlast {1}{W} ({1}{W}, {T}: Put a +1/+1 counter on this creature. Outlast only as a sorcery.)",W,W,legal,not_legal,legal,2c5ee84d-e5b9-4103-8ba7-ccd79a272c0f
021e4165-2f02-4bd4-86ca-cb7bf4c9e23d,Saltcrusted Steppe,,0.0,Land,"{T}: Add {C}.
{1}, {T}: Put a storage counter on this land.
{1}, Remove X storage counters from this land: Add X mana in any combination of {G} and/or {W}.",,GW,legal,not_legal,legal,163d942b-86d0-4947-ba43-cc3b38efa600
9b18bbf3-3b1c-4010-bc6f-e7eacb2ffb70,Salvage Drone,{U},1.0,Creature — Eldrazi Drone,"Devoid (This card has no color.)
Ingest (Whenever this creature deals combat damage to a player, that player exiles the top card of their library.)
When this creature dies, you may draw a card. If you do, discard a card.",,U,legal,not_legal,legal,4b8ce2a9-9d8e-442b-bc12-74545ceb65bd
3e400e13-6cae-45e6-b5cc-5b5f9d74dec5,Salvager of Secrets,{3}{U}{U},5.0,Creature — Merfolk Wizard,"When this creature enters, return target instant or sorcery card from your graveyard to your hand.",U,U,legal,not_legal,legal,3a55f484-5734-469c-8d41-95ce44473ec1
acdaf04d-19ef-4132-a3b6-5a99f0b5165f,Samurai,,0.0,Token Creature — Samurai,Vigilance,W,W,not_legal,not_legal,not_legal,f68e5337-6e44-4f8f-a102-2f97b433beea
7d07821e-d34b-4441-a137-836ffce7127b,Samut's Sprint,{R},1.0,Instant,Target creature gets +2/+1 and gains haste until end of turn. Scry 1.,R,R,legal,not_legal,legal,94bda699-2b5d-4f5b-bee5-792b99d2b64a
72cb5dcd-9b24-435c-921a-3766108374c4,Sanctum of Ugin,,0.0,Land,"{T}: Add {C}.
Whenever you cast a colorless spell with mana value 7 or greater, you may sacrifice this land. If you do, search your library for a colorless creature card, reveal it, put it into your hand, then shuffle.",,,legal,not_legal,legal,86798d03-9f2d-46bd-a660-13c8dd5535ce
41ed9b02-5926-4af0-bcee-7f41bbb3fdd6,Sandblast,{2}{W},3.0,Instant,Sandblast deals 5 damage to target attacking or blocking creature.,W,W,legal,not_legal,legal,0f3c501c-4e23-4e56-ad99-1803c8a877ca
c2cc67bf-59c5-4e06-93a3-dcaa1bf276ba,Sands of Delirium,{3},3.0,Artifact,"{X}, {T}: Target player mills X cards.",,,legal,not_legal,legal,78c9d3bf-c858-42f4-bb61-3292f9a7141b
544dbabd-cbfc-40da-a5ba-2fea9cddb453,Sandsteppe Citadel,,0.0,Land,"This land enters tapped.
{T}: Add {W}, {B}, or {G}.",,BGW,legal,legal,legal,979cf461-2801-4b1a-89b1-257ef9b61c03
fccd17b1-ca0f-4649-a002-5cbf9666b510,Sandsteppe Outcast,{2}{W},3.0,Creature — Human Warrior,"When this creature enters, choose one —
• Put a +1/+1 counter on this creature.
• Create a 1/1 white Spirit creature token with flying.",W,W,legal,not_legal,legal,f29943bb-aa89-443b-96b7-8f6f24672a9d
d3fb0388-bfa8-4d22-831c-40a81a11d8c6,Sanguinary Mage,{1}{R},2.0,Creature — Vampire Wizard,"Prowess (Whenever you cast a noncreature spell, this creature gets +1/+1 until end of turn.)",R,R,legal,not_legal,legal,ace86fac-769c-4440-9a40-318d7172555b
391f1331-7577-4bf4-a9ed-2f55ded4cbd8,Sanguine Glorifier,{3}{W},4.0,Creature — Vampire Cleric,"When this creature enters, put a +1/+1 counter on another target Vampire you control.",W,W,legal,not_legal,legal,12993e53-8790-4d6f-9da1-a259f67aa5bf
8bcbae66-1854-480e-a449-33e5389610ab,Sapling Nursery,{6}{G}{G},8.0,Enchantment,"Affinity for Forests (This spell costs {1} less to cast for each Forest you control.)
Landfall — Whenever a land you control enters, create a 3/4 green Treefolk creature token with reach.
{1}{G}, Exile this enchantment: Treefolk and Forests you control gain indestructible until end of turn.",G,G,legal,legal,legal,3199bea9-fef7-45fe-8777-2103d84a9347
787935ab-26a6-4b4a-9c14-e106160e951d,Sarkhan's Catharsis,{4}{R},5.0,Instant,Sarkhan's Catharsis deals 5 damage to target player or planeswalker.,R,R,legal,not_legal,legal,2f4b6f26-c66b-4048-9503-af0a886ef14f
482f5fc8-ca3b-4280-8cf7-a1c55f8b9f12,Sarkhan's Whelp,{2}{R},3.0,Creature — Dragon,"Flying (This creature can't be blocked except by creatures with flying or reach.)
Whenever you activate an ability of a Sarkhan planeswalker, this creature deals 1 damage to any target.",R,R,legal,not_legal,legal,07135c4d-b4de-4054-800a-11090ed32692
c2c1e44c-2a19-466f-a6d5-4cb71a940b86,"Sarkhan, Dragonsoul",{4}{R}{R},6.0,Legendary Planeswalker — Sarkhan,"+2: Sarkhan deals 1 damage to each opponent and each creature your opponents control.
−3: Sarkhan deals 4 damage to target player or planeswalker.
−9: Search your library for any number of Dragon creature cards, put them onto the battlefield, then shuffle.",R,R,legal,not_legal,legal,59715c84-8eed-41ad-aaf9-cfcce4445254
5e2736e6-b812-43a4-bd79-6f6095344fe1,Saruli Caretaker,{G},1.0,Creature — Dryad,"Defender
{T}, Tap an untapped creature you control: Add one mana of any color.",G,G,legal,not_legal,legal,ef3358cb-714c-49bf-b7e9-a69d02d7799e
a75bf714-ed3e-4403-a009-3a81f430bc64,Satyr Hedonist,{1}{G},2.0,Creature — Satyr,"{R}, Sacrifice this creature: Add {R}{R}{R}.",G,GR,legal,not_legal,legal,88c67e15-833c-406a-b75f-8de97fbacf5a
a3292406-3f49-42d6-a547-e43dd5797f84,Savage Lands,,0.0,Land,"This land enters tapped.
{T}: Add {B}, {R}, or {G}.",,BGR,legal,not_legal,legal,55187461-2ff3-424b-85d5-2ca09567d44e
676c0315-1cb3-4d80-b136-16d88fd612cb,Savage Smash,{1}{R}{G},3.0,Sorcery,Target creature you control gets +2/+2 until end of turn. It fights target creature you don't control. (Each deals damage equal to its power to the other.),GR,GR,legal,not_legal,legal,4ca942d7-a3a3-429f-a159-fc2363d9bca6
f743d85f-754e-4e70-9907-af54acb9e8d4,Savage Ventmaw,{4}{R}{G},6.0,Creature — Dragon,"Flying
Whenever this creature attacks, add {R}{R}{R}{G}{G}{G}. Until end of turn, you don't lose this mana as steps and phases end.",GR,GR,legal,legal,legal,1779ab27-f0fc-4dc7-9a0f-01cd70776a31
9da65d66-71f0-4e17-a1f9-6da6cd1cfa8a,Scalelord Reckoner,{3}{W}{W},5.0,Creature — Dragon,"Flying
Whenever a Dragon you control becomes the target of a spell or ability an opponent controls, destroy target nonland permanent that player controls.",W,W,legal,not_legal,not_legal,c91c3606-d037-4b97-a7b6-ab1ed09bc976
f6758e8f-5462-48a7-96d3-60d07b1563fc,Scarblade Scout,{1}{B},2.0,Creature — Elf Scout,"Lifelink
When this creature enters, mill two cards. (Put the top two cards of your library into your graveyard.)",B,B,legal,legal,legal,c2412fea-4591-4345-913f-edc2da9ad975
66d57851-2844-4b9d-be78-e90fc620b750,Scarblade's Malice,{B},1.0,Instant,"Target creature you control gains deathtouch and lifelink until end of turn. When that creature dies this turn, create a 2/2 black and green Elf creature token.",B,B,legal,legal,legal,aea9b5c0-3b32-44be-9773-566b9daafa6b
e0fefaf0-da20-4d58-8db7-019dba16c780,Scathe Zombies,{2}{B},3.0,Creature — Zombie,,B,B,legal,not_legal,legal,03fd1dae-ccad-4f05-b720-b4b8600a298b
13d600e6-86b4-4813-8f34-75f23717f433,Scatter to the Winds,{1}{U}{U},3.0,Instant,"Counter target spell.
Awaken 3—{4}{U}{U} (If you cast this spell for {4}{U}{U}, also put three +1/+1 counters on target land you control and it becomes a 0/0 Elemental creature with haste. It's still a land.)",U,U,legal,not_legal,legal,d73ad49f-fe15-4fe5-9731-fd71d31c1e7f
6dfb50d7-359b-4644-90e3-7ecdacee7c12,Scheming Symmetry,{B},1.0,Sorcery,"Choose two target players. Each of them searches their library for a card, then shuffles and puts that card on top.",B,B,legal,not_legal,legal,01acc50b-856d-442d-9880-1a892b40643b
0753aee4-33db-48c5-9854-16a9d91535b2,Scholar of Stars,{3}{U},4.0,Creature — Human Artificer,"When this creature enters, if you control an artifact, draw a card.",U,U,legal,not_legal,legal,cb4664d4-fb00-4572-a60d-00336117b8a5
b4031540-584b-4c8a-9e4e-d68ae5cdec5b,Scion of the Ur-Dragon,{W}{U}{B}{R}{G},5.0,Legendary Creature — Dragon Avatar,"Flying
{2}: Search your library for a Dragon permanent card and put it into your graveyard. If you do, Scion of the Ur-Dragon becomes a copy of that card until end of turn. Then shuffle.",BGRUW,BGRUW,legal,not_legal,legal,565b2a40-57b1-451f-8c2a-e02222502288
241a50c5-f65f-4847-89c7-5c0ef6025dc1,Scour from Existence,{7},7.0,Instant,Exile target permanent.,,,legal,not_legal,legal,6e47edb2-e43d-479f-a911-e72b67a06c3b
d37f858e-03c8-4594-9b92-cd03699a1591,Scoured Barrens,,0.0,Land,"This land enters tapped.
When this land enters, you gain 1 life.
{T}: Add {W} or {B}.",,BW,legal,legal,legal,84f0d2ed-063a-4086-8563-de3bc71330cf
57308fc8-8915-4211-a5fd-9363caea9ab9,Scourge of Fleets,{5}{U}{U},7.0,Creature — Kraken,"When this creature enters, return each creature your opponents control with toughness X or less to its owner's hand, where X is the number of Islands you control.",U,U,legal,not_legal,legal,005be4aa-9800-4f68-b341-90328dc34d13
0a147009-a57c-4ac1-ab81-d8bd8b737631,Scourge of Valkas,{2}{R}{R}{R},5.0,Creature — Dragon,"Flying
Whenever this creature or another Dragon you control enters, it deals X damage to any target, where X is the number of Dragons you control.
{R}: This creature gets +1/+0 until end of turn.",R,R,legal,not_legal,legal,726a3816-f782-4cb7-ba6f-c4b70d59f96c
08781f2a-0d43-495c-aac8-7ff7a2e5752f,Scout the Borders,{2}{G},3.0,Sorcery,Reveal the top five cards of your library. You may put a creature or land card from among them into your hand. Put the rest into your graveyard.,G,G,legal,not_legal,legal,eb15c6c7-8fe6-496c-9977-3e7942b920c4
4ebce651-ef95-4a96-b720-a23757d641c8,Scrap Welder,{2}{R},3.0,Creature — Goblin Artificer,"{T}, Sacrifice an artifact with mana value X: Return target artifact card with mana value less than X from your graveyard to the battlefield. It gains haste until end of turn.",R,R,legal,not_legal,legal,14057067-2325-4229-8580-d9a6397ae343
9bc0ca04-26ab-4743-bc65-0b5f4115c8f7,Scuttlegator,{4}{G/U}{G/U},6.0,Creature — Crab Turtle Crocodile,"Defender
{6}{G/U}{G/U}: Adapt 3. (If this creature has no +1/+1 counters on it, put three +1/+1 counters on it.)
As long as this creature has a +1/+1 counter on it, it can attack as though it didn't have defender.",GU,GU,legal,not_legal,legal,d886fd9a-7800-41f1-b692-32a439b045da
af38d683-77a3-4599-ad2a-1c293ae01d45,Scuzzback Scrounger,{1}{R},2.0,Creature — Goblin Warrior,"At the beginning of your first main phase, you may blight 1. If you do, create a Treasure token. (To blight 1, put a -1/-1 counter on a creature you control. A Treasure token is an artifact with ""{T}, Sacrifice this token: Add one mana of any color."")",R,R,legal,legal,legal,0ea4a895-19c0-47af-ad9c-5db88ea9ae05
2e66dc2f-44f3-44f1-8ed7-7f991b3718be,Sea Legs,{U},1.0,Enchantment — Aura,"Flash
Enchant creature
Enchanted creature gets +0/+2 as long as it's a Pirate. Otherwise, it gets -2/-0.",U,U,legal,not_legal,legal,ae48b747-b9ea-4af1-84c5-3f5835d1ba1f
2ae77795-6a80-498b-bf69-6fd612f601e4,Seaside Citadel,,0.0,Land,"This land enters tapped.
{T}: Add {G}, {W}, or {U}.",,GUW,legal,not_legal,legal,4f35d808-51c7-42b1-bbd5-1cd452432cd6
8dec6fcf-1254-4b1b-ba23-7a3e492a7241,Secluded Steppe,,0.0,Land,"This land enters tapped.
{T}: Add {W}.
Cycling {W} ({W}, Discard this card: Draw a card.)",,W,legal,not_legal,legal,7618227f-fbce-4270-a70a-c5313ad80d53
fbadf7a3-0d54-40fe-a763-f641dd448e56,Sedge Scorpion,{G},1.0,Creature — Scorpion,Deathtouch (Any amount of damage this deals to a creature is enough to destroy it.),G,G,legal,not_legal,legal,9864f811-db2e-4d6d-ad59-a491a790bdd4
3865d219-44b7-49ce-ab26-b833acb39765,Seek the Wilds,{1}{G},2.0,Sorcery,Look at the top four cards of your library. You may reveal a creature or land card from among them and put it into your hand. Put the rest on the bottom of your library in any order.,G,G,legal,not_legal,legal,824f44fe-ee16-4b15-a308-5c620cfd3d93
9b21e056-57e7-4e39-b2b4-2fdf8719d0d2,Sefris of the Hidden Ways,{W}{U}{B},3.0,Legendary Creature — Human Wizard,"Whenever one or more creature cards are put into your graveyard from anywhere, venture into the dungeon. This ability triggers only once each turn. (To venture into the dungeon, enter the first room or advance to the next room.)
Create Undead — Whenever you complete a dungeon, return target creature card from your graveyard to the battlefield.",BUW,BUW,legal,not_legal,not_legal,d30255f6-e058-476a-b377-2ee4c9178ed1
b81894bc-d5ca-44ee-b837-bdb8fec32881,Seismic Shift,{3}{R},4.0,Sorcery,Destroy target land. Up to two target creatures can't block this turn.,R,R,legal,not_legal,legal,dad40a04-a026-4285-8c78-088a356652d1
75b235d3-595a-4859-be45-9559d8445db5,Selesnya Guildgate,,0.0,Land — Gate,"This land enters tapped.
{T}: Add {G} or {W}.",,GW,legal,legal,legal,4c1d26ae-d775-4cd4-afc1-139021d77543
8fbdca3a-7aa3-4b5a-98d7-9168856045ac,Selesnya Guildmage,{G/W}{G/W},2.0,Creature — Elf Wizard,"{3}{G}: Create a 1/1 green Saproling creature token.
{3}{W}: Creatures you control get +1/+1 until end of turn.",GW,GW,legal,not_legal,legal,10ed69a0-8793-45c0-8971-98a062b8b1fb
00ef1c55-dea1-4564-bd57-66de86cba4df,Selesnya Sanctuary,,0.0,Land,"This land enters tapped.
When this land enters, return a land you control to its owner's hand.
{T}: Add {G}{W}.",,GW,legal,not_legal,legal,7783b333-4039-45e5-958d-478d86170e4e
87e4c6ff-f83f-412b-9d23-aac7a57ef6db,Seller of Songbirds,{2}{W},3.0,Creature — Human,"When this creature enters, create a 1/1 white Bird creature token with flying.",W,W,legal,not_legal,legal,2a41edbe-4c5a-4535-a082-235dc3ffe60a
5d6f75f1-dd9c-4d94-aea8-3bdec41eaa29,Seraph of the Masses,{5}{W}{W},7.0,Creature — Angel,"Convoke (Your creatures can help cast this spell. Each creature you tap while casting this spell pays for {1} or one mana of that creature's color.)
Flying
Seraph of the Masses's power and toughness are each equal to the number of creatures you control.",W,W,legal,not_legal,legal,36c857a8-7df6-4a50-ae58-4aab76d7d58c
0b504dc6-61cc-4a72-907c-145fa4c72466,Seraph Sanctuary,,0.0,Land,"When this land enters, you gain 1 life.
Whenever an Angel you control enters, you gain 1 life.
{T}: Add {C}.",,,legal,not_legal,legal,e1c1fa29-362f-40b4-b67f-513f6592fb3b
4b7ac066-e5c7-43e6-9e7e-2739b24a905d,Serra Angel,{3}{W}{W},5.0,Creature — Angel,"Flying
Vigilance (Attacking doesn't cause this creature to tap.)",W,W,legal,legal,legal,350c41af-18e5-4ce8-b3b1-64baa85b1acb
c50cd7e7-8d53-44af-ac96-3e104587bdb3,Serra's Guardian,{4}{W}{W},6.0,Creature — Angel,"Flying (This creature can't be blocked except by creatures with flying or reach.)
Vigilance (Attacking doesn't cause this creature to tap.)
Other creatures you control have vigilance.",W,W,legal,not_legal,legal,1a1d95b9-aa18-41e2-b972-93fda25e0b11
56956afd-db53-4542-816b-490c8b0bbcf7,Serum Visions,{U},1.0,Sorcery,Draw a card. Scry 2.,U,U,legal,not_legal,legal,8405a6c8-1dfb-4ac5-b44c-bce9e4bcc38c
78d5f882-5d17-4228-b9b5-d460ab2bef08,Setessan Oathsworn,{1}{G}{G},3.0,Creature — Satyr Warrior,"Heroic — Whenever you cast a spell that targets this creature, put two +1/+1 counters on this creature.",G,G,legal,not_legal,legal,e5579755-4718-406a-bba6-27f1f2811e59
bc84a4e7-5f5f-4105-b0f8-c06ebcde6218,Setessan Starbreaker,{3}{G},4.0,Creature — Human Warrior,"When this creature enters, you may destroy target Aura.",G,G,legal,not_legal,legal,03af8b3b-a897-43e2-a87d-833da93edc41
2f18bb2d-249f-4d7a-a0f7-8a285d365777,Settle the Score,{2}{B}{B},4.0,Sorcery,Exile target creature. Put two loyalty counters on a planeswalker you control.,B,B,legal,not_legal,legal,1b18558f-6b40-4d1d-859a-3ba68950f064
86bd332f-ba61-49a4-ad31-de4d7e3638c6,Shadow Urchin,{2}{B/R},3.0,Creature — Ouphe,"Whenever this creature attacks, blight 1. (Put a -1/-1 counter on a creature you control.)
Whenever a creature you control with one or more counters on it dies, exile that many cards from the top of your library. Until your next end step, you may play those cards.",BR,BR,legal,legal,legal,4e54c39b-6149-467b-a9a8-7ad09ca0cbd4
15687ee3-3cdb-4a8f-a726-46b73bceb792,Shadowblood Ridge,,0.0,Land,"{1}, {T}: Add {B}{R}.",,BR,legal,not_legal,not_legal,74c0016a-6761-4764-bf4a-ecde26061a90
d1d171de-1c6d-4fb9-817a-9c689c709f3d,Shamanic Revelation,{3}{G}{G},5.0,Sorcery,"Draw a card for each creature you control.
Ferocious — You gain 4 life for each creature you control with power 4 or greater.",G,G,legal,not_legal,legal,22d99567-8b8a-45cf-85f9-233e97256194
11a20648-fdb6-4f52-8fda-c66985e0c044,Shamble Back,{B},1.0,Sorcery,Exile target creature card from a graveyard. Create a 2/2 black Zombie creature token. You gain 2 life.,B,B,legal,not_legal,legal,f6913dce-05f5-4e1b-9dd9-67eb347b5be8
cd17bd00-90b1-4b89-9368-2d8735159e47,Shambling Attendants,{7}{B},8.0,Creature — Zombie,"Delve (Each card you exile from your graveyard while casting this spell pays for {1}.)
Deathtouch (Any amount of damage this deals to a creature is enough to destroy it.)",B,B,legal,not_legal,legal,459ca25c-775f-4110-8d70-59720692ab27
2acc1657-d716-41d7-aedf-9b080a58ec83,Shambling Ghoul,{1}{B},2.0,Creature — Zombie,This creature enters tapped.,B,B,legal,not_legal,legal,fd8061d2-84ce-4e4a-9911-ffc9833749da
4725abd4-06bc-464a-bc5b-c9e0f71ec079,Shambling Vent,,0.0,Land,"This land enters tapped.
{T}: Add {W} or {B}.
{1}{W}{B}: Until end of turn, this land becomes a 2/3 white and black Elemental creature with lifelink. It's still a land.",,BW,legal,not_legal,legal,30a73816-1f33-4798-a9d6-5f0410d19625
fe8478ec-2af9-472b-b104-a71521a3559f,Shapeshifter,,0.0,Token Creature — Shapeshifter,Changeling,,,not_legal,not_legal,not_legal,c2963ce1-f9d8-437a-9489-e0913a8b8d26
d39af66c-4997-48b8-a704-f21d93247d7d,Share the Spoils,{1}{R},2.0,Enchantment,"When this enchantment enters and whenever an opponent loses the game, exile the top card of each player's library.
During each player's turn, that player may play a land or cast a spell from among cards exiled with this enchantment, and they may spend mana as though it were mana of any color to cast that spell. When they do, exile the top card of their library.",R,R,legal,not_legal,not_legal,5e35d719-8766-47dc-8c0d-8e2b37b907a8
fb8e43f2-41d5-4ffb-a61e-940477749e00,Sharktocrab,{2}{G}{U},4.0,Creature — Shark Octopus Crab,"{2}{G}{U}: Adapt 1. (If this creature has no +1/+1 counters on it, put a +1/+1 counter on it.)
Whenever one or more +1/+1 counters are put on this creature, tap target creature an opponent controls. That creature doesn't untap during its controller's next untap step.",GU,GU,legal,not_legal,legal,e0f31228-0c47-4c51-932d-50fdec965f15
84d32e68-72b9-432d-a023-7bc6a26b8ad0,Shatter,{1}{R},2.0,Instant,Destroy target artifact.,R,R,legal,not_legal,legal,2c4ecaa0-a85f-4771-a829-1ab440b29165
7c42123d-c8e2-4571-b07d-f782e9ad1f8b,Sheer Drop,{2}{W},3.0,Sorcery,"Destroy target tapped creature.
Awaken 3—{5}{W} (If you cast this spell for {5}{W}, also put three +1/+1 counters on target land you control and it becomes a 0/0 Elemental creature with haste. It's still a land.)",W,W,legal,not_legal,legal,ca6e9658-684e-44fd-9c72-c5c3faa9fb1f
e07b6988-9ee7-4f20-8aa5-7dfa87ff507b,Shield Mare,{1}{W}{W},3.0,Creature — Horse,"This creature can't be blocked by red creatures.
When this creature enters or becomes the target of a spell or ability an opponent controls, you gain 3 life.",W,W,legal,not_legal,legal,d21e0516-4430-4292-850b-f5c524d7f8f8
e9bdb194-745d-4abb-9312-a65a68c40a18,Shielding Plax,{2}{G/U},3.0,Enchantment — Aura,"({G/U} can be paid with either {G} or {U}.)
Enchant creature
When this Aura enters, draw a card.
Enchanted creature can't be the target of spells or abilities your opponents control.",GU,GU,legal,not_legal,legal,81e632d8-ee9c-4635-9654-4d6405cb0bf2
85e2b073-e953-46f9-a1d4-0dfe030b3751,Shimmer of Possibility,{1}{U},2.0,Sorcery,Look at the top four cards of your library. Put one of them into your hand and the rest on the bottom of your library in a random order.,U,U,legal,not_legal,legal,76e3092d-2422-438c-b5dd-bf8eca33a76e
1b94ee87-a2f4-47f1-9fc7-4a167cad1b3b,Shinestriker,{4}{U}{U},6.0,Creature — Elemental,"Flying
Vivid — When this creature enters, draw cards equal to the number of colors among permanents you control.",U,U,legal,legal,legal,214e78f9-5364-49ab-b17e-0c76549c583e
a7520962-46e0-4abd-bb19-569334913a05,Shining Aerosaur,{4}{W},5.0,Creature — Dinosaur,Flying,W,W,legal,not_legal,legal,8e900d0d-6f35-4e5d-9365-6ade227d218d
aae76e5c-f5e0-4d18-b465-e6a829be908a,Shiny Impetus,{2}{R},3.0,Enchantment — Aura,"Enchant creature
Enchanted creature gets +2/+2 and is goaded. (It attacks each combat if able and attacks a player other than you if able.)
Whenever enchanted creature attacks, you create a Treasure token. (It's an artifact with ""{T}, Sacrifice this token: Add one mana of any color."")",R,R,legal,not_legal,not_legal,82bf32e5-5841-448b-b5e7-cba87a726295
dda7a088-61e3-4c47-b9e0-529fc047f77e,Shipbreaker Kraken,{4}{U}{U},6.0,Creature — Kraken,"{6}{U}{U}: Monstrosity 4. (If this creature isn't monstrous, put four +1/+1 counters on it and it becomes monstrous.)
When this creature becomes monstrous, tap up to four target creatures. Those creatures don't untap during their controllers' untap steps for as long as you control this creature.",U,U,legal,not_legal,legal,4585565b-c743-4264-a647-4480ff5a3bbf
711eea87-0fa3-46e0-a42b-fa5a86455f04,Shivan Dragon,{4}{R}{R},6.0,Creature — Dragon,"Flying
{R}: This creature gets +1/+0 until end of turn.",R,R,legal,legal,legal,2160284c-2ece-43ba-ab67-5c184f81fe0e
069be6a0-9545-4fdc-ad40-957fe307db7a,Shivan Hellkite,{5}{R}{R},7.0,Creature — Dragon,"Flying (This creature can't be blocked except by creatures with flying or reach.)
{1}{R}: This creature deals 1 damage to any target.",R,R,legal,not_legal,legal,d33cfe2d-150d-4ab7-990a-c8b0b6ff4d37
a9d288b8-cdc1-4e55-a0c9-d6edfc95e65d,Shock,{R},1.0,Instant,Shock deals 2 damage to any target.,R,R,legal,legal,legal,00365412-41db-427c-9109-8f69c17c326d
4288ba56-ddd0-4bd9-ba61-daf03e9f2d7f,Shore Lurker,{3}{W},4.0,Creature — Merfolk Scout,"Flying
When this creature enters, surveil 1. (Look at the top card of your library. You may put it into your graveyard.)",W,W,legal,legal,legal,bb353c27-e311-4677-9277-cab6820562ce
f51e1660-e1c8-4122-8c43-321c820a1fc1,Shriekdiver,{2}{B},3.0,Creature — Zombie Bird Warrior,"Flying
{1}: This creature gains haste until end of turn.",B,B,legal,not_legal,legal,0a1c3148-7a6f-4963-af0b-18d9a156bf22
717bbb9d-0a5b-4979-a24b-9d54aac7657a,Shriekmaw,{4}{B},5.0,Creature — Elemental,"Fear (This creature can't be blocked except by artifact creatures and/or black creatures.)
When this creature enters, destroy target nonartifact, nonblack creature.
Evoke {1}{B} (You may cast this spell for its evoke cost. If you do, it's sacrificed when it enters.)",B,B,legal,not_legal,legal,18e3ebe5-9350-4781-a30d-4fcad034e7a9
8ea46945-d5ab-4209-b473-4769e7b8b962,Shrine of the Forsaken Gods,,0.0,Land,"{T}: Add {C}.
{T}: Add {C}{C}. Spend this mana only to cast colorless spells. Activate only if you control seven or more lands.",,,legal,not_legal,legal,9da2af9a-28c4-4edd-95c4-cc09c2de4adc
8a802eae-abfb-47fd-8458-1689055531ef,Siege Wurm,{5}{G}{G},7.0,Creature — Wurm,"Convoke (Your creatures can help cast this spell. Each creature you tap while casting this spell pays for {1} or one mana of that creature's color.)
Trample",G,G,legal,not_legal,legal,2d1dfd96-8e17-4ba8-b786-a5cc0ae2ff2d
fcd281e3-f336-449f-a887-4b98dc14dfe7,Siegebreaker Giant,{3}{R}{R},5.0,Creature — Giant Warrior,"Trample (This creature can deal excess combat damage to the player or planeswalker it's attacking.)
{3}{R}: Target creature can't block this turn.",R,R,legal,not_legal,legal,ede2b911-8eec-4993-ab1c-59b55dfb11b4
4f5978a6-40c2-49df-8277-48a6d4f6f23e,Sift Through Sands,{1}{U}{U},3.0,Instant — Arcane,"Draw two cards, then discard a card.
If you've cast a spell named Peer Through Depths and a spell named Reach Through Mists this turn, you may search your library for a card named The Unspeakable, put it onto the battlefield, then shuffle.",U,U,legal,not_legal,legal,c1fd8a97-1c97-45fe-8c06-013a1f528919
eb2fe2f7-60f7-44d3-8d4a-4e102012435d,Silburlind Snapper,{5}{U},6.0,Creature — Turtle,This creature can't attack unless you've cast a noncreature spell this turn.,U,U,legal,not_legal,legal,d7347f4c-a4b3-4c71-91e5-699475e5926e
c377c3e0-2b91-43c6-9f49-5dd6fbf94308,Silent Observer,{3}{U},4.0,Creature — Spirit,Flying,U,U,legal,not_legal,legal,535e3d1b-b71b-406a-bec6-73b2cb45f6c8
b26c91d9-87de-45f7-a24c-bbe0cef3a35c,"Silumgar, the Drifting Death",{4}{U}{B},6.0,Legendary Creature — Dragon,"Flying, hexproof
Whenever a Dragon you control attacks, creatures defending player controls get -1/-1 until end of turn.",BU,BU,legal,not_legal,legal,ca5afa5e-6e8d-4390-8de5-217413807d89
dcf07f38-422f-46c3-aee9-50540b9c9115,Silvergill Mentor,{1}{U},2.0,Creature — Merfolk Wizard,"As an additional cost to cast this spell, behold a Merfolk or pay {2}. (To behold a Merfolk, choose a Merfolk you control or reveal a Merfolk card from your hand.)
When this creature enters, create a 1/1 white and blue Merfolk creature token.",U,U,legal,legal,legal,e6e37fe8-459c-4992-8ae9-f782cddab2fe
08688903-d9cc-4d57-ba91-14a8523551b9,Silvergill Peddler,{2}{U},3.0,Creature — Merfolk Citizen,"Whenever this creature becomes tapped, draw a card, then discard a card.",U,U,legal,legal,legal,feba2bb6-6005-4ade-a4c5-97bbd54b43a3
8652fa06-33dc-4fe5-90cb-83cbfe5c681b,Silverstrike,{3}{W},4.0,Instant,Destroy target attacking creature. You gain 3 life.,W,W,legal,not_legal,legal,0f27b92a-cde9-41bc-9b23-d83b74b167d4
046f5783-cc7b-416a-8cf6-2bcef9c2cc1a,Simic Growth Chamber,,0.0,Land,"This land enters tapped.
When this land enters, return a land you control to its owner's hand.
{T}: Add {G}{U}.",,GU,legal,not_legal,legal,c8f84235-758a-41b9-8b6c-185b64c00ca2
e8705df9-6439-4930-91b6-229f818559af,Simic Guildgate,,0.0,Land — Gate,"This land enters tapped.
{T}: Add {G} or {U}.",,GU,legal,legal,legal,62537433-3c49-417d-89ef-c12d5288bb6f
c567fed8-df00-4579-901e-8754079105bf,Simic Locket,{3},3.0,Artifact,"{T}: Add {G} or {U}.
{G/U}{G/U}{G/U}{G/U}, {T}, Sacrifice this artifact: Draw two cards.",,GU,legal,not_legal,legal,29c65978-e5b0-428e-aace-f99768ca6106
dad07f8c-1f24-4f56-b8a6-7c4b82e27e0f,Singing Bell Strike,{1}{U},2.0,Enchantment — Aura,"Enchant creature
When this Aura enters, tap enchanted creature.
Enchanted creature doesn't untap during its controller's untap step.
Enchanted creature has ""{6}: Untap this creature.""",U,U,legal,not_legal,legal,670f24e1-dec9-42e6-b762-c447366ed16c
973fd4d4-9255-4825-85b7-503606c4e932,Sinister Sabotage,{1}{U}{U},3.0,Instant,"Counter target spell.
Surveil 1. (Look at the top card of your library. You may put it into your graveyard.)",U,U,legal,not_legal,legal,6cbef36d-7170-424f-8fb1-8e7e112b7f0b
b4ed24b2-ba4f-492d-8b8d-44a5b21e4b33,Sinuous Striker,{2}{U},3.0,Creature — Snake Warrior,"{U}: This creature gets +1/-1 until end of turn.
Eternalize—{3}{U}{U}, Discard a card. ({3}{U}{U}, Discard a card, Exile this card from your graveyard: Create a token that's a copy of it, except it's a 4/4 black Zombie Snake Warrior with no mana cost. Eternalize only as a sorcery.)",U,U,legal,not_legal,legal,ed2b97d1-3e69-4305-b1df-947ff64c5043
60ad7aaa-8ce6-4449-8e8d-4ccf925010db,Sizzling Changeling,{2}{R},3.0,Creature — Shapeshifter,"Changeling (This card is every creature type.)
When this creature dies, exile the top card of your library. Until the end of your next turn, you may play that card.",R,R,legal,legal,legal,e58f0722-9ad1-4952-9aee-ea8137c58911
e2ce99b9-7098-4de1-95bf-609bd448848d,Skarrgan Pit-Skulk,{G},1.0,Creature — Human Warrior,"Bloodthirst 1 (If an opponent was dealt damage this turn, this creature enters with a +1/+1 counter on it.)
Creatures with power less than this creature's power can't block it.",G,G,legal,not_legal,legal,30991c55-f39d-41f3-b584-f535f5f70f5a
49701c15-c6f7-4b72-9e89-d34148e5c675,Skatewing Spy,{3}{U},4.0,Creature — Vedalken Rogue Mutant,"{5}{U}: Adapt 2. (If this creature has no +1/+1 counters on it, put two +1/+1 counters on it.)
Each creature you control with a +1/+1 counter on it has flying.",U,U,legal,not_legal,legal,ef4a517c-515b-4adc-8ea6-fb86820f22ed
c43b616e-ef87-4c12-810b-a1a3260168fa,Skewer the Critics,{2}{R},3.0,Sorcery,"Spectacle {R} (You may cast this spell for its spectacle cost rather than its mana cost if an opponent lost life this turn.)
Skewer the Critics deals 3 damage to any target.",R,R,legal,not_legal,legal,97295660-6bea-46ae-9a3b-0fc6abba407f
65986c1b-8e51-4604-b685-d82fa7d1263a,Skullclamp,{1},1.0,Artifact — Equipment,"Equipped creature gets +1/-1.
Whenever equipped creature dies, draw two cards.
Equip {1}",,,legal,not_legal,banned,ab56119b-1e13-44d4-b73b-991488c039f1
99e96711-90ea-4f6b-a92d-d8ddd06e8750,Sky Theater Strix,{1}{U},2.0,Creature — Bird,"Flying
Whenever you cast a noncreature spell, this creature gets +1/+0 until end of turn.",U,U,legal,not_legal,legal,98902dd9-f21c-4419-8205-4b9d6592bf28
76f335d0-7f71-4b1a-b60d-73de954cbe2c,Skycloud Expanse,,0.0,Land,"{1}, {T}: Add {W}{U}.",,UW,legal,not_legal,not_legal,5510e165-f632-47e7-84c6-b5346e46ac9a
61178a6c-70b7-447d-87ee-a8d9369c3d15,Skyknight Legionnaire,{1}{R}{W},3.0,Creature — Human Knight,"Flying, haste",RW,RW,legal,not_legal,legal,3c27f2ce-702a-4ec2-a470-982171a9ec73
9180f77f-c288-4a24-a35d-a16270b3d737,Skyknight Vanguard,{R}{W},2.0,Creature — Human Knight,"Flying
Whenever this creature attacks, create a 1/1 white Soldier creature token that's tapped and attacking.",RW,RW,legal,not_legal,legal,549634d8-1c33-401b-841d-a79ef4374dd1
c0ce54a1-14a1-45f3-91d0-c57b581afc63,Skyline Despot,{5}{R}{R},7.0,Creature — Dragon,"Flying
When this creature enters, you become the monarch.
At the beginning of your upkeep, if you're the monarch, create a 5/5 red Dragon creature token with flying.",R,R,legal,not_legal,not_legal,fabdbd03-6f1e-4ada-ad90-5c72d7e305b6
41684707-5118-45cf-892d-46b66045d026,Skymarch Bloodletter,{2}{B},3.0,Creature — Vampire Soldier,"Flying
When this creature enters, target opponent loses 1 life and you gain 1 life.",B,B,legal,not_legal,legal,2c7f2740-a193-4b4c-af00-2dd22d74a4ba
0b6db929-1b6a-4372-8146-aa047258b552,Skymarcher Aspirant,{W},1.0,Creature — Vampire Soldier,"Ascend (If you control ten or more permanents, you get the city's blessing for the rest of the game.)
This creature has flying as long as you have the city's blessing.",W,W,legal,not_legal,legal,9473190f-5e96-4cf7-a0fa-a77d916acc2e
dcdc60ae-1858-4b51-8b64-58a4942bc3d7,Skyreaping,{1}{G},2.0,Sorcery,Skyreaping deals damage to each creature with flying equal to your devotion to green. (Each {G} in the mana costs of permanents you control counts toward your devotion to green.),G,G,legal,not_legal,legal,40eb76b3-b527-4ed8-8ce3-d3de48562b6e
104386d9-93b4-4a18-86d5-68718b474f4a,Skyrider Patrol,{2}{G}{U},4.0,Creature — Elf Scout,"Flying
At the beginning of combat on your turn, you may pay {G}{U}. When you do, put a +1/+1 counter on another target creature you control, and that creature gains flying until end of turn.",GU,GU,legal,not_legal,legal,650461af-081b-4cc9-a140-865a666f1443
974f788a-039f-4310-a2fe-16b14a1e2d35,Skyscanner,{3},3.0,Artifact Creature — Thopter,"Flying
When this creature enters, draw a card.",,,legal,not_legal,legal,bd2c1fb7-3c1d-49a9-b2c2-78ba2264df38
bece52d6-fc25-486a-9811-cfc3aeca285b,Skyship Stalker,{2}{R}{R},4.0,Creature — Cat Dragon,"Flying
{R}: This creature gets +1/+0 until end of turn.
{R}: This creature gains first strike until end of turn.
{R}: This creature gains haste until end of turn.",R,R,legal,not_legal,legal,6ea1dbf2-f3fb-40c4-86df-cd2511d27088
5a8bd4a4-8b10-4eef-8341-28be2afa2c00,Sleep Paralysis,{3}{U},4.0,Enchantment — Aura,"Enchant creature
When this Aura enters, tap enchanted creature.
Enchanted creature doesn't untap during its controller's untap step.",U,U,legal,not_legal,legal,4177c849-f366-4435-9060-d8785f235388
151388a4-a24b-4089-a323-e7c1d5e6490a,Slow Motion,{2}{U},3.0,Enchantment — Aura,"Enchant creature
At the beginning of the upkeep of enchanted creature's controller, that player sacrifices that creature unless they pay {2}.
When this Aura is put into a graveyard from the battlefield, return it to its owner's hand.",U,U,legal,not_legal,not_legal,2860a20d-e1bf-4e46-8c07-a858f616d5a5
dd05294b-2c5b-48c2-a9f6-8a528baa3dff,Sludge Crawler,{B},1.0,Creature — Eldrazi Drone,"Devoid (This card has no color.)
Ingest (Whenever this creature deals combat damage to a player, that player exiles the top card of their library.)
{2}: This creature gets +1/+1 until end of turn.",,B,legal,not_legal,legal,9782b463-0677-40f4-ab2c-4c3ff19f1168
6d972501-4174-4bf0-a26b-2edef31b3a0c,Slumbering Walker,{3}{W}{W},5.0,Creature — Giant Warrior,"This creature enters with two -1/-1 counters on it.
At the beginning of your end step, you may remove a counter from this creature. When you do, return target creature card with power 2 or less from your graveyard to the battlefield.",W,W,legal,legal,legal,81e82915-e734-4754-829f-f5da6a7c550d
7bd22c98-0782-447f-a5fa-4281585a3eab,Smallpox,{B}{B},2.0,Sorcery,"Each player loses 1 life, discards a card, sacrifices a creature of their choice, then sacrifices a land of their choice.",B,B,legal,not_legal,legal,78275769-6203-4bc5-bbb7-3016c31d5cb5
b5f4b732-099c-46e7-a03d-d8e4c78245b8,Smelt,{R},1.0,Instant,Destroy target artifact.,R,R,legal,not_legal,legal,9a13293d-89a7-400c-8309-9f62eeb4769c
649512ed-4908-450a-9652-b2c80df5e24d,Smite the Monstrous,{3}{W},4.0,Instant,Destroy target creature with power 4 or greater.,W,W,legal,not_legal,legal,766aad27-e987-45ab-82aa-e5f44fcc34ef
387a5937-cdbd-4e8e-8efb-4d444aa9cbc9,Smoke Teller,{1}{G},2.0,Creature — Human Shaman,{1}{U}: Look at target face-down creature.,G,GU,legal,not_legal,legal,1916a2d9-4747-4118-b1b2-7a5ce492e3fc
789b6a61-656e-40c0-be78-9c89c4ecfb0b,Smoldering Efreet,{1}{R},2.0,Creature — Efreet Monk,"When this creature dies, it deals 2 damage to you.",R,R,legal,not_legal,legal,af33b204-6b50-4404-b986-9f6b970a7f06
390f1b56-264e-4336-83be-dc1fe79bfdcf,Smoldering Marsh,,0.0,Land — Swamp Mountain,"({T}: Add {B} or {R}.)
This land enters tapped unless you control two or more basic lands.",,BR,legal,not_legal,legal,02d90054-65da-4562-bfe7-48c381757b30
ac914d98-221e-426c-8a50-342896b15f9e,Snap,{1}{U},2.0,Instant,Return target creature to its owner's hand. Untap up to two lands.,U,U,legal,not_legal,not_legal,1959f078-4b7b-4df2-a256-d43b2d97e853
e15060c3-3773-4548-8747-ff59dcf2b519,Snapping Drake,{3}{U},4.0,Creature — Drake,Flying (This creature can't be blocked except by creatures with flying or reach.),U,U,legal,not_legal,legal,2f6b6cbc-b25c-4221-ae65-a29fcf504f2f
0f63de7b-03f2-49ad-b217-88fe9c50d68a,Snarespinner,{1}{G},2.0,Creature — Spider,"Reach
Whenever this creature blocks a creature with flying, this creature gets +2/+0 until end of turn.",G,G,legal,not_legal,legal,48a0fcc5-57d3-43ab-9e3d-0e015792239a
6ad8011d-3471-4369-9d68-b264cc027487,Sol Ring,{1},1.0,Artifact,{T}: Add {C}{C}.,,,legal,not_legal,not_legal,04002706-2236-4b79-bdea-4f263e43cb9c
00c0543c-2a1f-4425-8283-4062d74a1637,Solemn Simulacrum,{4},4.0,Artifact Creature — Golem,"When this creature enters, you may search your library for a basic land card, put that card onto the battlefield tapped, then shuffle.
When this creature dies, you may draw a card.",,,legal,legal,legal,71ec1e1d-8c7b-40e9-b916-440f8acf3ea5
c99834dc-755f-407c-ad0e-550f8ae12198,Solitary Hunter // One of the Pack,,4.0,Creature — Human Warrior Werewolf // Creature — Werewolf,,,G,legal,not_legal,legal,6c200ef1-ea08-48d4-ab50-77940a0e08c3
bdb80d7b-672c-4e2a-b93b-9b96721b93f2,Song of Inspiration,{3}{G}{G},5.0,Instant,"Choose up to two target permanent cards in your graveyard. Roll a d20 and add the total mana value of those cards.
1—14 | Return those cards to your hand.
15+ | Return those cards to your hand. You gain life equal to their total mana value.",G,G,legal,not_legal,not_legal,a231a41f-1609-420f-9a9b-3c8358591da1
60b6bd93-3eb3-4b81-bc4d-1e3351ee2e64,Soul Salvage,{2}{B},3.0,Sorcery,Return up to two target creature cards from your graveyard to your hand.,B,B,legal,not_legal,legal,347060c0-fef7-45da-b42e-8e11051b2c69
0f5b79ca-9f80-420b-a6c5-bb2a9a95c7e7,Soul Summons,{1}{W},2.0,Sorcery,Manifest the top card of your library. (Put it onto the battlefield face down as a 2/2 creature. Turn it face up any time for its mana cost if it's a creature card.),W,W,legal,not_legal,legal,fb884ac2-c990-4ab0-8610-e07d93da2f13
50fd4cf3-c347-4eb9-ab15-a9b0c5ea8b0f,Soul's Majesty,{4}{G},5.0,Sorcery,Draw cards equal to the power of target creature you control.,G,G,legal,not_legal,legal,50f6f3b7-96d6-489b-b55c-1304e627e190
762679dd-4345-43c3-929b-15959443aeb0,Soulbright Seeker,{R},1.0,Creature — Elemental Sorcerer,"As an additional cost to cast this spell, behold an Elemental or pay {2}. (To behold an Elemental, choose an Elemental you control or reveal an Elemental card from your hand.)
{R}: Target creature you control gains trample until end of turn. If this is the third time this ability has resolved this turn, add {R}{R}{R}{R}.",R,R,legal,legal,legal,895ac890-608a-47de-8bc8-9337fd2064e8
41b1d850-2fda-490b-a4f6-0d9bfb37103c,Soulmender,{W},1.0,Creature — Human Cleric,{T}: You gain 1 life.,W,W,legal,not_legal,legal,31b83ffd-bd08-48c6-98a3-811abc203f60
13718d93-fe46-4a18-a511-88649ef1c9de,Sovereign's Bite,{1}{B},2.0,Sorcery,Target player loses 3 life and you gain 3 life.,B,B,legal,not_legal,legal,5326d251-bb91-4653-b1fa-44f14c4e0b88
557cc9a7-c8cc-4823-b108-2dfe648c789d,Spare from Evil,{1}{W},2.0,Instant,Creatures you control gain protection from non-Human creatures until end of turn.,W,W,legal,not_legal,legal,d01b5d97-b5ae-42a7-944a-feb12febd63c
25756e33-25e5-4976-8cce-a39fa2c4b007,Spark Harvest,{B},1.0,Sorcery,"As an additional cost to cast this spell, sacrifice a creature or pay {3}{B}.
Destroy target creature or planeswalker.",B,B,legal,not_legal,legal,2013a138-f8e2-4a67-91e8-759288d985a7
f24634f3-49aa-4362-8faa-93598b9324d9,Spark Jolt,{R},1.0,Instant,Spark Jolt deals 1 damage to any target. Scry 1. (Look at the top card of your library. You may put that card on the bottom.),R,R,legal,not_legal,legal,6ee479c2-a115-450b-bc2e-b03d23b82f2d
894176e3-af9c-41ef-9f35-59dfdda3c17f,Spark Reaper,{2}{B},3.0,Creature — Zombie,"{3}, Sacrifice a creature or planeswalker: You gain 1 life and draw a card.",B,B,legal,not_legal,legal,922537f0-4caf-481c-b431-826f0c44e5c5
c8df3d1f-130e-4391-9bec-3f2d345a13fb,Sparkmage's Gambit,{1}{R},2.0,Sorcery,Sparkmage's Gambit deals 1 damage to each of up to two target creatures. Those creatures can't block this turn.,R,R,legal,not_legal,legal,736ad6c8-e275-4644-9d1e-d2d380149839
1817acd5-5ed0-47b8-8e56-4715a488867e,Sparktongue Dragon,{3}{R}{R},5.0,Creature — Dragon,"Flying
When this creature enters, you may pay {2}{R}. When you do, it deals 3 damage to any target.",R,R,legal,not_legal,legal,bc0dbc86-cc12-49e7-9721-dd52b35efcbe
7346337e-ac12-4dd2-826d-77ec0013e74f,Spatial Contortion,{1}{C},2.0,Instant,"({C} represents colorless mana.)
Target creature gets +3/-3 until end of turn.",,,legal,not_legal,legal,4e2acf70-7625-4b77-83c1-0e08436da31f
2d49c50b-3e2d-4e74-9b8a-c2f9a495e470,Spawnbinder Mage,{3}{W},4.0,Creature — Human Wizard Ally,"Cohort — {T}, Tap an untapped Ally you control: Tap target creature.",W,W,legal,not_legal,legal,5677bd49-69eb-41dc-8e64-2df3b7f5c45f
49e43de3-460b-4562-aef6-da43bd56debc,Spawning Bed,,0.0,Land,"{T}: Add {C}.
{6}, {T}, Sacrifice this land: Create three 1/1 colorless Eldrazi Scion creature tokens. They have ""Sacrifice this token: Add {C}.""",,,legal,not_legal,legal,e3a532b2-de88-40af-8961-b01eada05bd3
2fa7bb26-18eb-4ff0-8558-f6f3981a84ce,Spearpoint Oread,{2}{R},3.0,Enchantment Creature — Nymph,"Bestow {5}{R} (If you cast this card for its bestow cost, it's an Aura spell with enchant creature. It becomes a creature again if it's not attached.)
First strike
Enchanted creature gets +2/+2 and has first strike.",R,R,legal,not_legal,legal,22d9d241-74b8-4b40-b4b7-b8584012d482
a8fdbcdf-479d-4582-9ad5-9fbd4c740c29,Spectral Sailor,{U},1.0,Creature — Spirit Pirate,"Flash (You may cast this spell any time you could cast an instant.)
Flying
{3}{U}: Draw a card.",U,U,legal,legal,legal,67483891-36d1-46f2-8b4f-b8b7bd54bdcc
d64b0848-0193-4025-ba62-63ecd8fb9f50,Spell Pierce,{U},1.0,Instant,Counter target noncreature spell unless its controller pays {2}.,U,U,legal,legal,legal,6bf4dfc0-c58b-4535-b660-54ceaa6e0217
86b8a9ef-7cdf-47e9-accb-16fe1eab718f,Spellbound Dragon,{3}{U}{R},5.0,Creature — Dragon,"Flying
Whenever this creature attacks, draw a card, then discard a card. This creature gets +X/+0 until end of turn, where X is the discarded card's mana value.",RU,RU,legal,not_legal,legal,88eba680-a0d7-4356-bf74-7986a51e545f
550811ca-0995-4886-aa8c-5cee118aa54f,Spellgorger Weird,{2}{R},3.0,Creature — Weird,"Whenever you cast a noncreature spell, put a +1/+1 counter on this creature.",R,R,legal,not_legal,legal,91551f85-4630-43a0-af72-8332d2ff0752
9745fc92-4955-48e3-a6c8-1300891cf078,Spellheart Chimera,{1}{U}{R},3.0,Creature — Chimera,"Flying, trample
Spellheart Chimera's power is equal to the number of instant and sorcery cards in your graveyard.",RU,RU,legal,not_legal,legal,0a19670c-5afa-4e22-b3ff-258faca19556
1c9cf20c-51e4-4a87-b9f8-231b6baf5d6b,Sphinx of Magosi,{3}{U}{U}{U},6.0,Creature — Sphinx,"Flying
{2}{U}: Draw a card, then put a +1/+1 counter on this creature.",U,U,legal,not_legal,legal,da35e1ce-cbfa-499d-b4e0-5857b1587506
158db438-52ba-4c30-b7bf-d1c4f76da917,Sphinx's Tutelage,{2}{U},3.0,Enchantment,"Whenever you draw a card, target opponent mills two cards. If two nonland cards that share a color were milled this way, repeat this process.
{5}{U}: Draw a card, then discard a card.",U,U,legal,not_legal,legal,4d90c3b0-f958-4a15-94a1-9bf1b0a9ac2a
021ce403-cbfa-4d69-a6e9-473d58bd477a,Spidery Grasp,{2}{G},3.0,Instant,Untap target creature. It gets +2/+4 and gains reach until end of turn. (It can block creatures with flying.),G,G,legal,not_legal,legal,0c64b40f-f99a-4e35-821f-9d87b4c759a7
43d44a7f-829a-4f4d-9f71-2f4384ddd803,Spinal Centipede,{2}{B},3.0,Creature — Insect,"When this creature dies, put a +1/+1 counter on target creature you control.",B,B,legal,not_legal,legal,74d579fb-615a-43a6-a1c1-c535087abf2a
690c7f8e-fea2-4920-afa7-02ff120701a1,Spinerock Knoll,,0.0,Land,"Hideaway 4 (When this land enters, look at the top four cards of your library, exile one face down, then put the rest on the bottom in a random order.)
This land enters tapped.
{T}: Add {R}.
{R}, {T}: You may play the exiled card without paying its mana cost if an opponent was dealt 7 or more damage this turn.",,R,legal,not_legal,legal,6bfb3dac-94d7-4b94-9a9e-6392d5ce5bf2
d8599f06-f030-4575-8497-307a4d7ec182,Spiral into Solitude,{1}{W},2.0,Enchantment — Aura,"Enchant creature
Enchanted creature can't attack or block.
{1}{W}, Blight 1, Sacrifice this Aura: Exile enchanted creature. (To blight 1, put a -1/-1 counter on a creature you control.)",W,W,legal,legal,legal,e7a12664-a930-4159-8311-19862488fb05
30cd69a8-7893-4075-94ca-04450ff821d3,Spirit of the Hearth,{4}{W}{W},6.0,Creature — Cat Spirit,"Flying
You have hexproof. (You can't be the target of spells or abilities your opponents control.)",W,W,legal,not_legal,legal,93fb7e08-ff15-49b9-bed8-0faadfa8338f
bf10ce45-c6d6-461e-ab46-06b4205d31fb,Spirit of the Spires,{3}{W},4.0,Creature — Spirit,"Flying
Other creatures you control with flying get +0/+1.",W,W,legal,not_legal,legal,dbd11910-58e2-4233-a18c-e97413126597
f63278e0-3c67-421d-87ce-67725e5e74df,Spit Flame,{2}{R},3.0,Instant,"Spit Flame deals 4 damage to target creature.
Whenever a Dragon you control enters, you may pay {R}. If you do, return this card from your graveyard to your hand.",R,R,legal,not_legal,legal,b5bf8493-2592-48e0-9c45-bb7974c30aed
922cf963-2b1b-43ad-819e-6e49133e6aae,Spiteful Visions,{2}{B/R}{B/R},4.0,Enchantment,"At the beginning of each player's draw step, that player draws an additional card.
Whenever a player draws a card, this enchantment deals 1 damage to that player.",BR,BR,legal,not_legal,legal,e2475965-01a6-4a32-bca9-80018ab31d9a
e9958344-13d5-4f7b-acc8-904e5d99b90e,Splendid Agony,{2}{B},3.0,Instant,Distribute two -1/-1 counters among one or two target creatures.,B,B,legal,not_legal,legal,58d38abd-116d-4015-91e4-3fc267ad099d
0f1ada92-538b-40cb-9bf3-5c415f5325e6,Spotcycle Scouter,{1}{W},2.0,Artifact — Vehicle,"When this Vehicle enters, scry 2. (Look at the top two cards of your library, then put any number of them on the bottom and the rest on top in any order.)
Crew 1 (Tap any number of creatures you control with total power 1 or more: This Vehicle becomes an artifact creature until end of turn.)",W,W,legal,legal,legal,f0489108-75b7-441c-888d-12987c0c1080
865812c2-1838-4015-bf0d-990af76f7000,Squad Captain,{4}{W},5.0,Creature — Human Soldier,"Vigilance (Attacking doesn't cause this creature to tap.)
This creature enters with a +1/+1 counter on it for each other creature you control.",W,W,legal,not_legal,legal,bd7d6112-ffb2-41d8-98ed-1a7b22841dfd
6b79404b-2fae-41fb-994c-d4cd895e8f09,Squawkroaster,{3}{R},4.0,Creature — Elemental,"Double strike
Vivid — Squawkroaster's power is equal to the number of colors among permanents you control.",R,R,legal,legal,legal,4112f960-70af-4e2d-bcd4-9e9cf7aac4fb
4770ad4a-a346-4108-8f61-a077155d4bd1,Squire's Devotion,{2}{W},3.0,Enchantment — Aura,"Enchant creature
Enchanted creature gets +1/+1 and has lifelink.
When this Aura enters, create a 1/1 white Vampire creature token with lifelink.",W,W,legal,not_legal,legal,91de07da-564d-42f3-987d-a2321c3216bc
7e00b0cd-d212-4604-ba07-da21f4fe00b0,"Sram, Senior Edificer",{1}{W},2.0,Legendary Creature — Dwarf Advisor,"Whenever you cast an Aura, Equipment, or Vehicle spell, draw a card.",W,W,legal,not_legal,legal,4c9b0adf-d281-4729-a3b7-269665fe4be1
48d9f488-4ebb-4fdb-a568-6930fc2f5416,Staff of Nin,{6},6.0,Artifact,"At the beginning of your upkeep, draw a card.
{T}: This artifact deals 1 damage to any target.",,,legal,not_legal,legal,fbf0923e-8b40-4777-be42-d5b908676ea9
1466687f-cfe1-4e6e-ad8e-dca5e8e4c06d,Staff of the Mind Magus,{3},3.0,Artifact,"Whenever you cast a blue spell or an Island you control enters, you gain 1 life.",,,legal,not_legal,legal,cf76bee3-2b69-4c7b-9b7c-1a9f4bbcfde0
064c3269-c012-4fc7-84c3-5f147a82a03c,Stalactite Dagger,{2},2.0,Artifact — Equipment,"When this Equipment enters, create a 1/1 colorless Shapeshifter creature token with changeling. (It's every creature type.)
Equipped creature gets +1/+1 and is all creature types.
Equip {2} ({2}: Attach to target creature you control. Equip only as a sorcery.)",,,legal,legal,legal,6954df09-95f3-46cf-9ba8-2a1aea653d8f
6ec98a34-5c04-423c-98e5-8cf3047135c1,Stalking Leonin,{2}{W},3.0,Creature — Cat Archer,"When this creature enters, secretly choose an opponent.
Reveal the player you chose: Exile target creature that's attacking you if it's controlled by the chosen player. Activate only once.",W,W,legal,not_legal,not_legal,fb103c2d-d766-473e-a2d2-3eb75a3ad052
ce55c0a9-3334-440e-ae1b-c04a9e1c3d87,Stall Out,{1}{U},2.0,Sorcery,"Tap target creature or Vehicle, then put three stun counters on it. (If a permanent with a stun counter would become untapped, remove one from it instead.)
Cycling {2} ({2}, Discard this card: Draw a card.)",U,U,legal,legal,legal,4ea0e0d3-833f-4353-b648-57b0b657cc1c
9e9d5242-424d-4f61-b625-806295dbb0c7,Standing Troops,{2}{W},3.0,Creature — Human Soldier,Vigilance,W,W,legal,not_legal,legal,75091277-99fe-428b-95bd-5cba9e0146ef
a375b739-6a6c-4e07-9b1c-a304f84ea2cc,Star-Crowned Stag,{3}{W},4.0,Creature — Elk,"Whenever this creature attacks, tap target creature defending player controls.",W,W,legal,not_legal,legal,c57417c7-867b-4b64-bfe3-1744dfe9b44d
aa6244fb-e1f1-4b53-b530-a8c9d0712a5b,Staunch-Hearted Warrior,{3}{G},4.0,Creature — Human Warrior,"Heroic — Whenever you cast a spell that targets this creature, put two +1/+1 counters on this creature.",G,G,legal,not_legal,legal,3485eb83-f83c-4776-b164-abd72f3c9547
6e64f1e0-ddd6-4ee7-8797-086e234b02e8,Steel Hellkite,{6},6.0,Artifact Creature — Dragon,"Flying
{2}: This creature gets +1/+0 until end of turn.
{X}: Destroy each nonland permanent with mana value X whose controller was dealt combat damage by this creature this turn. Activate only once each turn.",,,legal,legal,legal,548cbc66-d915-4b94-86da-4c909a1ce645
666af637-9282-4121-962a-048e528f9221,Steel Leaf Champion,{G}{G}{G},3.0,Creature — Elf Knight,This creature can't be blocked by creatures with power 2 or less.,G,G,legal,not_legal,legal,24d8a688-79d4-49b9-ab0c-c7f5c9b551f4
f53f33ed-5c8c-4835-bc5f-65a8acfa3f5b,Steeple Creeper,{2}{G},3.0,Creature — Frog Snake,{3}{U}: This creature gains flying until end of turn.,G,GU,legal,not_legal,legal,f4afafb4-3fc0-4ccf-a942-e4bd2f146d89
945a4a4d-fdfd-4c39-9975-5b22d17a4e70,Sting-Slinger,{2}{R},3.0,Creature — Goblin Warrior,"{1}{R}, {T}, Blight 1: This creature deals 2 damage to each opponent. (To blight 1, put a -1/-1 counter on a creature you control.)",R,R,legal,legal,legal,386c5f73-fb8f-46c8-ad45-56e2c19b7d1f
e900f211-dc8b-40f7-a217-1b1462b15c26,Stirring Wildwood,,0.0,Land,"This land enters tapped.
{T}: Add {G} or {W}.
{1}{G}{W}: Until end of turn, this land becomes a 3/4 green and white Elemental creature with reach. It's still a land.",,GW,legal,not_legal,legal,999b3016-2893-4d94-bcac-dfeac5290d93
4c502f1b-7361-48c0-8def-0d3b3e9ff628,Stitched Mangler,{2}{U},3.0,Creature — Zombie Horror,"This creature enters tapped.
When this creature enters, tap target creature an opponent controls. That creature doesn't untap during its controller's next untap step.",U,U,legal,not_legal,legal,c03c643c-8e4c-4dc9-8756-c253fa057729
cca94004-fe8e-404d-9391-ad33d0a126fb,Stoic Builder,{2}{G},3.0,Creature — Human,"When this creature enters, you may return target land card from your graveyard to your hand.",G,G,legal,not_legal,legal,0820f17c-ab4a-4a14-84ff-4ea200bef112
96c4b51c-8a10-428c-a948-e1ba9c652bfd,Stoic Grove-Guide,{4}{B/G},5.0,Creature — Elf Druid,"{1}{B/G}, Exile this card from your graveyard: Create a 2/2 black and green Elf creature token. Activate only as a sorcery.",BG,BG,legal,legal,legal,3d5a3e25-c17a-47b1-a36d-d24d50e5bab3
9294d4d3-0df0-4070-9261-06f15b758a0d,Stolen Goods,{3}{U},4.0,Sorcery,"Target opponent exiles cards from the top of their library until they exile a nonland card. Until end of turn, you may cast that card without paying its mana cost.",U,U,legal,not_legal,legal,57b6f501-a5f8-4a54-bd77-d9b11ab430ff
90bccf66-58ec-445d-ac96-c6013054a1b4,Stone Quarry,,0.0,Land,"This land enters tapped.
{T}: Add {R} or {W}.",,RW,legal,not_legal,legal,e636cdc3-4b83-4f15-ad4a-6c8fa3533408
c3c40f93-7e10-4139-b9e0-b6dfff8b8038,Stoneforge Acolyte,{W},1.0,Creature — Kor Artificer Ally,"Cohort — {T}, Tap an untapped Ally you control: Look at the top four cards of your library. You may reveal an Equipment card from among them and put it into your hand. Put the rest on the bottom of your library in any order.",W,W,legal,not_legal,legal,a5b1ec11-48c3-49d8-9dcd-1da5ffaf9184
da5a7cb8-1fa7-4b91-abd4-9e766291be63,Stony Strength,{G},1.0,Instant,Put a +1/+1 counter on target creature you control. Untap that creature.,G,G,legal,not_legal,legal,8bbab274-69dd-44a9-9310-a15779c35cad
2c378f72-917c-49d4-ba68-51ebaf18d976,Stormrider Spirit,{4}{U},5.0,Creature — Spirit,"Flash
Flying",U,U,legal,not_legal,legal,9c0fb4be-df73-43a9-bd48-fd47a4190fc1
5d7802a7-df6e-47fb-9065-c7461ea24a19,"Storvald, Frost Giant Jarl",{4}{G}{W}{U},7.0,Legendary Creature — Giant,"Ward {3}
Other creatures you control have ward {3}.
Whenever Storvald enters or attacks, choose one or both —
• Target creature has base power and toughness 7/7 until end of turn.
• Target creature has base power and toughness 1/1 until end of turn.",GUW,GUW,legal,not_legal,not_legal,8a5a45a7-d159-4821-8916-697b92fb80bf
36ab41b7-bcfb-4618-bbfb-70d608dba15a,Stratosoarer,{4}{U},5.0,Creature — Elemental,"Flying
When this creature enters, target creature gains flying until end of turn.
Basic landcycling {1}{U} ({1}{U}, Discard this card: Search your library for a basic land card, reveal it, put it into your hand, then shuffle.)",U,U,legal,legal,legal,4f607889-6f3f-4511-8920-88a39f3b28ca
eda37caa-d676-460a-804b-3ba9d8a8d044,Stratus Walk,{1}{U},2.0,Enchantment — Aura,"Enchant creature
When this Aura enters, draw a card.
Enchanted creature has flying. (It can't be blocked except by creatures with flying or reach.)
Enchanted creature can block only creatures with flying.",U,U,legal,not_legal,legal,44744725-6ba7-40bd-b25b-788a1032ecf4
40ff84c7-cd72-49a6-86ba-a8d23c819ee7,Strength of Arms,{W},1.0,Instant,"Target creature gets +2/+2 until end of turn. If you control an Equipment, create a 1/1 white Human Soldier creature token.",W,W,legal,not_legal,legal,52c5c5cf-0ed6-4953-a03a-af51038e3f54
725972de-4816-44cf-a2a5-4326c3bc1b4b,Striped Riverwinder,{6}{U},7.0,Creature — Serpent,"Hexproof (This creature can't be the target of spells or abilities your opponents control.)
Cycling {U} ({U}, Discard this card: Draw a card.)",U,U,legal,not_legal,legal,bbeef9ef-487c-400b-bcee-1c0e8ec94b6a
f27d52e6-aab9-4f95-ae46-33d1173bf4fe,Submerged Boneyard,,0.0,Land,"This land enters tapped.
{T}: Add {U} or {B}.",,BU,legal,not_legal,legal,09dd7aab-c0ac-4566-bf99-c49931eeea2a
6a6c5e17-6465-4a1f-9d63-8a3ce2edc522,Sulfur Falls,,0.0,Land,"This land enters tapped unless you control an Island or a Mountain.
{T}: Add {U} or {R}.",,RU,legal,not_legal,legal,6bc412fc-e9d4-4283-bd4a-811384e79b5c
59410454-93ff-41f0-ab62-cdaf156163d0,Sultai Runemark,{2}{B},3.0,Enchantment — Aura,"Enchant creature
Enchanted creature gets +2/+2.
Enchanted creature has deathtouch as long as you control a green or blue permanent. (Any amount of damage it deals to a creature is enough to destroy it.)",B,B,legal,not_legal,legal,98d73ae0-de01-4a70-a51c-b990687561a1
837f72a9-9522-46e9-a48c-c6ff6d0bbe67,Sultai Scavenger,{5}{B},6.0,Creature — Bird Warrior,"Delve (Each card you exile from your graveyard while casting this spell pays for {1}.)
Flying",B,B,legal,not_legal,legal,2cb8e423-f7e7-4ac3-acc2-2a3722e409e7
e7b88da3-7dd1-45f8-b555-98ad838b2917,Summit Sentinel,{1}{U},2.0,Creature — Elemental Soldier,"When this creature dies, draw a card.",U,U,legal,legal,legal,81251057-f270-4f05-9dc5-205c70e1f295
b2e950fb-cb7e-40a0-a311-5bbdd0477b29,Sun Titan,{4}{W}{W},6.0,Creature — Giant,"Vigilance
Whenever this creature enters or attacks, you may return target permanent card with mana value 3 or less from your graveyard to the battlefield.",W,W,legal,not_legal,legal,e0f6b7d1-75ea-4153-bbf1-85ed5041fe67
27c87371-697e-4ca6-a7f4-d99215d908bc,Sun-Dappled Celebrant,{4}{W}{W},6.0,Creature — Treefolk Cleric,"Convoke (Your creatures can help cast this spell. Each creature you tap while casting this spell pays for {1} or one mana of that creature's color.)
Vigilance",W,W,legal,legal,legal,91c715a5-6643-4064-a8a8-3e05dce15979
be37ef9d-955a-417e-bde8-bb9e0bdf3612,Sunblade Angel,{5}{W},6.0,Creature — Angel,"Flying, first strike, vigilance, lifelink",W,W,legal,not_legal,legal,9211c0e1-b314-495f-9c43-9a0e95c9efb9
8b34d1df-4024-497d-bd28-a7caa8c3fa24,Sunblast Angel,{4}{W}{W},6.0,Creature — Angel,"Flying
When this creature enters, destroy all tapped creatures.",W,W,legal,not_legal,legal,680f7d5c-d518-4ebb-92d5-e835cd9eafe0
c01b221f-3993-43ab-8cde-b42fb344e2a7,Sunderflock,{7}{U}{U},9.0,Creature — Elemental,"This spell costs {X} less to cast, where X is the greatest mana value among Elementals you control.
Flying
When this creature enters, if you cast it, return all non-Elemental creatures to their owners' hands.",U,U,legal,legal,legal,e5b6221e-cb22-45e4-bb98-2b960afc614c
a2a380d8-4df7-4357-862c-ed3fb795db6c,Sundering Growth,{G/W}{G/W},2.0,Instant,"Destroy target artifact or enchantment, then populate. (Create a token that's a copy of a creature token you control.)",GW,GW,legal,not_legal,legal,14d5048e-cb76-48c4-8a95-70dcc14775f6
0a28dff0-2bd6-4105-b73a-b6c4735833fd,Sungrass Prairie,,0.0,Land,"{1}, {T}: Add {G}{W}.",,GW,legal,not_legal,not_legal,6ed96237-ef35-4665-881b-868634161717
cd2c90ac-2b04-461c-92f3-939871b6b6a3,Sunken Hollow,,0.0,Land — Island Swamp,"({T}: Add {U} or {B}.)
This land enters tapped unless you control two or more basic lands.",,BU,legal,not_legal,legal,29982d94-9824-4371-95f6-d5050b1895ce
c8ff464f-0059-4055-a2f2-556fe6db8fbf,Sunscorch Regent,{3}{W}{W},5.0,Creature — Dragon,"Flying
Whenever an opponent casts a spell, put a +1/+1 counter on this creature and you gain 1 life.",W,W,legal,not_legal,legal,27c4da08-3f62-4945-9cf0-44749002fa6c
256b8c23-589e-429d-9e6e-433d55079eb4,Sunscorched Desert,,0.0,Land — Desert,"When this land enters, it deals 1 damage to target player or planeswalker.
{T}: Add {C}.",,,legal,not_legal,legal,405434c7-9206-45b7-af0f-d59aae294d39
c49db060-2d4b-4dc8-8e54-7606e079c9fe,Sunspear Shikari,{1}{W},2.0,Creature — Cat Soldier,"As long as this creature is equipped, it has first strike and lifelink. (It deals combat damage before creatures without first strike. Damage dealt by it also causes you to gain that much life.)",W,W,legal,not_legal,legal,28cb4bcd-8a74-47b2-90d3-36eb4f66402d
65756e6d-9825-4ed6-91c4-79f1e3bd4ae5,Supernatural Stamina,{B},1.0,Instant,"Until end of turn, target creature gets +2/+0 and gains ""When this creature dies, return it to the battlefield tapped under its owner's control.""",B,B,legal,not_legal,legal,8cac5753-54e7-45a8-b486-4860533ce93c
fb694e7e-f66e-4958-b6ed-aa74bc9ac43e,Sure Strike,{1}{R},2.0,Instant,Target creature gets +3/+0 and gains first strike until end of turn. (It deals combat damage before creatures without first strike.),R,R,legal,legal,legal,1e618ab0-b092-499c-b5e9-d374433ff19c
bf9421d2-54e2-44d8-8b39-2e41192a6517,Surgehacker Mech,{4},4.0,Artifact — Vehicle,"Menace
When this Vehicle enters, it deals damage equal to twice the number of Vehicles you control to target creature or planeswalker an opponent controls.
Crew 4",,,legal,not_legal,legal,26ce02c6-0918-41a7-9286-7a0bdc0f166e
ef67c170-68aa-4ada-8cee-261a4dbb1b5d,Surly Farrier,{1}{G},2.0,Creature — Kithkin Citizen,{T}: Target creature you control gets +1/+1 and gains vigilance until end of turn. Activate only as a sorcery.,G,G,legal,legal,legal,056f7f51-18a9-4d80-8928-decaf4d12c0d
e8fcc7ff-6274-4130-a3a5-99f545eeee30,Survive the Night,{2}{W},3.0,Instant,"Target creature gets +1/+0 and gains indestructible until end of turn. (Damage and effects that say ""destroy"" don't destroy it.)
Investigate. (Create a Clue token. It's an artifact with ""{2}, Sacrifice this token: Draw a card."")",W,W,legal,not_legal,legal,5cb4a0bc-196a-466b-a704-377f5c7eb5b7
ca611c90-7753-43dd-af91-81694d004eeb,Suspicious Bookcase,{2},2.0,Artifact Creature — Wall,"Defender
{3}, {T}: Target creature can't be blocked this turn.",,,legal,not_legal,legal,ccf01421-856e-4cdd-8938-148928626f56
56719f6a-1a6c-4c0a-8d21-18f7d7350b68,Swamp,,0.0,Basic Land — Swamp,({T}: Add {B}.),,B,legal,legal,legal,0e864369-2837-4487-8eee-0d643889d642
79090b00-d920-4134-a838-fb434cf3ee4d,Swat Away,{2}{U}{U},4.0,Instant,"This spell costs {2} less to cast if a creature is attacking you.
The owner of target spell or creature puts it on their choice of the top or bottom of their library.",U,U,legal,legal,legal,2fb0ea3f-2f6d-4b64-a9d7-e822c8854a03
fc16a2ce-a570-454f-8498-f9c604c0d68b,Swathcutter Giant,{4}{R}{W},6.0,Creature — Giant Soldier,"Vigilance
Whenever this creature attacks, it deals 1 damage to each creature defending player controls.",RW,RW,legal,not_legal,legal,700b38c5-3fd2-4566-8d27-9a09d5ab02b2
c6901a89-ac7d-4797-a027-97bb1cf42e60,Sweep Away,{2}{U},3.0,Instant,"Return target creature to its owner's hand. If that creature is attacking, you may put it on top of its owner's library instead.",U,U,legal,not_legal,legal,75234f6d-a2da-42dd-a668-8db8f341e7f0
e47e0b81-0f0c-4e52-bc58-16af19b0dfe0,Swell of Growth,{1}{G},2.0,Instant,Target creature gets +2/+2 until end of turn. You may put a land card from your hand onto the battlefield.,G,G,legal,not_legal,legal,b06da6fe-57bf-437e-8589-7e57a5881801
8c54fd75-e89f-490e-90dd-788f22b6e316,Swift Kick,{3}{R},4.0,Instant,Target creature you control gets +1/+0 until end of turn. It fights target creature you don't control.,R,R,legal,not_legal,legal,2dc3120c-7e04-4c4a-af16-da264593a1d1
c8b143ad-43ec-4e0d-a440-e348daa31391,Swiftfoot Boots,{2},2.0,Artifact — Equipment,"Equipped creature has hexproof and haste. (It can't be the target of spells or abilities your opponents control. It can attack and {T} no matter when it came under your control.)
Equip {1} ({1}: Attach to target creature you control. Equip only as a sorcery.)",,,legal,legal,legal,bc89db46-0df6-4ce1-b162-233f5fe1b554
2f4ad084-2062-44c0-9975-15f100204531,Swiftwater Cliffs,,0.0,Land,"This land enters tapped.
When this land enters, you gain 1 life.
{T}: Add {U} or {R}.",,RU,legal,legal,legal,1a8e3d45-5449-4479-893e-8c0f8d4b0154
70f44207-338e-4031-a093-f045e8d328b2,Swirling Torrent,{5}{U},6.0,Sorcery,"Choose one or both —
• Put target creature on top of its owner's library.
• Return target creature to its owner's hand.",U,U,legal,not_legal,legal,8dbb3d2f-4ee4-46e2-98aa-4aa388bd5375
68227969-39cf-42cf-b3b8-cf8a04647d7e,Switcheroo,{4}{U},5.0,Sorcery,Exchange control of two target creatures.,U,U,legal,not_legal,legal,9d3d062c-5853-44f9-b951-a264e9e0d72d
abaddcce-9039-4b4e-baf8-fdab304b5c52,Sword of Hours,{2},2.0,Artifact — Equipment,"Whenever equipped creature attacks, put a +1/+1 counter on it.
Whenever equipped creature deals combat damage, roll a d12. If the result is greater than the damage dealt or the result is 12, double the number of +1/+1 counters on that creature.
Equip {2} ({2}: Attach to target creature you control. Equip only as a sorcery.)",,,legal,not_legal,not_legal,eaedf482-9f2c-497a-bf1c-bebb4168c52f
d79cbc61-6c15-48ea-bbba-3cffb819ccba,Sword of the Animist,{2},2.0,Legendary Artifact — Equipment,"Equipped creature gets +1/+1.
Whenever equipped creature attacks, you may search your library for a basic land card, put it onto the battlefield tapped, then shuffle.
Equip {2}",,,legal,not_legal,legal,3bfa6b8c-6e4b-42fa-9f6c-40c95e162b9a
e366afb3-c447-4bde-b358-41c8568142d5,Sword of Vengeance,{3},3.0,Artifact — Equipment,"Equipped creature gets +2/+0 and has first strike, vigilance, trample, and haste.
Equip {3}",,,legal,legal,legal,4e094012-27d8-4d71-94c5-d8b20609621c
b1544f21-7e98-461b-aed5-e748b0168c52,Swords to Plowshares,{W},1.0,Instant,Exile target creature. Its controller gains life equal to its power.,W,W,legal,not_legal,not_legal,be45567a-ca1d-4e3a-a630-ddf4fbd97bc6
d1a9fd14-fecb-4d2a-983c-70143238275b,Sworn Companions,{2}{W},3.0,Sorcery,Create two 1/1 white Soldier creature tokens with lifelink.,W,W,legal,not_legal,legal,2ccfa5c1-69f9-4351-aba3-883fe92c9b98
7fe5baab-b182-4cd9-bea5-912ce9b1464a,Sygg's Command,{1}{W}{U},3.0,Kindred Sorcery — Merfolk,"Choose two —
• Create a token that's a copy of target Merfolk you control.
• Creatures target player controls gain lifelink until end of turn.
• Target player draws a card.
• Tap target creature. Put a stun counter on it.",UW,UW,legal,legal,legal,a2cb17e2-982e-4914-ab09-6edcf2546509
beaf7a85-426a-4a33-80c8-33ad01614ad3,Sylvan Advocate,{1}{G},2.0,Creature — Elf Druid Ally,"Vigilance
As long as you control six or more lands, this creature and land creatures you control get +2/+2.",G,G,legal,not_legal,legal,46475e1b-f49f-4880-accd-1a5e4b119198
67a494dc-deac-43ee-9e47-20fae9788a9f,Sylvan Brushstrider,{2}{G},3.0,Creature — Beast,"When this creature enters, you gain 2 life.",G,G,legal,not_legal,legal,8bc288a3-ea56-450a-96fd-c2123121f663
c8187c8d-23fa-436f-9efa-ea4cb80cdc08,Sylvan Might,{1}{G},2.0,Instant,"Target creature gets +2/+2 and gains trample until end of turn.
Flashback {2}{G}{G} (You may cast this card from your graveyard for its flashback cost. Then exile it.)",G,G,legal,not_legal,not_legal,b421e954-0fb4-4e64-b83c-0e81d7397fb4
8696eae4-3dc9-4572-aab9-aa4f7e8f53af,Syphon Fuel,{4}{B},5.0,Instant,Target creature gets -6/-6 until end of turn. You gain 2 life.,B,B,legal,legal,legal,4af17ae0-1035-4cb2-8974-98b377bfaa48
e4cf3710-8600-4f95-abb2-faefdc25693d,"Taigam, Ojutai Master",{2}{W}{U},4.0,Legendary Creature — Human Monk,"Instant, sorcery, and Dragon spells you control can't be countered.
Whenever you cast an instant or sorcery spell from your hand, if Taigam attacked this turn, that spell gains rebound. (Exile the spell as it resolves. At the beginning of your next upkeep, you may cast that card from exile without paying its mana cost.)",UW,UW,legal,not_legal,not_legal,b47e2781-544f-442c-98d0-43b9d91bab03
69c51904-f758-4853-a86c-317c04462ea2,Tail Slash,{2}{R},3.0,Instant,Target creature you control deals damage equal to its power to target creature you don't control.,R,R,legal,not_legal,legal,91a59f12-8d1b-4378-abb8-e266d9b6cdba
b2bae7fc-0668-4b34-9cd6-0d80aea52275,Tainted Peak,,0.0,Land,"{T}: Add {C}.
{T}: Add {B} or {R}. Activate only if you control a Swamp.",,BR,legal,not_legal,not_legal,e5dd195d-6f81-4ff8-b950-455ab462ec7d
dcbf8d72-3367-43e1-9a71-e674e0ed52d9,Taj-Nar Swordsmith,{3}{W},4.0,Creature — Cat Soldier,"When this creature enters, you may pay {X}. If you do, search your library for an Equipment card with mana value X or less, put that card onto the battlefield, then shuffle.",W,W,legal,not_legal,legal,4bcbd8bb-997a-4be0-966d-b472c31b4c73
d8c7cd66-d8bf-4a99-add5-1d5651d4e025,Tajuru Pathwarden,{4}{G},5.0,Creature — Elf Warrior Ally,"Vigilance (Attacking doesn't cause this creature to tap.)
Trample (This creature can deal excess combat damage to the player or planeswalker it's attacking.)",G,G,legal,legal,legal,b073e75b-b432-41a5-a71e-d169fecf774f
2c5e30c3-0b9f-4d3e-af44-be7fcd34df25,Take Heart,{W},1.0,Instant,Target creature gets +2/+2 until end of turn. You gain 1 life for each attacking creature you control.,W,W,legal,not_legal,legal,b26f10d5-b826-45b0-abed-80d86e1335c9
925b3d1b-98cd-44f5-8aa0-e2b17df2808a,Take Inventory,{1}{U},2.0,Sorcery,"Draw a card, then draw cards equal to the number of cards named Take Inventory in your graveyard.",U,U,legal,not_legal,legal,a3584150-4f09-4c15-b13e-707bd91b3004
c60b8edd-aa3f-48ea-b202-d10599f91d9d,Take Vengeance,{1}{W},2.0,Sorcery,Destroy target tapped creature.,W,W,legal,not_legal,legal,66fbde22-d98d-4f12-b4d8-1bad2a9878b2
31d01633-86f8-4a3f-9c28-f6968e056ba3,Takklemaggot,{2}{B}{B},4.0,Enchantment — Aura,"Enchant creature
At the beginning of the upkeep of enchanted creature's controller, put a -0/-1 counter on that creature.
When enchanted creature dies, that creature's controller chooses a creature that this card could enchant. If the player does, return this card to the battlefield under your control attached to that creature. If they don't, return this card to the battlefield under your control as a non-Aura enchantment. It loses ""enchant creature"" and gains ""At the beginning of that player's upkeep, this enchantment deals 1 damage to that player.""",B,B,legal,not_legal,not_legal,a596069b-864b-48fb-a097-bf5e6cafbcce
08c7a6f5-7e25-4f8d-9e4a-aec7248e45fa,Talara's Battalion,{1}{G},2.0,Creature — Elf Warrior,"Cast this spell only if you've cast another green spell this turn.
Trample",G,G,legal,not_legal,legal,366c5992-e97f-4f15-bea9-8a62675e46a5
1d9aeaaa-66f6-41cb-9bac-162d6fd8662c,Talisman of Indulgence,{2},2.0,Artifact,"{T}: Add {C}.
{T}: Add {B} or {R}. This artifact deals 1 damage to you.",,BR,legal,not_legal,legal,fa6c62c7-8fd4-46f1-a7f4-fc6e74d34b35
ea1eb902-a23c-44ff-9169-19baf71de238,"Talrand, Sky Summoner",{2}{U}{U},4.0,Legendary Creature — Merfolk Wizard,"Whenever you cast an instant or sorcery spell, create a 2/2 blue Drake creature token with flying.",U,U,legal,not_legal,legal,fea27d0c-92b1-4530-8035-519463722f17
096a878e-cff0-430a-90b5-031ecb9bfe1b,"Tam, Mindful First-Year",{1}{G/U},2.0,Legendary Creature — Gorgon Wizard,"Each other creature you control has hexproof from each of its colors.
{T}: Target creature you control becomes all colors until end of turn.",GU,GU,legal,legal,legal,ca89fb7a-5575-4875-80d3-6a05f78ea65e
20591a83-7138-4876-b088-035bd3788be3,Tamiyo's Journal,{5},5.0,Legendary Artifact — Book,"At the beginning of your upkeep, investigate. (Create a Clue token. It's an artifact with ""{2}, Sacrifice this token: Draw a card."")
{T}, Sacrifice three Clues: Search your library for a card, put that card into your hand, then shuffle.",,,legal,not_legal,legal,b474378c-5fa8-418f-8d76-23e78003ed18
bf8de96b-0a75-4459-a123-dcf95e1b89f2,Tanufel Rimespeaker,{3}{U},4.0,Creature — Elemental Wizard,"Whenever you cast a spell with mana value 4 or greater, draw a card.",U,U,legal,legal,legal,b357022c-7cd5-4e82-a183-7144f5a84102
3621bd8c-c883-462f-ad56-c01deecb2720,Tar Snare,{2}{B},3.0,Instant,Target creature gets -3/-2 until end of turn.,B,B,legal,not_legal,legal,06ee017c-25ae-4668-8cfe-ae3b55e851aa
a232daf3-db54-4711-88b0-e5072c05f58e,Tasigur's Cruelty,{5}{B},6.0,Sorcery,"Delve (Each card you exile from your graveyard while casting this spell pays for {1}.)
Each opponent discards two cards.",B,B,legal,not_legal,legal,169748df-10ac-4db4-ba94-192345c6fad3
066e7379-d439-41cb-a8c9-60964040b110,Tattered Mummy,{1}{B},2.0,Creature — Zombie Jackal,"When this creature dies, each opponent loses 2 life.",B,B,legal,not_legal,legal,7f9a5267-eb90-43bc-bf92-fcfb06821bae
0715e860-3b3b-4331-9718-207973e94fee,"Tatyova, Benthic Druid",{3}{G}{U},5.0,Legendary Creature — Merfolk Druid,"Landfall — Whenever a land you control enters, you gain 1 life and draw a card.",GU,GU,legal,legal,legal,93657aaa-7a0f-49ad-b026-6f79b3bd6768
fd5ee26c-cc54-4dc0-b611-5cda14354a5e,Taurean Mauler,{2}{R},3.0,Creature — Shapeshifter,"Changeling (This card is every creature type.)
Whenever an opponent casts a spell, you may put a +1/+1 counter on this creature.",R,R,legal,legal,legal,ed75b280-c7c5-404f-bbad-c19dff3e6975
81674138-08d0-4126-9e6d-27f6e7dd2403,Tavern Swindler,{1}{B},2.0,Creature — Human Rogue,"{T}, Pay 3 life: Flip a coin. If you win the flip, you gain 6 life.",B,B,legal,not_legal,legal,89b2fd2b-99b5-4262-a70a-93fd58699fb7
0e5e46e3-f9af-47cc-a740-bf808d5cb4b1,Tectonic Giant,{2}{R}{R},4.0,Creature — Elemental Giant,"Whenever this creature attacks or becomes the target of a spell an opponent controls, choose one —
• This creature deals 3 damage to each opponent.
• Exile the top two cards of your library. Choose one of them. Until the end of your next turn, you may play that card.",R,R,legal,not_legal,legal,8eb94800-1d87-4140-91cb-ba9ca49572ad
f5479d4f-bc4b-4452-a944-41be623f8367,Teferi's Time Twist,{1}{U},2.0,Instant,"Exile target permanent you control. Return that card to the battlefield under its owner's control at the beginning of the next end step. If it enters as a creature, it enters with an additional +1/+1 counter on it.",U,U,legal,not_legal,legal,c878bdc0-d697-4a2f-bba5-758b27f4247a
7e26f0b7-20e6-46d5-8130-d98c14d6aa29,Temple of Mystery,,0.0,Land,"This land enters tapped.
When this land enters, scry 1. (Look at the top card of your library. You may put that card on the bottom.)
{T}: Add {G} or {U}.",,GU,legal,legal,legal,0c284acd-4407-42ad-9f4c-359041223609
cfdd5dc6-593e-495a-8cfe-3a56b3c4c7df,Temple of the False God,,0.0,Land,{T}: Add {C}{C}. Activate only if you control five or more lands.,,,legal,not_legal,not_legal,d531d19e-0bed-46c8-9eb3-9ad59362b86c
2fdc0d17-b683-4263-949e-4f74ec76badf,Temur Battle Rage,{1}{R},2.0,Instant,"Target creature gains double strike until end of turn.
Ferocious — That creature also gains trample until end of turn if you control a creature with power 4 or greater.",R,R,legal,not_legal,legal,8a1dd786-f4e3-4951-b87b-82442edec016
590c2455-90f7-4ff6-a6cf-5d0d25575cda,Temur Runemark,{2}{G},3.0,Enchantment — Aura,"Enchant creature
Enchanted creature gets +2/+2.
Enchanted creature has trample as long as you control a blue or red permanent.",G,G,legal,not_legal,legal,ddd76874-842e-4f4c-b18e-0e441dae59d7
8bf8e846-9d10-4dbc-a379-df37bb9fb6d4,Temur Sabertooth,{2}{G}{G},4.0,Creature — Cat,"{1}{G}: You may return another creature you control to its owner's hand. If you do, this creature gains indestructible until end of turn.",G,G,legal,not_legal,legal,2bf59e8d-0746-440d-878f-d6f6f74610d8
91363d71-eef0-48e8-9a68-8f363ff2790e,Tend the Sprigs,{2}{G},3.0,Sorcery,"Search your library for a basic land card, put it onto the battlefield tapped, then shuffle. Then if you control seven or more lands and/or Treefolk, create a 3/4 green Treefolk creature token with reach. (It can block creatures with flying.)",G,G,legal,legal,legal,388f6d9d-bb9a-4a3d-93c5-701db194863c
d41f0357-f1d6-45cc-b8ea-4efa41da1448,"Teneb, the Harvester",{3}{W}{B}{G},6.0,Legendary Creature — Dragon,"Flying
Whenever Teneb deals combat damage to a player, you may pay {2}{B}. If you do, put target creature card from a graveyard onto the battlefield under your control.",BGW,BGW,legal,not_legal,legal,8caa7115-1b26-4615-842f-671b24dc96d8
6257c2fd-005f-41e3-8a72-af76df1eb134,Terminate,{B}{R},2.0,Instant,Destroy target creature. It can't be regenerated.,BR,BR,legal,not_legal,legal,4c942af8-e5c1-47e0-a662-d9ef531f0dad
1bd3e453-aa21-4ee6-95c2-d6d920ee8e7a,Terramorphic Expanse,,0.0,Land,"{T}, Sacrifice this land: Search your library for a basic land card, put it onto the battlefield tapped, then shuffle.",,,legal,legal,legal,08ac4e43-4e16-46a2-96f5-58d5550984c4
f772e767-a931-4891-94eb-d92a8ca7f8c1,Territorial Baloth,{4}{G},5.0,Creature — Beast,"Landfall — Whenever a land you control enters, this creature gets +2/+2 until end of turn.",G,G,legal,not_legal,legal,0c3d4afc-5bb7-4159-9a11-f9c989dd9043
848fc2b8-7208-4415-8be1-add84c780f6e,Territorial Boar,{1}{G},2.0,Creature — Boar,"Whenever a creature you control with power 4 or greater enters, this creature gets +1/+1 and gains vigilance until end of turn.",G,G,legal,not_legal,legal,5e9ddae7-7e7c-46c7-ad7d-9a686c256b9d
1c772df4-bd88-4f7e-853c-5dd06f4cf70e,Territorial Hellkite,{2}{R}{R},4.0,Creature — Dragon,"Flying, haste
At the beginning of combat on your turn, choose an opponent at random that this creature didn't attack during your last combat. This creature attacks that player this combat if able. If you can't choose an opponent this way, tap this creature.",R,R,legal,not_legal,not_legal,3c44e5c2-fddb-47cb-825f-c57b49f181ba
8161248c-16a3-47db-a3ae-cdfd878d49e0,Terror of Mount Velus,{5}{R}{R},7.0,Creature — Dragon,"Flying
Double strike (This creature deals both first-strike and regular combat damage.)
When this creature enters, creatures you control gain double strike until end of turn.",R,R,legal,legal,legal,7bed9dbb-6a1d-411f-9139-3dc20258020a
75a20db5-5ce8-4e5d-a815-e69bc3dd8d4c,Terror of the Fairgrounds,{3}{R},4.0,Creature — Gremlin,,R,R,legal,not_legal,legal,04623df9-8fa9-44cc-b528-c2c484626d1f
0dfbee5a-0dc6-4f5b-abbd-9d8601de7107,Terrus Wurm,{6}{B},7.0,Creature — Zombie Wurm,"Scavenge {6}{B} ({6}{B}, Exile this card from your graveyard: Put a number of +1/+1 counters equal to this card's power on target creature. Scavenge only as a sorcery.)",B,B,legal,not_legal,legal,1998135c-7b7f-402b-a8a5-4f4af131b1bc
f1305d49-e543-49e9-9b36-e56f93f63bc3,Teyo's Lightshield,{2}{W},3.0,Creature — Illusion,"When this creature enters, put a +1/+1 counter on target creature you control.",W,W,legal,not_legal,legal,dfffe235-98b1-43db-9461-1b2da5f0690e
cda93cf5-da51-4117-b461-f4448aa2d16c,"Teyo, the Shieldmage",{2}{W},3.0,Legendary Planeswalker — Teyo,"You have hexproof. (You can't be the target of spells or abilities your opponents control.)
−2: Create a 0/3 white Wall creature token with defender.",W,W,legal,not_legal,legal,a974571c-d8d5-4860-9077-2023e5f32a24
a660e7a0-0750-475d-a4bd-de5b37d53e97,Tezzeret's Betrayal,{3}{U}{B},5.0,Sorcery,"Destroy target creature. You may search your library and/or graveyard for a card named Tezzeret, Master of Metal, reveal it, and put it into your hand. If you search your library this way, shuffle.",BU,BU,legal,not_legal,legal,9d71efa6-5de8-476f-86ce-0790956e574f
dd886509-7455-4c8f-976f-0f5fafcb97be,Tezzeret's Simulacrum,{3},3.0,Artifact Creature — Golem,"{T}: Target opponent loses 1 life. If you control a Tezzeret planeswalker, that player loses 3 life instead.",,,legal,not_legal,legal,7eacfeec-a341-45bc-bf95-e3df0094505a
c6f2c767-3c8e-4113-b271-ea7c19583e6c,Tezzeret's Touch,{1}{U}{B},3.0,Enchantment — Aura,"Enchant artifact
Enchanted artifact is a creature with base power and toughness 5/5 in addition to its other types.
When enchanted artifact is put into a graveyard, return that card to its owner's hand.",BU,BU,legal,not_legal,legal,3c2e917f-734e-4b8b-abc6-ea33c0fc722e
91508175-fa1d-4c51-99d4-036a2de6abb0,Thalia's Lieutenant,{1}{W},2.0,Creature — Human Soldier,"When this creature enters, put a +1/+1 counter on each other Human you control.
Whenever another Human you control enters, put a +1/+1 counter on this creature.",W,W,legal,not_legal,legal,fe162594-2332-4816-a9e1-57eb19b12651
b9bb1b0e-38ce-40f1-882b-85f6c95610ff,Thallid Omnivore,{3}{B},4.0,Creature — Fungus,"{1}, Sacrifice another creature: This creature gets +2/+2 until end of turn. If a Saproling was sacrificed this way, you gain 2 life.",B,B,legal,not_legal,legal,99b35391-f1dc-434b-b581-ca6cb6f3439f
bc5d9899-1a1c-4779-b9f0-b00f2c233699,Thassa's Rebuff,{1}{U},2.0,Instant,"Counter target spell unless its controller pays {X}, where X is your devotion to blue. (Each {U} in the mana costs of permanents you control counts toward your devotion to blue.)",U,U,legal,not_legal,legal,816a6ff7-cede-4346-b3e6-aee33aefac3a
eff0a1ad-ecc6-416f-a4ae-96b26cd8a905,The Elderspell,{B}{B},2.0,Sorcery,Destroy any number of target planeswalkers. Choose a planeswalker you control. Put two loyalty counters on it for each planeswalker destroyed this way.,B,B,legal,not_legal,legal,a3b16625-7faf-4de6-abf7-d397988e32fb
87b22b09-4f6d-4bc5-9cfc-663e4c7c6981,The Ur-Dragon,{4}{W}{U}{B}{R}{G},9.0,Legendary Creature — Dragon Avatar,"Eminence — As long as The Ur-Dragon is in the command zone or on the battlefield, other Dragon spells you cast cost {1} less to cast.
Flying
Whenever one or more Dragons you control attack, draw that many cards, then you may put a permanent card from your hand onto the battlefield.",BGRUW,BGRUW,legal,not_legal,not_legal,7e78b70b-0c67-4f14-8ad7-c9f8e3f59743
4c2196e5-6ed7-4cd2-b8e7-f01aff236569,The Wanderer,{3}{W},4.0,Legendary Planeswalker,"Prevent all noncombat damage that would be dealt to you and other permanents you control.
−2: Exile target creature with power 4 or greater.",W,W,legal,not_legal,legal,d0f0e463-9eed-4348-af7c-fde5f0d8188c
b391a4ce-52ce-4a8c-bbe5-6053951ee1d4,Theater of Horrors,{1}{B}{R},3.0,Enchantment,"At the beginning of your upkeep, exile the top card of your library.
During your turn, if an opponent lost life this turn, you may play lands and cast spells from among cards exiled with this enchantment.
{3}{R}: This enchantment deals 1 damage to target opponent or planeswalker.",BR,BR,legal,not_legal,legal,72651e82-ab11-4ec7-812a-8cff8d7e7a2e
f2c10591-4c0c-4286-af91-e8d8d10a4c9d,Thing in the Ice // Awoken Horror,,2.0,Creature — Horror // Creature — Kraken Horror,,,U,legal,not_legal,legal,359d1b13-6156-43b0-a9a7-6bfff36c1a91
2b761ce6-4fb1-4f22-b51c-d9f25f62b39a,Thorn Lieutenant,{1}{G},2.0,Creature — Elf Warrior,"Whenever this creature becomes the target of a spell or ability an opponent controls, create a 1/1 green Elf Warrior creature token.
{5}{G}: This creature gets +4/+4 until end of turn.",G,G,legal,not_legal,legal,0812e942-eb78-48c8-857e-5f0ff1bd777b
c5c221e6-dafe-4661-b920-3faed9551802,Thornhide Wolves,{4}{G},5.0,Creature — Wolf,,G,G,legal,not_legal,legal,9c699b5f-a2de-4c87-a7bc-16be4bc0a8cd
ec96cde2-f1e6-495c-94e2-3e8ae79e556c,Thornwood Falls,,0.0,Land,"This land enters tapped.
When this land enters, you gain 1 life.
{T}: Add {G} or {U}.",,GU,legal,legal,legal,2de1ade0-f4c7-4508-9fba-bbe00c634305
e7504407-bb72-4baf-be4a-8152e4198e2b,Thorough Investigation,{2}{W},3.0,Enchantment,"Whenever you attack, investigate. (Create a Clue token. It's an artifact with ""{2}, Sacrifice this token: Draw a card."")
Whenever you sacrifice a Clue, venture into the dungeon. (Enter the first room or advance to the next room.)",W,W,legal,not_legal,not_legal,a40e6034-aa05-4542-ac12-78e6a76d86e9
a8cdcaa0-8e25-4c17-b5ce-16f72b535123,Thoughtweft Charge,{1}{G},2.0,Instant,"Target creature gets +3/+3 until end of turn. If a creature entered the battlefield under your control this turn, draw a card.",G,G,legal,legal,legal,19cfc015-b6d5-4918-99a7-990209e77441
50dd9e17-6dae-4ff6-8a38-50088c71283f,Thoughtweft Lieutenant,{G}{W},2.0,Creature — Kithkin Soldier,"Whenever this creature or another Kithkin you control enters, target creature you control gets +1/+1 and gains trample until end of turn.",GW,GW,legal,legal,legal,2c54ec67-9317-455e-a045-fa4ed9cb676f
a8052556-8962-4130-86a8-6fb7b6a324f7,Thriving Grove,,0.0,Land,"This land enters tapped. As it enters, choose a color other than green.
{T}: Add {G} or one mana of the chosen color.",,G,legal,not_legal,not_legal,0de19659-5b50-4917-b8dd-e030aa72868d
d1946630-e224-40db-8f0d-388b09622288,Thriving Heath,,0.0,Land,"This land enters tapped. As it enters, choose a color other than white.
{T}: Add {W} or one mana of the chosen color.",,W,legal,not_legal,not_legal,5677c5a9-e63f-4d13-91dc-beeb6875f675
69fc70b8-b143-4662-ac95-e2743037239d,Thriving Isle,,0.0,Land,"This land enters tapped. As it enters, choose a color other than blue.
{T}: Add {U} or one mana of the chosen color.",,U,legal,not_legal,not_legal,d50646a7-f5a7-4106-b660-98ee4bd4d93b
bff416bb-d193-4c45-b2c1-7c297dbfad08,Thriving Moor,,0.0,Land,"This land enters tapped. As it enters, choose a color other than black.
{T}: Add {B} or one mana of the chosen color.",,B,legal,not_legal,not_legal,7faa30a1-ca8c-4462-90ea-8e935cad0a53
d8841f3a-f3ff-42ca-89a8-0cc1c3ca6a6c,Thriving Rhino,{2}{G},3.0,Creature — Rhino,"When this creature enters, you get {E}{E} (two energy counters).
Whenever this creature attacks, you may pay {E}{E}. If you do, put a +1/+1 counter on it.",G,G,legal,not_legal,legal,5acf10ec-f2dd-4569-909b-ac52a9ed6adf
e3444fcf-70ed-4d6e-aea9-030af15cad56,Throes of Chaos,{3}{R},4.0,Sorcery,"Cascade (When you cast this spell, exile cards from the top of your library until you exile a nonland card that costs less. You may cast it without paying its mana cost. Put the exiled cards on the bottom in a random order.)
Retrace (You may cast this card from your graveyard by discarding a land card in addition to paying its other costs.)",R,R,legal,not_legal,legal,d27a6cfc-9864-4081-93ab-9dfb254c1cd0
ea750169-1f6f-40c2-96e9-55719e103a63,Throne of the God-Pharaoh,{2},2.0,Legendary Artifact,"At the beginning of your end step, each opponent loses life equal to the number of tapped creatures you control.",,,legal,not_legal,legal,fe402b8e-f966-4971-90a5-950d8cff5025
5d2a9859-1353-4431-9343-f5999450acd1,Thud,{R},1.0,Sorcery,"As an additional cost to cast this spell, sacrifice a creature.
Thud deals damage equal to the sacrificed creature's power to any target.",R,R,legal,not_legal,legal,11bed78a-c579-424a-8fcc-322ce2630dbc
ee1d97e9-847d-4295-a9c1-7ce8006fb0bd,Thunder Brute,{4}{R}{R},6.0,Creature — Cyclops,"Trample
Tribute 3 (As this creature enters, an opponent of your choice may put three +1/+1 counters on it.)
When this creature enters, if tribute wasn't paid, it gains haste until end of turn.",R,R,legal,not_legal,legal,c28fa4f8-4b87-41dc-802d-dfd160ccf1a8
a0956c3d-d382-486a-81f1-9aa5cf49b2ab,Thunder Drake,{3}{U},4.0,Creature — Elemental Drake,"Flying
Whenever you cast your second spell each turn, put a +1/+1 counter on this creature.",U,U,legal,not_legal,legal,f88a9bc4-1b15-4a91-9376-730d2f5b3336
bb04f927-0348-4a14-9e74-381f18083f6a,Thunderbreak Regent,{2}{R}{R},4.0,Creature — Dragon,"Flying
Whenever a Dragon you control becomes the target of a spell or ability an opponent controls, this creature deals 3 damage to that player.",R,R,legal,not_legal,legal,fbc60f6f-da15-4109-acf6-34ac9e4de9f9
006bbd8b-2007-419d-8b84-9ff73f2f95b7,Thunderherd Migration,{1}{G},2.0,Sorcery,"As an additional cost to cast this spell, reveal a Dinosaur card from your hand or pay {1}.
Search your library for a basic land card, put it onto the battlefield tapped, then shuffle.",G,G,legal,not_legal,legal,c56de4a3-f5ab-469e-ab66-b8187c8c04a0
b7a3a8a9-96ca-48f7-8354-345d9ccfcb77,Thundering Ceratok,{4}{G},5.0,Creature — Rhino,"Trample
When this creature enters, other creatures you control gain trample until end of turn.",G,G,legal,not_legal,legal,9888d9a4-ad72-43f6-8031-1031877171a9
d23329e2-4134-4e49-b9b6-5febef2bce31,Thundering Giant,{3}{R}{R},5.0,Creature — Giant,Haste (This creature can attack and {T} as soon as it comes under your control.),R,R,legal,not_legal,legal,ddbcc6e9-b5f4-4f20-9c15-b690b4f64304
80f8fb4c-cc6d-4b41-abb3-471dc96d4b2a,"Tiana, Ship's Caretaker",{3}{R}{W},5.0,Legendary Creature — Angel Artificer,"Flying, first strike
Whenever an Aura or Equipment you control is put into a graveyard from the battlefield, you may return that card to its owner's hand at the beginning of the next end step.",RW,RW,legal,not_legal,legal,9a8aea2f-1e1d-4e0d-8370-207b6cae76e3
0b768f8f-2213-45b9-bced-8fb1bbb441c3,"Tibalt, Rakish Instigator",{2}{R},3.0,Legendary Planeswalker — Tibalt,"Your opponents can't gain life.
−2: Create a 1/1 red Devil creature token with ""When this token dies, it deals 1 damage to any target.""",R,R,legal,not_legal,legal,7f9a24dc-8bc3-4528-8780-57fb108fdfbf
d73adc2e-c458-40a9-b10b-7d2133778717,Tidy Conclusion,{3}{B}{B},5.0,Instant,Destroy target creature. You gain 1 life for each artifact you control.,B,B,legal,not_legal,legal,dfcf6849-4fac-41b9-8e70-dc77c4562a42
8bef3511-ceeb-4d57-972a-ab363ecacd5b,Timid Shieldbearer,{1}{W},2.0,Creature — Kithkin Soldier,{4}{W}: Creatures you control get +1/+1 until end of turn.,W,W,legal,legal,legal,1c672d38-a1a6-4912-a9a6-b11e7bf0cc67
61e09dd9-7870-48c2-9177-d6abc3162692,Titanic Growth,{1}{G},2.0,Instant,Target creature gets +4/+4 until end of turn.,G,G,legal,legal,legal,fe574e49-723a-409b-9222-125eebb620ff
475aaf7c-b0f8-40f3-ad91-3e7d414de933,Tithebearer Giant,{5}{B},6.0,Creature — Giant Warrior,"When this creature enters, you draw a card and you lose 1 life.",B,B,legal,not_legal,legal,3c305ccb-62f5-496a-a205-e818e34ead82
3a7c2e32-8585-4f7f-8635-199e3c6cd8a9,Toll of the Invasion,{2}{B},3.0,Sorcery,"Target opponent reveals their hand. You choose a nonland card from it. That player discards that card.
Amass Zombies 1. (Put a +1/+1 counter on an Army you control. It's also a Zombie. If you don't control an Army, create a 0/0 black Zombie Army creature token first.)",B,B,legal,not_legal,legal,4471c2a5-aa2c-47e2-8238-1eb366c8adc9
cc5ffb09-3d08-4a52-a880-50c94df30c15,Tomb Robber,{2}{B},3.0,Creature — Human Pirate,"Menace
{1}, Discard a card: This creature explores. (Reveal the top card of your library. Put that card into your hand if it's a land. Otherwise, put a +1/+1 counter on this creature, then put the card back or put it into your graveyard.)",B,B,legal,not_legal,legal,68132a28-b33b-48cb-acf8-42245312934e
3883f5de-92bf-4692-80e5-f03365bf7112,Topple the Statue,{2}{W},3.0,Instant,"Tap target permanent. If it's an artifact, destroy it.
Draw a card.",W,W,legal,not_legal,legal,2829fa40-92e4-4017-aacd-9d9feae04aa2
34e2d6eb-aad4-4776-872e-cebab3938aa0,Torch Courier,{R},1.0,Creature — Goblin,"Haste
Sacrifice this creature: Another target creature gains haste until end of turn.",R,R,legal,not_legal,legal,d4c9fc8c-e68f-4636-84b8-877f6ec04b09
f307b5b4-e949-4f69-8dc7-856e33a45a16,Tormenting Voice,{1}{R},2.0,Sorcery,"As an additional cost to cast this spell, discard a card.
Draw two cards.",R,R,legal,not_legal,legal,48dbbc83-5549-480f-bf98-da90495d2a29
1573f7f9-672c-421a-b1ac-3d0d8aea59ca,Tormod's Crypt,{0},0.0,Artifact,"{T}, Sacrifice this artifact: Exile target player's graveyard.",,,legal,not_legal,legal,314bb937-1b1e-4daa-8b9e-2d282e8f433b
e0462a2c-fb88-495f-813b-6476ee3e62bb,Totally Lost,{4}{U},5.0,Instant,Put target nonland permanent on top of its owner's library.,U,U,legal,not_legal,legal,05f0b6ce-eb70-4f42-9360-c7d09f48a5c5
97bdfbe0-7048-4157-8a58-5b17410750ab,Tragic Poet,{W},1.0,Creature — Human,"{T}, Sacrifice this creature: Return target enchantment card from your graveyard to your hand.",W,W,legal,not_legal,legal,f957b353-7765-4c16-9645-d41000154130
e10065ba-fe24-4974-a500-d4151397a4d9,Trail of Evidence,{2}{U},3.0,Enchantment,"Whenever you cast an instant or sorcery spell, investigate. (Create a Clue token. It's an artifact with ""{2}, Sacrifice this token: Draw a card."")",U,U,legal,not_legal,legal,4b150797-ee8d-42f8-adcb-2f4b1783c074
5d641bf6-0f93-4189-8dc1-ec7ea446dade,Tranquil Cove,,0.0,Land,"This land enters tapped.
When this land enters, you gain 1 life.
{T}: Add {W} or {U}.",,UW,legal,legal,legal,0f840bd2-c4f5-4ac4-918c-91b4feeb8783
a5478263-47c9-447f-9c7a-c77ce0752947,Tranquil Expanse,,0.0,Land,"This land enters tapped.
{T}: Add {G} or {W}.",,GW,legal,not_legal,legal,34ae81d1-7858-4790-aca8-d5cd7735d67a
9f8fe514-77ed-41b4-a6f3-c6f095bb97be,Tranquil Thicket,,0.0,Land,"This land enters tapped.
{T}: Add {G}.
Cycling {G} ({G}, Discard this card: Draw a card.)",,G,legal,not_legal,legal,0433780c-d072-4d8b-9109-236764824dc9
98334bfa-c516-4c20-bdc5-9e32e7127adc,Transguild Promenade,,0.0,Land,"This land enters tapped.
When this land enters, sacrifice it unless you pay {1}.
{T}: Add one mana of any color.",,,legal,not_legal,legal,90ce8115-41fe-44c2-8719-741ba87bcb17
48b561dd-f23d-409a-87c8-e49902b2477b,Traveler's Amulet,{1},1.0,Artifact,"{1}, Sacrifice this artifact: Search your library for a basic land card, reveal it, put it into your hand, then shuffle.",,,legal,not_legal,legal,245a683f-280e-405c-aa2a-dfabb78dc34e
3c549374-6c37-42e0-8d88-a8555d46732d,Treasure,,0.0,Token Artifact — Treasure,"{T}, Sacrifice this token: Add one mana of any color.",,,not_legal,not_legal,not_legal,ac4384b7-853c-417d-b3b4-f54cd0b5d361
5d403f89-6862-4ed9-ba39-890c90ff487c,Treefolk,,0.0,Token Creature — Treefolk,Reach,G,,not_legal,not_legal,not_legal,82e01706-ab45-4e52-9ee1-7070567234fd
b53f216d-1592-4eee-b204-502a805fbc8c,Treetop Village,,0.0,Land,"This land enters tapped.
{T}: Add {G}.
{1}{G}: This land becomes a 3/3 green Ape creature with trample until end of turn. It's still a land. (It can deal excess combat damage to the player or planeswalker it's attacking.)",,G,legal,not_legal,legal,14394198-0993-46ee-a3ea-5c7084a78772
991f4eec-cf3e-4554-ba88-c44bb0d255f0,Tributary Vaulter,{2}{W},3.0,Creature — Merfolk Warrior,"Flying
Whenever this creature becomes tapped, another target Merfolk you control gets +2/+0 until end of turn.",W,W,legal,legal,legal,a1db2c83-41d1-4cc6-b9a3-fed504b01127
dc5a501c-e16c-4d4b-a510-70a14272473e,Tribute to Hunger,{2}{B},3.0,Instant,Target opponent sacrifices a creature of their choice. You gain life equal to that creature's toughness.,B,B,legal,legal,legal,fcfc9bd3-4378-4305-b427-4e3dd4e1fba1
9fd288d6-445e-4605-b206-aab43e300dde,Tricks of the Trade,{3}{U},4.0,Enchantment — Aura,"Enchant creature
Enchanted creature gets +2/+0 and can't be blocked.",U,U,legal,not_legal,legal,f7860cf3-c3ea-4055-8c95-6d1c8d50e69d
f84637f0-1a04-4fd1-85d9-8e8f5d444800,Triton Fortune Hunter,{2}{U},3.0,Creature — Merfolk Soldier,"Heroic — Whenever you cast a spell that targets this creature, draw a card.",U,U,legal,not_legal,legal,1173ff96-998c-4fe7-9b28-602d990e0339
d8f6f61a-39c2-4bac-9f16-a5e6340f6301,Triton Shorethief,{U},1.0,Creature — Merfolk Rogue,,U,U,legal,not_legal,legal,d8f0fe22-dc89-4ad8-b5f6-6d91b61f1385
426a5f3f-f161-49b3-97d0-02cda554752b,Triumph of Gerrard,{1}{W},2.0,Enchantment — Saga,"(As this Saga enters and after your draw step, add a lore counter. Sacrifice after III.)
I, II — Put a +1/+1 counter on target creature you control with the greatest power.
III — Target creature you control with the greatest power gains flying, first strike, and lifelink until end of turn.",W,W,legal,not_legal,legal,3416fae7-46a0-4048-b969-9cf95bac09db
e9c756a5-f4d4-4b84-be60-ad4bc0d1acf9,Trollbred Guardian,{4}{G},5.0,Creature — Troll Frog Warrior,"{2}{G}: Adapt 2. (If this creature has no +1/+1 counters on it, put two +1/+1 counters on it.)
Each creature you control with a +1/+1 counter on it has trample.",G,G,legal,not_legal,legal,8e3e51f6-7091-4cf3-86a3-b8c5946f3796
9aa2f27b-4c00-44c1-8bc4-014350f05b6d,Tromokratis,{5}{U}{U},7.0,Legendary Creature — Kraken,"Tromokratis has hexproof unless it's attacking or blocking.
Tromokratis can't be blocked unless all creatures defending player controls block it. (If any creature that player controls doesn't block this creature, it can't be blocked.)",U,U,legal,not_legal,legal,c93e60f6-259c-4569-87cb-cc27deaf7d8d
874e0b54-bc24-4887-abe1-1ecfd3a3abae,Trostani's Summoner,{5}{G}{W},7.0,Creature — Elf Shaman,"When this creature enters, create a 2/2 white Knight creature token with vigilance, a 3/3 green Centaur creature token, and a 4/4 green Rhino creature token with trample.",GW,GW,legal,not_legal,legal,1921fa4e-2256-4ef1-b2fe-874f9fbbcdf3
3677e743-8d3d-4ec7-8bfe-21e36979a79b,Truefire Captain,{R}{R}{W}{W},4.0,Creature — Human Knight,"Mentor (Whenever this creature attacks, put a +1/+1 counter on target attacking creature with lesser power.)
Whenever this creature is dealt damage, it deals that much damage to target player.",RW,RW,legal,not_legal,legal,6099a230-9298-4649-b257-243af40d0625
5d3be0d2-0940-4904-9f12-de592c990bdb,Trueheart Twins,{4}{R},5.0,Creature — Jackal Warrior,"You may exert this creature as it attacks. (It won't untap during your next untap step.)
Whenever you exert a creature, creatures you control get +1/+0 until end of turn.",R,R,legal,not_legal,legal,ac510911-1a65-4509-b6c9-ddac1950c838
d3b408e7-4d39-47a3-b00c-846903f8ae77,Trumpet Blast,{2}{R},3.0,Instant,Attacking creatures get +2/+0 until end of turn.,R,R,legal,not_legal,legal,c676a5b0-bd46-46b3-b71b-a50b86c9b0bd
18729459-8669-4c56-a78d-fd5982c3b2ac,Trusted Pegasus,{2}{W},3.0,Creature — Pegasus,"Flying (This creature can't be blocked except by creatures with flying or reach.)
Whenever this creature attacks, target attacking creature without flying gains flying until end of turn.",W,W,legal,not_legal,legal,89bbcaf5-80e9-43f2-b470-de6cbed6a95a
62934aab-b6fa-41b2-ac05-d3fa0e3c5a79,Turntimber Grove,,0.0,Land,"This land enters tapped.
When this land enters, target creature gets +1/+1 until end of turn.
{T}: Add {G}.",,G,legal,not_legal,legal,d0c5c07b-df81-4941-ae7e-2d38e317059d
fb4a044b-f25d-47ff-b272-754e577ce50a,Turret Ogre,{3}{R},4.0,Creature — Ogre Warrior,"Reach (This creature can block creatures with flying.)
When this creature enters, if you control another creature with power 4 or greater, this creature deals 2 damage to each opponent.",R,R,legal,not_legal,legal,8b5f624f-c5eb-4150-b36e-6147b440ff56
341cf69a-246c-4eb5-910c-18c13a4c3dce,Twinflame Travelers,{2}{U}{R},4.0,Creature — Elemental Sorcerer,"Flying
If a triggered ability of another Elemental you control triggers, it triggers an additional time.",RU,RU,legal,legal,legal,5fc9f409-3aef-4403-bf17-6e9a72ecfada
7b2bbd87-f288-44bd-a15c-1432a3e90cb3,Two-Headed Cerberus,{1}{R}{R},3.0,Creature — Dog,Double strike (This creature deals both first-strike and regular combat damage.),R,R,legal,not_legal,legal,f8d2f75c-ef2a-4d30-86d1-c47307fc47ac
7e280770-9a8f-4445-84d2-3b9cac659136,Two-Headed Zombie,{3}{B},4.0,Creature — Zombie,Menace (This creature can't be blocked except by two or more creatures.),B,B,legal,not_legal,legal,2cc5760e-8b27-4d37-9772-c9eda90b1d95
d6ee6cc1-902d-4f56-afa5-6fa4813bfbbc,Typhoid Rats,{B},1.0,Creature — Rat,Deathtouch (Any amount of damage this deals to a creature is enough to destroy it.),B,B,legal,not_legal,legal,d13cb90b-50c3-46ef-83f8-812dfb7ff881
63394e24-a456-4cc6-9885-8c62447b050a,Tyrant's Familiar,{5}{R}{R},7.0,Creature — Dragon,"Flying, haste
Lieutenant — As long as you control your commander, this creature gets +2/+2 and has ""Whenever this creature attacks, it deals 7 damage to target creature defending player controls.""",R,R,legal,not_legal,not_legal,08076c82-edb6-4c3c-abda-3d3ad7bdd78f
787055e6-5d65-458e-a56e-66ef0574d2ca,Ugin's Conjurant,{X},0.0,Creature — Spirit Monk,"This creature enters with X +1/+1 counters on it.
If damage would be dealt to this creature while it has a +1/+1 counter on it, prevent that damage and remove that many +1/+1 counters from this creature.",,,legal,not_legal,legal,9957ecca-5ea0-446f-bfd3-46c2aaa42f08
6b87a933-b0d2-4120-b4a0-65ab0f3dbe48,Ugin's Construct,{4},4.0,Artifact Creature — Construct,"When this creature enters, sacrifice a permanent that's one or more colors.",,,legal,not_legal,legal,7ee009a4-72d0-4828-b826-3ed7c7d87b53
ad7b9db0-e061-4360-9b81-0408d18d971d,Ugin's Insight,{3}{U}{U},5.0,Sorcery,"Scry X, where X is the greatest mana value among permanents you control, then draw three cards.",U,U,legal,not_legal,legal,f37d5938-9c8f-4203-8f3f-d6e89ced28ef
41fd1557-8dba-4bbf-9954-5c4f4f541812,Ulrich's Kindred,{2}{R},3.0,Creature — Wolf,"Trample
{3}{G}: Target attacking Wolf or Werewolf gains indestructible until end of turn. (Damage and effects that say ""destroy"" don't destroy it.)",R,GR,legal,not_legal,legal,86d0ee03-a8c6-4f37-9885-60a26a2e2728
d48e1545-7997-45ed-83a1-aee45b3d3d20,Unburial Rites,{4}{B},5.0,Sorcery,"Return target creature card from your graveyard to the battlefield.
Flashback {3}{W} (You may cast this card from your graveyard for its flashback cost. Then exile it.)",B,BW,legal,not_legal,legal,56b386bf-4678-43ab-80a2-a79e3c50bac1
e2928d3c-b64a-443e-a1c1-fd204bb098ba,Unbury,{1}{B},2.0,Instant,"Choose one —
• Return target creature card from your graveyard to your hand.
• Return two target creature cards that share a creature type from your graveyard to your hand.",B,B,legal,legal,legal,b00766db-4109-4225-a62a-fa12fd526970
7aac51ef-ae03-4a9e-9a48-46223787f291,Uncaged Fury,{2}{R},3.0,Instant,Target creature gets +1/+1 and gains double strike until end of turn.,R,R,legal,not_legal,legal,40440487-5ff2-43da-aa06-c649bf972ef1
32e7befb-c083-4e17-aaeb-7247f317bbcf,Unchained Berserker,{1}{R},2.0,Creature — Human Berserker,"Protection from white (This creature can't be blocked, targeted, dealt damage, enchanted, or equipped by anything white.)
This creature gets +2/+0 as long as it's attacking.",R,R,legal,not_legal,legal,db5879c5-4b0a-42fa-a44f-580e0221a32b
d6596336-8177-4475-95b9-a21858563276,Uncomfortable Chill,{2}{U},3.0,Instant,"Creatures your opponents control get -2/-0 until end of turn.
Draw a card.",U,U,legal,not_legal,legal,8f12d70b-fff7-4d0c-982e-2fea70018a78
b3418d92-81de-4575-b8da-563be6b31b91,Undercity Necrolisk,{3}{B},4.0,Creature — Zombie Lizard,"{1}, Sacrifice another creature: Put a +1/+1 counter on this creature. It gains menace until end of turn. Activate only as a sorcery. (It can't be blocked except by two or more creatures.)",B,B,legal,not_legal,legal,2571d168-38d4-46d7-afae-ffbd12bd2313
199c7604-6b4b-4cec-b6c2-b6b2918b11c8,Underdark Rift,,0.0,Land,"{T}: Add {C}.
{5}, {T}, Exile this land: Roll a d10. Put target artifact, creature, or planeswalker into its owner's library just beneath the top X cards of that library, where X is the result. Activate only as a sorcery.",,,legal,not_legal,not_legal,da7b5c5b-fba1-4993-9779-bef96bcb0064
c452e748-8a2a-4f68-8869-e294925a8b0b,Unexpected Assistance,{3}{U}{U},5.0,Instant,"Convoke (Your creatures can help cast this spell. Each creature you tap while casting this spell pays for {1} or one mana of that creature's color.)
Draw three cards, then discard a card.",U,U,legal,legal,legal,7b540a5f-7f1b-421a-864f-5af469556fc6
be7e220e-272e-45ca-8265-8d78da2cd2a7,Unforgiving Aim,{2}{G},3.0,Instant,"Choose one —
• Destroy target creature with flying.
• Destroy target enchantment.
• Create a 2/2 black and green Elf creature token.",G,G,legal,legal,legal,0bef3905-24f8-419b-aeca-396adfc6d0dc
f34ba913-cf9a-48fe-b5fe-68bf504693b2,Universal Solvent,{1},1.0,Artifact,"{7}, {T}, Sacrifice this artifact: Destroy target permanent.",,,legal,not_legal,legal,2f1b66b2-12b2-497b-a328-b43630c79e73
82c5ec8e-27be-475a-9921-ad61209fd022,Unknown Shores,,0.0,Land,"{T}: Add {C}.
{1}, {T}: Add one mana of any color.",,,legal,not_legal,legal,517315dc-591f-4af4-a319-542ad9a2e4b8
795e0ffb-fcd9-4cb9-ad18-8a0217229bfe,Unlikely Aid,{1}{B},2.0,Instant,"Target creature gets +2/+0 and gains indestructible until end of turn. (Damage and effects that say ""destroy"" don't destroy it.)",B,B,legal,not_legal,legal,9c260c5c-e796-4f81-9e15-0c5be75106b9
05d0b904-a680-4f2f-aaa1-e227a7fe7e79,Unruly Mob,{1}{W},2.0,Creature — Human,"Whenever another creature you control dies, put a +1/+1 counter on this creature.",W,W,legal,not_legal,legal,012d76b7-1445-4853-9e54-159154bbb144
060ae1bb-956a-4264-b405-a33151f31493,Unstable Obelisk,{3},3.0,Artifact,"{T}: Add {C}.
{7}, {T}, Sacrifice this artifact: Destroy target permanent.",,,legal,not_legal,not_legal,96f90a63-fe42-4bd5-8126-dd1f48397d4e
550abd9b-9aae-4812-9bc0-7f131d6dcde8,Untamed Hunger,{2}{B},3.0,Enchantment — Aura,"Enchant creature
Enchanted creature gets +2/+1 and has menace. (It can't be blocked except by two or more creatures.)",B,B,legal,legal,legal,595deb86-b6cf-4e4f-a6cf-f5ff128b720d
e6088c23-a660-4d2c-b633-1c6cb1a59ebe,Unwavering Initiate,{2}{W},3.0,Creature — Human Warrior,"Vigilance
Embalm {4}{W} ({4}{W}, Exile this card from your graveyard: Create a token that's a copy of it, except it's a white Zombie Human Warrior with no mana cost. Embalm only as a sorcery.)",W,W,legal,not_legal,legal,8a73fe35-68d6-4882-aeab-5c1e7b97b938
d0a38e8c-c42c-4c99-8a44-d390ff2511ff,Unwelcome Sprite,{1}{U},2.0,Creature — Faerie Rogue,"Flying
Whenever you cast a spell during an opponent's turn, surveil 2. (Look at the top two cards of your library. You may put any number of them into your graveyard and the rest on top of your library in any order.)",U,U,legal,legal,legal,902f8d86-fde2-4cdf-88f0-bf63d616f3af
4f142d99-8146-4b16-a2cc-ac03da19b960,Ursine Champion,{1}{G},2.0,Creature — Human Berserker,{5}{G}: This creature gets +3/+3 and becomes a Bear Berserker until end of turn. Activate only once each turn.,G,G,legal,not_legal,legal,e60b6c02-c1f1-4ab9-bd62-ae3b447a898f
00d8efa6-a2d9-4249-8da7-b45173675329,Utopia Sprawl,{G},1.0,Enchantment — Aura,"Enchant Forest
As this Aura enters, choose a color.
Whenever enchanted Forest is tapped for mana, its controller adds an additional one mana of the chosen color.",G,G,legal,not_legal,legal,29b4050e-8b73-4f16-85e4-ec2a8faacf48
cba94732-1f1f-4ffd-9aba-45db990043fa,Utter End,{2}{W}{B},4.0,Instant,Exile target nonland permanent.,BW,BW,legal,not_legal,legal,0abda7f5-89c2-43ad-bcc9-8b802881c373
05a6a571-643e-429e-8e5c-1c3f8b0dc746,Utvara Hellkite,{6}{R}{R},8.0,Creature — Dragon,"Flying
Whenever a Dragon you control attacks, create a 6/6 red Dragon creature token with flying.",R,R,legal,not_legal,legal,33f6914d-808f-4502-a87a-70912d7ae6e8
4ba1f2c5-6456-4809-a563-fd5bd311869a,Valiant Endeavor,{4}{W}{W},6.0,Sorcery,Roll two d6 and choose one result. Destroy each creature with power greater than or equal to that result. Then create a number of 2/2 white Knight creature tokens with vigilance equal to the other result.,W,W,legal,not_legal,not_legal,0445def0-8921-4579-912f-035d9fbce3c0
1f938353-9081-4dc1-b8e7-d18ece038bd4,Valorous Stance,{1}{W},2.0,Instant,"Choose one —
• Target creature gains indestructible until end of turn. (Damage and effects that say ""destroy"" don't destroy it.)
• Destroy target creature with toughness 4 or greater.",W,W,legal,legal,legal,ba539280-c642-4789-b91a-d1c08a5ca657
e85d957b-35a8-48a9-8d63-90e3c680e0dd,Vampire Noble,{2}{B},3.0,Creature — Vampire Noble,,B,B,legal,not_legal,legal,b2435f17-0378-4480-8d56-d256245c7ced
6f525ccd-4776-492c-a1f9-8bce5740fb28,Vampire Opportunist,{1}{B},2.0,Creature — Vampire,{6}{B}: Each opponent loses 2 life and you gain 2 life.,B,B,legal,not_legal,legal,a8cf21a4-616d-48a5-a104-180c24491761
49c7b7c6-c8dc-4871-9103-b057d2034c3e,Vampire Sovereign,{3}{B}{B},5.0,Creature — Vampire Noble,"Flying
When this creature enters, target opponent loses 3 life and you gain 3 life.",B,B,legal,not_legal,legal,ee338221-ead9-4b89-8b0c-12745c4ca13d
3567c3c8-b3c7-45b7-935b-b1fdbc973720,Vandalblast,{R},1.0,Sorcery,"Destroy target artifact you don't control.
Overload {4}{R} (You may cast this spell for its overload cost. If you do, change ""target"" in its text to ""each."")",R,R,legal,not_legal,legal,6239c8c9-113f-410b-8894-94d7287ac8d4
8c71cbb3-e900-4ea3-aced-8439b5803654,Vandalize,{4}{R},5.0,Sorcery,"Choose one or both —
• Destroy target artifact.
• Destroy target land.",R,R,legal,not_legal,legal,48b04f7a-4fd6-47d2-b378-99c7fb0c1809
d3beb624-f589-4ed5-97a0-11ad61481250,Vanish into Memory,{2}{W}{U},4.0,Instant,"Exile target creature. You draw cards equal to that creature's power. At the beginning of your next upkeep, return that card to the battlefield under its owner's control. If you do, discard cards equal to that creature's toughness.",UW,UW,legal,not_legal,legal,60dd9f6e-c848-4670-8de1-06f328ea7f71
4a3cc4f6-037f-461d-a3b7-9f9e24c4b8cf,Vanquish the Weak,{2}{B},3.0,Instant,Destroy target creature with power 3 or less.,B,B,legal,not_legal,legal,e599ed0b-4b3b-4341-b6ac-7fdfdc6799a3
2577860a-663a-4b56-880c-05576522e3b7,Vaultbreaker,{3}{R},4.0,Creature — Orc Rogue,"Whenever this creature attacks, you may discard a card. If you do, draw a card.
Dash {2}{R} (You may cast this spell for its dash cost. If you do, it gains haste, and it's returned from the battlefield to its owner's hand at the beginning of the next end step.)",R,R,legal,not_legal,legal,12891fcf-7118-428a-bdfe-9495a77f8b3d
fa123b21-518a-4f1d-9629-c44576d45f21,Veloheart Bike,{2}{G},3.0,Artifact — Vehicle,"When this Vehicle enters, you gain 2 life.
{T}: Add one mana of any color.
Crew 2 (Tap any number of creatures you control with total power 2 or more: This Vehicle becomes an artifact creature until end of turn.)",G,G,legal,legal,legal,85edde1a-f05c-4ce8-bedd-88359647aa0d
f3b3173b-f7ae-420e-84ec-ea61414674a0,Vengeful Ancestor,{2}{R}{R},4.0,Creature — Spirit Dragon,"Flying
Whenever this creature enters or attacks, goad target creature. (Until your next turn, that creature attacks each combat if able and attacks a player other than you if able.)
Whenever a goaded creature attacks, it deals 1 damage to its controller.",R,R,legal,not_legal,not_legal,badc03ae-b04a-4612-a95f-27865d2d09df
be3dd4f6-794d-4bce-b71e-4b3477d5d388,Vengeful Warchief,{4}{B},5.0,Creature — Orc Warrior,"Whenever you lose life for the first time each turn, put a +1/+1 counter on this creature. (Damage causes loss of life.)",B,B,legal,not_legal,legal,d405e1bc-bf58-4cce-8abe-57fb40ef0996
d3af1c69-42ae-4d29-a9f1-72f862d26303,Verdant Automaton,{2},2.0,Artifact Creature — Construct,{3}{G}: Put a +1/+1 counter on this creature.,,G,legal,not_legal,legal,52c66c5a-0b1b-4936-9e07-2d169f16c1a6
f0bbd988-50b7-476c-9183-dfabd4a95079,Verdant Embrace,{3}{G}{G},5.0,Enchantment — Aura,"Enchant creature
Enchanted creature gets +3/+3 and has ""At the beginning of each upkeep, create a 1/1 green Saproling creature token.""",G,G,legal,not_legal,legal,57233676-f03f-4739-a1fb-8fed7e6c649f
c35540ad-9ab1-4be9-b97d-603813394a26,Verdant Rebirth,{1}{G},2.0,Instant,"Until end of turn, target creature gains ""When this creature dies, return it to its owner's hand.""
Draw a card.",G,G,legal,not_legal,legal,993f4343-8f0a-4c50-b6fd-49f1f11d96f0
c1b8cfe9-e8fc-4321-94ce-86ab1f1ae2d0,Vertigo Spawn,{1}{U},2.0,Creature — Illusion,"Defender
Whenever this creature blocks a creature, tap that creature. That creature doesn't untap during its controller's next untap step.",U,U,legal,not_legal,legal,a1bdfb7d-029d-4a70-8ae3-ef9a27e729c3
795a9f45-e4ee-457c-b260-17b9f09c3ba6,Vessel of Malignity,{1}{B},2.0,Enchantment,"{1}{B}, Sacrifice this enchantment: Target opponent exiles two cards from their hand. Activate only as a sorcery.",B,B,legal,not_legal,legal,81b44857-1edb-4de4-b646-917101faf881
e33dec01-c114-436a-befc-dab4e806c10b,Vessel of Nascency,{G},1.0,Enchantment,"{1}{G}, Sacrifice this enchantment: Reveal the top four cards of your library. You may put an artifact, creature, enchantment, land, or planeswalker card from among them into your hand. Put the rest into your graveyard.",G,G,legal,not_legal,legal,89533790-38c2-4b53-90fa-8abf8c1a6abb
55187899-c445-48e9-80b9-235eaf42f803,Vestige of Emrakul,{3}{R},4.0,Creature — Eldrazi Drone,"Devoid (This card has no color.)
Trample",,R,legal,not_legal,legal,a5d84986-64a1-4bd1-a4f6-3eb147aca357
17be934e-1e33-4b95-a984-242fa018e280,Vial of Dragonfire,{2},2.0,Artifact,"{2}, {T}, Sacrifice this artifact: It deals 2 damage to target creature.",,,legal,not_legal,legal,57db6ba8-f6c1-41be-8bee-93e573d052d7
5e78e6e0-60f0-4c3c-b8dd-bd673f5152b8,Viashino Pyromancer,{1}{R},2.0,Creature — Lizard Wizard,"When this creature enters, it deals 2 damage to target player or planeswalker.",R,R,legal,legal,legal,a82fdb2f-b199-44ff-9615-90fc074cb8b0
c6adfaa7-d9cf-4501-8e7d-e035369390d2,Vicious Offering,{1}{B},2.0,Instant,"Kicker—Sacrifice a creature. (You may sacrifice a creature in addition to any other costs as you cast this spell.)
Target creature gets -2/-2 until end of turn. If this spell was kicked, that creature gets -5/-5 until end of turn instead.",B,B,legal,not_legal,legal,aaed7828-57c1-4ad3-a91b-209c66f0876b
240e85d3-e495-4877-8609-4b4056c402f7,Victimize,{2}{B},3.0,Sorcery,"Choose two target creature cards in your graveyard. Sacrifice a creature. If you do, return the chosen cards to the battlefield tapped.",B,B,legal,not_legal,legal,1303644e-d406-4136-8524-9d99f0b318ac
e410f80f-cf67-46ff-aeb3-da0204237d66,Victory's Herald,{3}{W}{W}{W},6.0,Creature — Angel,"Flying
Whenever this creature attacks, attacking creatures gain flying and lifelink until end of turn.",W,W,legal,not_legal,legal,9cd99e32-cbe4-44a7-82ef-7c2d86d6d013
be843255-7408-45b9-b0ca-c79342daa353,Vigorspore Wurm,{5}{G},6.0,Creature — Wurm,"Undergrowth — When this creature enters, target creature gains vigilance and gets +X/+X until end of turn, where X is the number of creature cards in your graveyard.
This creature can't be blocked by more than one creature.",G,G,legal,not_legal,legal,b62625de-3a2f-43d6-8cf7-ea38f038f3b6
5fffd840-1e6e-4f5d-b847-802f9a25eb5c,Vinebred Brawler,{2}{G},3.0,Creature — Elf Berserker,"This creature must be blocked if able.
Whenever this creature attacks, another target Elf you control gets +2/+1 until end of turn.",G,G,legal,legal,legal,63c573fe-e74c-48ca-ad05-92f37dc466f1
5372445b-5f67-435e-a736-61c6cb4f9c6e,Vines of the Recluse,{G},1.0,Instant,Target creature gets +1/+2 and gains reach until end of turn. Untap it. (A creature with reach can block creatures with flying.),G,G,legal,not_legal,legal,6b32a4f1-f06f-4363-80ef-045620624e3c
35dead9a-20ab-45e9-be3e-36857c928ab9,Viper's Kiss,{B},1.0,Enchantment — Aura,"Enchant creature
Enchanted creature gets -1/-1, and its activated abilities can't be activated.",B,B,legal,not_legal,legal,0906ebfc-4756-4caf-83ff-859e181f3bef
8b9119b0-9948-497f-aa92-2879d07bed1c,Viridian Longbow,{1},1.0,Artifact — Equipment,"Equipped creature has ""{T}: This creature deals 1 damage to any target.""
Equip {3} ({3}: Attach to target creature you control. Equip only as a sorcery.)",,,legal,not_legal,legal,f4607634-6206-4c6c-b389-abcbfe969b65
3d4bec90-7bbc-4385-a2b8-303c7a8d0a0f,Virulent Emissary,{G},1.0,Creature — Elf Assassin,"Deathtouch
Whenever another creature you control enters, you gain 1 life.",G,G,legal,legal,legal,0702efed-915e-466a-96bb-ac09af06b21e
21bb3c03-c1c0-40ec-8df4-8d0054c3742b,Visage of Bolas,{4},4.0,Artifact,"When this artifact enters, you may search your library and/or graveyard for a card named Nicol Bolas, the Deceiver, reveal it, and put it into your hand. If you search your library this way, shuffle.
{T}: Add {U}, {B}, or {R}.",,BRU,legal,not_legal,legal,f29bbfe2-d59f-4361-8ea4-6a8d1b909769
88fb9e82-28b9-4275-a1e2-cb3a9bfda127,"Vitu-Ghazi, the City-Tree",,0.0,Land,"{T}: Add {C}.
{2}{G}{W}, {T}: Create a 1/1 green Saproling creature token.",,GW,legal,not_legal,legal,33145080-077e-4231-96ca-e8b1852b6380
d8e2efe0-33a4-4303-9e83-ac42ea5df8cb,Vivid Crag,,0.0,Land,"This land enters tapped with two charge counters on it.
{T}: Add {R}.
{T}, Remove a charge counter from this land: Add one mana of any color.",,R,legal,not_legal,legal,71a2c58e-eb1f-4a8b-b040-419c9d5ccf65
2da7c49f-cc1e-45d9-9cbf-067e92b0daef,Vivid Creek,,0.0,Land,"This land enters tapped with two charge counters on it.
{T}: Add {U}.
{T}, Remove a charge counter from this land: Add one mana of any color.",,U,legal,not_legal,legal,65887a2e-893e-429d-8831-bd6e60941300
b7a68899-c0d3-49e0-854b-19268ae9b89d,Vivid Grove,,0.0,Land,"This land enters tapped with two charge counters on it.
{T}: Add {G}.
{T}, Remove a charge counter from this land: Add one mana of any color.",,G,legal,not_legal,legal,12ccc686-bbaa-4c34-a7b8-a1e763fe0ad0
20b32052-f66f-4eb8-b56e-00d531907f19,Vivid Marsh,,0.0,Land,"This land enters tapped with two charge counters on it.
{T}: Add {B}.
{T}, Remove a charge counter from this land: Add one mana of any color.",,B,legal,not_legal,legal,b71b3df3-e188-45bb-8dc8-53fd4d527735
dee99df5-628f-4a4e-a203-4dfddc927373,Vivid Meadow,,0.0,Land,"This land enters tapped with two charge counters on it.
{T}: Add {W}.
{T}, Remove a charge counter from this land: Add one mana of any color.",,W,legal,not_legal,legal,625a42b4-d88c-48e0-96b1-77388ca48810
34fe53c2-8909-4786-b5c0-331de997ff81,Vivien of the Arkbow,{4}{G}{G},6.0,Legendary Planeswalker — Vivien,"+2: Put two +1/+1 counters on up to one target creature.
−3: Target creature you control deals damage equal to its power to target creature you don't control.
−9: Creatures you control get +4/+4 and gain trample until end of turn.",G,G,legal,not_legal,legal,8c185555-acd4-461a-821a-b21b7b0914a5
6dbd0764-4bfe-4a58-905d-aeee70ceb798,Vivien's Grizzly,{2}{G},3.0,Creature — Bear Spirit,"{3}{G}: Look at the top card of your library. If it's a creature or planeswalker card, you may reveal it and put it into your hand. If you don't put the card into your hand, put it on the bottom of your library.",G,G,legal,not_legal,legal,37f2571b-6756-462c-9e71-3121fa458160
61897e1b-dea0-44c2-9e38-6e2627647e17,Vizier of the Scorpion,{2}{B},3.0,Creature — Zombie Wizard,"When this creature enters, amass Zombies 1. (Put a +1/+1 counter on an Army you control. It's also a Zombie. If you don't control an Army, create a 0/0 black Zombie Army creature token first.)
Zombie tokens you control have deathtouch.",B,B,legal,not_legal,legal,2444c7dc-7aa1-4476-8660-19d26607306d
1d07856b-d9ef-418c-bd06-3888dbcaddf4,Vodalian Arcanist,{1}{U},2.0,Creature — Merfolk Wizard,{T}: Add {C}. Spend this mana only to cast an instant or sorcery spell.,U,U,legal,not_legal,legal,5c7795fb-2995-4dff-bc1b-7809bfbb1657
06e2ce8e-7341-4448-8625-cb1574eb179d,Void Snare,{U},1.0,Sorcery,Return target nonland permanent to its owner's hand.,U,U,legal,not_legal,legal,94efe426-0fb2-4a24-9b50-914e48105b57
2313eef6-5414-462c-bf2f-f3283786735f,Void Stalker,{1}{U},2.0,Creature — Elemental,"{2}{U}, {T}: Put this creature and target creature on top of their owners' libraries, then those players shuffle their libraries.",U,U,legal,not_legal,legal,7fc30e31-4796-4e98-992c-a56cd51ad3c9
994db177-03f5-43dd-bf7b-2994e8d430d3,Volcanic Dragon,{4}{R}{R},6.0,Creature — Dragon,"Flying, haste",R,R,legal,not_legal,legal,ade02a6b-0025-418b-8e20-0eb538fd66b1
a96d0496-babc-4774-9b72-bea9d2b22743,Voldaren Duelist,{3}{R},4.0,Creature — Vampire Warrior,"Haste
When this creature enters, target creature can't block this turn.",R,R,legal,not_legal,legal,d2ca081d-6771-407e-ae03-3d6b2ec61dff
bf4268e6-170a-445b-b215-718f7494ae28,Volley Veteran,{3}{R},4.0,Creature — Goblin Warrior,"When this creature enters, it deals damage to target creature an opponent controls equal to the number of Goblins you control.",R,R,legal,legal,legal,164960fc-6e80-4a53-90d7-5a18c0a28083
25b0876e-c995-486e-8536-6e68b76b9c86,Voracious Tome-Skimmer,{U/B}{U/B}{U/B},3.0,Creature — Faerie Rogue,"Flying
Whenever you cast a spell during an opponent's turn, you may pay 1 life. If you do, draw a card.",BU,BU,legal,legal,legal,1a696fe5-410c-4699-b1d1-1a9c771d664a
aa944cbe-fdba-4001-97d5-c722fe744dcc,Vorstclaw,{4}{G}{G},6.0,Creature — Elemental Horror,,G,G,legal,not_legal,legal,79719ed0-468d-4946-8dfc-fb7e2b2e305e
bce18f34-848e-4dd2-9a38-6084c0695f78,Voyaging Satyr,{1}{G},2.0,Creature — Satyr Druid,{T}: Untap target land.,G,G,legal,not_legal,legal,155ae6c0-5085-45f1-ba9f-508d501fee2c
5df16529-6f1d-4978-b364-97d91abac441,Vraska's Finisher,{2}{B},3.0,Creature — Gorgon Assassin,"When this creature enters, destroy target creature or planeswalker an opponent controls that was dealt damage this turn.",B,B,legal,not_legal,legal,f89fa379-7fae-4fbf-8e31-0ef3645353c5
2160c837-342b-409f-a1db-0ec5ac023ccf,"Vrondiss, Rage of Ancients",{3}{R}{G},5.0,Legendary Creature — Dragon Barbarian,"Enrage — Whenever Vrondiss is dealt damage, you may create a 5/4 red and green Dragon Spirit creature token with ""When this token deals damage, sacrifice it.""
Whenever you roll one or more dice, you may have Vrondiss deal 1 damage to itself.",GR,GR,legal,not_legal,not_legal,683ca7f0-e9df-459b-a8e3-cf80b39c732d
fb818376-6e87-4aa3-a050-4b5f82942593,Walker of the Wastes,{4}{C},5.0,Creature — Eldrazi,"({C} represents colorless mana.)
Trample
This creature gets +1/+1 for each land you control named Wastes.",,,legal,not_legal,legal,34f635ac-ad6d-4a13-a08e-64c8e2b9779c
fea95888-e16a-4209-9cd4-623f7f4d2f67,Walking Corpse,{1}{B},2.0,Creature — Zombie,,B,B,legal,not_legal,legal,344a26ab-524f-4daa-ae0a-9d94e34c96df
f38c8b47-e8e0-4d2f-b1da-d8d986805a48,Wall of Fire,{1}{R}{R},3.0,Creature — Wall,"Defender (This creature can't attack.)
{R}: This creature gets +1/+0 until end of turn.",R,R,legal,not_legal,legal,6f8ac968-3d00-40d8-80b5-e6fe08025de2
b2ca8824-6bd8-4aa3-b156-618118eb98a4,Wall of Mist,{1}{U},2.0,Creature — Wall,Defender,U,U,legal,not_legal,legal,4fb995c8-1bc2-4ff4-b8e9-f9b6bc0de0fe
5f601f48-d24b-4883-9fde-b3f620e7c9ea,Wall of Omens,{1}{W},2.0,Creature — Wall,"Defender
When this creature enters, draw a card.",W,W,legal,not_legal,legal,0db4b34f-2d60-4ff3-8ef7-9cedb9b71cdc
35dfe1c7-48ab-436f-9a6e-44835ea01cf9,Wall of Runes,{U},1.0,Creature — Wall,"Defender (This creature can't attack.)
When this creature enters, scry 1. (Look at the top card of your library. You may put that card on the bottom.)",U,U,legal,not_legal,legal,96613089-3508-429a-9f90-23168d56bbe7
51ce0158-c9a5-4fa5-9704-46ab02f01b86,Wall of Vines,{G},1.0,Creature — Plant Wall,"Defender (This creature can't attack.)
Reach (This creature can block creatures with flying.)",G,G,legal,not_legal,legal,7327e768-d90d-4677-b4dd-10837ffe8be2
9fd521d5-baa3-4054-a990-d23265863c71,Wand of Orcus,{2}{B},3.0,Legendary Artifact — Equipment,"Whenever equipped creature attacks or blocks, it and Zombies you control gain deathtouch until end of turn.
Whenever equipped creature deals combat damage to a player, create that many 2/2 black Zombie creature tokens.
Equip {3}",B,B,legal,not_legal,not_legal,510af4b7-289a-4de7-9a22-00fe1e8aaabf
4b4dcdb1-0017-494f-8d83-6706b188e575,Wanderbrine Preacher,{1}{W},2.0,Creature — Merfolk Cleric,"Whenever this creature becomes tapped, you gain 2 life.",W,W,legal,legal,legal,3fc3f5f2-5a83-4358-8f23-42f26f345140
d6239ada-c72a-49b2-882c-6dae1dd366e3,Wanderer's Strike,{4}{W},5.0,Sorcery,"Exile target creature, then proliferate. (Choose any number of permanents and/or players, then give each another counter of each kind already there.)",W,W,legal,not_legal,legal,85e1d63e-9692-4988-bda2-7c2c9b42217b
6c0f6673-bc24-4c84-b4e7-736283ffd60e,Wanderwine Distracter,{3}{U},4.0,Creature — Merfolk Wizard,"Whenever this creature becomes tapped, target creature an opponent controls gets -3/-0 until end of turn.",U,U,legal,legal,legal,cbf593a7-d4ae-4771-926a-3c1b2c8c901a
7146eecb-8a79-467c-936e-f577e481cf59,War Flare,{2}{R}{W},4.0,Instant,Creatures you control get +2/+1 until end of turn. Untap those creatures.,RW,RW,legal,not_legal,legal,243f33d8-ec20-4376-99c2-a12098773dee
45dfb358-cd16-468e-bc89-ff17c6e244c1,War Report,{3}{W},4.0,Instant,You gain life equal to the number of creatures on the battlefield plus the number of artifacts on the battlefield.,W,W,legal,not_legal,legal,6d837262-cd5d-4fc9-96dd-39ed04166883
4617739e-4e3e-4d06-b074-8f836261a870,War Screecher,{1}{W},2.0,Creature — Bird,"Flying
{5}{W}, {T}: Other creatures you control get +1/+1 until end of turn.",W,W,legal,not_legal,legal,d2ff7868-eeb9-4292-a2f4-cac18f9ba270
0e49ec18-f979-4168-b7df-7728f3fe442e,War-Wing Siren,{2}{U},3.0,Creature — Siren Soldier,"Flying
Heroic — Whenever you cast a spell that targets this creature, put a +1/+1 counter on this creature.",U,U,legal,not_legal,legal,8d88c942-3a69-4975-a08d-80405a549beb
86f725f6-b48b-4dcc-9a02-e258a226e31c,Wardscale Crocodile,{4}{G},5.0,Creature — Crocodile,Hexproof (This creature can't be the target of spells or abilities your opponents control.),G,G,legal,not_legal,legal,aa5341b9-06e4-4360-a75d-f405d468276e
766c2c67-d1ee-44ff-b9bb-355361646ef1,Warlock Class,{B},1.0,Enchantment — Class,"(Gain the next level as a sorcery to add its ability.)
At the beginning of your end step, if a creature died this turn, each opponent loses 1 life.
{1}{B}: Level 2
When this Class becomes level 2, look at the top three cards of your library. Put one of them into your hand and the rest into your graveyard.
{6}{B}: Level 3
At the beginning of your end step, each opponent loses life equal to the life they lost this turn. (Damage causes loss of life.)",B,B,legal,not_legal,legal,b7faf899-96b7-454e-b634-6684c2d72f26
20c3c8ab-e996-462e-a1f6-87421fc3ee55,Warren Torchmaster,{1}{R},2.0,Creature — Goblin Warrior,"At the beginning of combat on your turn, you may blight 1. When you do, target creature gains haste until end of turn. (To blight 1, put a -1/-1 counter on a creature you control.)",R,R,legal,legal,legal,8f067a14-6667-4acf-b33d-e1149188a84d
42fb1a1c-ab3d-4cdc-a6ff-a591f7481583,Warstorm Surge,{5}{R},6.0,Enchantment,"Whenever a creature you control enters, it deals damage equal to its power to any target.",R,R,legal,not_legal,legal,596ebc25-b55c-45e7-8aba-97f4ba0c766a
13fc4168-fcc2-4011-804f-211d5d86b7dd,"Wasitora, Nekoru Queen",{2}{B}{R}{G},5.0,Legendary Creature — Cat Dragon,"Flying, trample
Whenever Wasitora deals combat damage to a player, that player sacrifices a creature of their choice. If the player can't, you create a 3/3 black, red, and green Cat Dragon creature token with flying.",BGR,BGR,legal,not_legal,not_legal,07790bd5-0d27-490e-b1ae-3b866882461e
9331cfd7-a818-45ed-9e4a-4d3c381052e0,Wasp of the Bitter End,{1}{B},2.0,Creature — Insect Horror,"Flying
Whenever you cast a Bolas planeswalker spell, you may sacrifice this creature. If you do, destroy target creature.",B,B,legal,not_legal,legal,46d348eb-7db0-4209-8960-c6adc473417d
e8c0fbea-a678-46b0-b385-e36f14c07672,Watcher in the Mist,{3}{U}{U},5.0,Creature — Spirit,"Flying
When this creature enters, surveil 2. (Look at the top two cards of your library, then put any number of them into your graveyard and the rest on top of your library in any order.)",U,U,legal,not_legal,legal,fb971f49-8898-444a-a17c-caeb1696c62a
6f5e6799-cb0f-4403-9c2a-69abeac08b79,Watchful Automaton,{3},3.0,Artifact Creature — Construct,{2}{U}: Scry 1. (Look at the top card of your library. You may put that card on the bottom.),,U,legal,not_legal,legal,138b5fde-417d-4860-aca9-eae7f78b5768
002100cd-1ab1-44da-93a0-1269d47a712a,Waterknot,{1}{U}{U},3.0,Enchantment — Aura,"Enchant creature
When this Aura enters, tap enchanted creature.
Enchanted creature doesn't untap during its controller's untap step.",U,U,legal,not_legal,legal,8b4579ee-76c4-4ed6-9208-55d2b598d3b5
31f15274-301b-47c5-ba19-0ced04520878,Wayfarer's Bauble,{1},1.0,Artifact,"{2}, {T}, Sacrifice this artifact: Search your library for a basic land card, put that card onto the battlefield tapped, then shuffle.",,,legal,not_legal,legal,32a52319-e4a5-42a9-b9c5-35df42b46fd9
d193f3b7-d205-4c49-ae52-6a095282e0b3,Weapons Trainer,{R}{W},2.0,Creature — Human Soldier Ally,Other creatures you control get +1/+0 as long as you control an Equipment.,RW,RW,legal,not_legal,legal,7d47bcb1-b028-4be8-9710-7c390cb984ce
ff568a29-e31a-4bc3-b8a3-8fa56f91d52d,Weave Fate,{3}{U},4.0,Instant,Draw two cards.,U,U,legal,not_legal,legal,a4a1f9c1-25a3-465f-b3d8-98f0867c9bb6
b960d17b-3679-4dc5-9a5d-c8e7fd81fa9a,Weight of the Underworld,{3}{B},4.0,Enchantment — Aura,"Enchant creature
Enchanted creature gets -3/-2.",B,B,legal,not_legal,legal,a99bcecd-0b5a-4806-824b-4885fcad1449
0c7e261f-45d5-4c86-8cba-9b6edce8ef49,Whirlwind Adept,{4}{U},5.0,Creature — Djinn Monk,"Hexproof (This creature can't be the target of spells or abilities your opponents control.)
Prowess (Whenever you cast a noncreature spell, this creature gets +1/+1 until end of turn.)",U,U,legal,not_legal,legal,51c9bd9c-900a-48a1-9cfe-2f8d031af6b8
ac141fe0-328a-4d9b-8048-b0c47f399587,Whisk Away,{2}{U},3.0,Instant,Put target attacking or blocking creature on top of its owner's library.,U,U,legal,not_legal,legal,5b5d96a9-11dd-44cc-baf1-bab298ae03f0
496ab82e-24a9-4a74-ba4b-992c7309b44a,"Whisper, Blood Liturgist",{3}{B},4.0,Legendary Creature — Human Cleric,"{T}, Sacrifice two creatures: Return target creature card from your graveyard to the battlefield.",B,B,legal,not_legal,legal,0647feeb-ad7a-40c7-830f-f307ba8339ad
c1e456b6-5d2b-4c42-9464-54a8f9f8f3ba,Whisperer of the Wilds,{1}{G},2.0,Creature — Human Shaman,"{T}: Add {G}.
Ferocious — {T}: Add {G}{G}. Activate only if you control a creature with power 4 or greater.",G,G,legal,not_legal,legal,5c66d388-b140-4d52-897a-6ac6cd68f980
b6836023-4475-415e-9671-980d9eb6e762,Whispering Snitch,{1}{B},2.0,Creature — Vampire Rogue,"Whenever you surveil for the first time each turn, this creature deals 1 damage to each opponent and you gain 1 life.",B,B,legal,not_legal,legal,fa4ca97e-b402-4a73-9c70-79ec4565a39c
ea4a9299-c2b3-4092-89dd-28142b203d60,White Sun's Zenith,{X}{W}{W}{W},3.0,Instant,Create X 2/2 white Cat creature tokens. Shuffle White Sun's Zenith into its owner's library.,W,W,legal,not_legal,legal,cebb57f0-8401-4429-b2b4-bed37ff9ce6d
4dc82a49-a063-448d-bd2c-a5b69381e27e,Wild Ceratok,{3}{G},4.0,Creature — Rhino,,G,G,legal,not_legal,legal,4464e11a-c5b9-40ea-8be0-dab29d14e289
2c4ee0df-e720-475b-aa04-e6394f3d708f,Wild Endeavor,{4}{G}{G},6.0,Sorcery,"Roll two d4 and choose one result. Create a number of 3/3 green Beast creature tokens equal to that result. Then search your library for a number of basic land cards equal to the other result, put them onto the battlefield tapped, then shuffle.",G,G,legal,not_legal,not_legal,349d0255-52b9-4998-ad4b-909a593c3071
706ae742-1807-44b7-a4fa-f2e26f61519a,Wild Growth,{G},1.0,Enchantment — Aura,"Enchant land
Whenever enchanted land is tapped for mana, its controller adds an additional {G}.",G,G,legal,not_legal,not_legal,61efbd57-7e56-4087-beba-18d8445db7dd
f76a0e5b-74c1-4ee8-b502-e8b988086de4,Wild Slash,{R},1.0,Instant,"Ferocious — If you control a creature with power 4 or greater, damage can't be prevented this turn.
Wild Slash deals 2 damage to any target.",R,R,legal,not_legal,legal,6975490f-7679-48b3-ba34-04dec97a29c2
dd1a4219-437b-494f-ae0e-1d3181ffcd63,Wild Unraveling,{U}{U},2.0,Instant,"As an additional cost to cast this spell, blight 2 or pay {1}. (To blight 2, put two -1/-1 counters on a creature you control.)
Counter target spell.",U,U,legal,legal,legal,01522fec-9136-4fa6-91a3-370a8bb08b42
a450ef56-8511-43e0-bdca-0c25f54ba338,Wild-Magic Sorcerer,{3}{R},4.0,Creature — Orc Shaman Sorcerer,"The first spell you cast from exile each turn has cascade. (When you cast your first spell from exile, exile cards from the top of your library until you exile a nonland card that costs less. You may cast it without paying its mana cost. Put the exiled cards on the bottom in a random order.)",R,R,legal,not_legal,not_legal,a48df69d-ef3d-46b1-8811-b6a1be777cdc
ff8fb796-af5d-4d64-ab3c-7f2469dfa6bf,Wildheart Invoker,{2}{G}{G},4.0,Creature — Elf Shaman,{8}: Target creature gets +5/+5 and gains trample until end of turn. (It can deal excess combat damage to the player or planeswalker it's attacking.),G,G,legal,legal,legal,416b9302-62e9-453b-a8b6-db367d37a584
6c34674f-856b-4062-87d5-6ed73d9a9855,Wildvine Pummeler,{6}{G},7.0,Creature — Giant Berserker,"Vivid — This spell costs {1} less to cast for each color among permanents you control.
Reach, trample",G,G,legal,legal,legal,11bad5c7-fe9a-4d89-a531-8d4f03d5a0e4
2b0ba5a5-649a-4d7a-8136-6bcf692337f5,Wily Bandar,{G},1.0,Creature — Cat Monkey,"{2}{G}: This creature gains indestructible until end of turn. (Damage and effects that say ""destroy"" don't destroy it.)",G,G,legal,not_legal,legal,cac6ece3-9889-47fa-9140-420b4f31dd1b
74dcff4f-c126-4bbb-b6f0-3f3315bc95fe,Wind-Kin Raiders,{4}{U}{U},6.0,Creature — Human Artificer,"Improvise (Your artifacts can help cast this spell. Each artifact you tap after you're done activating mana abilities pays for {1}.)
Flying",U,U,legal,not_legal,legal,fbfaa040-61fd-4705-a7ee-c67b49f740e3
a6fd90dc-0ec3-4dce-a77a-4d04f5e254bf,Winds of Rath,{3}{W}{W},5.0,Sorcery,Destroy all creatures that aren't enchanted. They can't be regenerated.,W,W,legal,not_legal,not_legal,91ee4ff1-8b18-401b-9914-b7bb2851591b
29737a60-3ebd-40d9-b935-c4f54b90d45d,Windswept Heath,,0.0,Land,"{T}, Pay 1 life, Sacrifice this land: Search your library for a Forest or Plains card, put it onto the battlefield, then shuffle.",,,legal,not_legal,legal,e7b28650-cddc-4878-b1d1-b5a764f4df49
b302bce5-d7ad-46d8-9dbf-8159e8709b4f,Wing Shards,{1}{W}{W},3.0,Instant,"Target player sacrifices an attacking creature of their choice.
Storm (When you cast this spell, copy it for each spell cast before it this turn. You may choose new targets for the copies.)",W,W,legal,not_legal,legal,d5c9bac3-aa1e-4b38-a847-4f2b9631820c
a178a789-1f5f-46ca-a90b-574bd236a671,Winged Boots,{1}{U},2.0,Artifact — Equipment,"Equipped creature has flying and ward {4}. (Whenever equipped creature becomes the target of a spell or ability an opponent controls, counter it unless that player pays {4}.)
Equip {1}",U,U,legal,not_legal,not_legal,d1aa5f8a-e965-45db-8957-f5c3fe3f2ebb
abc519b8-82de-4559-be03-ddb1ddaab993,Wishcoin Crab,{3}{U},4.0,Creature — Crab,,U,U,legal,not_legal,legal,6580d6a2-ee21-4442-9842-18c65a172f49
e5e8fce4-c97a-4ae4-9583-003c565e3bd6,Wistfulness,{3}{G/U}{G/U},5.0,Creature — Elemental Incarnation,"When this creature enters, if {G}{G} was spent to cast it, exile target artifact or enchantment an opponent controls.
When this creature enters, if {U}{U} was spent to cast it, draw two cards, then discard a card.
Evoke {G/U}{G/U} (You may cast this spell for its evoke cost. If you do, it's sacrificed when it enters.)",GU,GU,legal,legal,legal,db9aa986-ac2a-44bb-a88b-04c5d0d502b2
0ba3b1e0-1790-4247-93ab-72a43e8fb580,Wizard Replica,{3},3.0,Artifact Creature — Wizard,"Flying
{U}, Sacrifice this creature: Counter target spell unless its controller pays {2}.",,U,legal,not_legal,legal,e5ab68b3-864e-4fe3-a5c5-faa33b45da0f
2bd81743-84c8-43ec-86f5-68230036827b,Wizard's Lightning,{2}{R},3.0,Instant,"This spell costs {2} less to cast if you control a Wizard.
Wizard's Lightning deals 3 damage to any target.",R,R,legal,not_legal,legal,59bf371a-164c-4db8-9207-197c2e7c3c10
b828251c-86a9-454f-9852-d0876d0f5153,Wizard's Retort,{1}{U}{U},3.0,Instant,"This spell costs {1} less to cast if you control a Wizard.
Counter target spell.",U,U,legal,not_legal,legal,bae30b7d-9306-46ef-adea-c4057f59c9c1
8de57b66-cb97-44e4-8c0d-8ecf3202c299,Wojek Bodyguard,{2}{R},3.0,Creature — Human Soldier,"Mentor (Whenever this creature attacks, put a +1/+1 counter on target attacking creature with lesser power.)
This creature can't attack or block alone.",R,R,legal,not_legal,legal,ebff5313-e325-47c3-814b-38fdb4c6c8d2
b2224843-8274-4872-a7ca-2adf69cc066b,Wolf,,0.0,Token Creature — Wolf,,G,G,not_legal,not_legal,not_legal,bd05e304-1a16-436d-a05c-4a38a839759b
c9fe1383-1331-4a58-a45a-3320250221a9,Woodland Cemetery,,0.0,Land,"This land enters tapped unless you control a Swamp or a Forest.
{T}: Add {B} or {G}.",,BG,legal,not_legal,legal,ba05cf47-9823-41f9-b893-321ea89e473e
e887fb3f-d4c9-4022-8f75-1de6ec94af96,Woodland Stream,,0.0,Land,"This land enters tapped.
{T}: Add {G} or {U}.",,GU,legal,not_legal,legal,18a0c745-dee6-4cb2-acaa-3d2b8e0cce5b
318d6000-b6e0-4ef0-ad58-d470f4a271e6,Worm,,0.0,Token Creature — Worm,,BG,BG,not_legal,not_legal,not_legal,b3c0ff23-6c20-4637-99d6-6cbca26d75ba
525d1562-4fb6-4df3-ab6d-ab6a94c866e0,Wretched Camel,{1}{B},2.0,Creature — Zombie Camel,"When this creature dies, if you control a Desert or there is a Desert card in your graveyard, target player discards a card.",B,B,legal,not_legal,legal,cdd729df-8a02-4d5e-8432-bc0d006b0d3d
4fc69345-4c1f-4113-8e1c-15b8e2e597fc,Write into Being,{2}{U},3.0,Sorcery,"Look at the top two cards of your library. Manifest one of those cards, then put the other on the top or bottom of your library. (To manifest a card, put it onto the battlefield face down as a 2/2 creature. Turn it face up any time for its mana cost if it's a creature card.)",U,U,legal,not_legal,legal,a85e6fbe-cda0-4fbf-853c-c03c567a7de9
b19d1459-eb08-4e75-95f4-402d86371a78,Wulfgar of Icewind Dale,{3}{R}{G},5.0,Legendary Creature — Human Barbarian,"Melee (Whenever this creature attacks, it gets +1/+1 until end of turn for each opponent you attacked this combat.)
If a creature you control attacking causes a triggered ability of a permanent you control to trigger, that ability triggers an additional time.",GR,GR,legal,not_legal,not_legal,80665af6-fd66-4684-94ec-1f04eb898c2a
2d513c3e-bd27-479e-af32-7f66d96d0de0,"Yeva, Nature's Herald",{2}{G}{G},4.0,Legendary Creature — Elf Shaman,"Flash (You may cast this spell any time you could cast an instant.)
You may cast green creature spells as though they had flash.",G,G,legal,not_legal,legal,22ecead7-58b3-4e34-8f7d-b095abee7f24
467c526a-02a7-405d-98de-c632ea83519b,You Find Some Prisoners,{1}{R},2.0,Instant,"Choose one —
• Break Their Chains — Destroy target artifact.
• Interrogate Them — Exile the top three cards of target opponent's library. Choose one of them. Until the end of your next turn, you may play that card, and you may spend mana as though it were mana of any color to cast it.",R,R,legal,not_legal,legal,0f2a95ae-feb2-42c3-99b4-9ea7a491d326
2911d52f-7faf-455a-acdf-77269c9ee8ce,Zealot of the God-Pharaoh,{3}{R},4.0,Creature — Minotaur Archer,{4}{R}: This creature deals 2 damage to target opponent or planeswalker.,R,R,legal,not_legal,legal,180d1cd4-7d0d-4279-bc2a-59bb21b06904
ecd307e6-9096-401f-bd82-ad190532d389,Zendikar Incarnate,{2}{R}{G},4.0,Creature — Elemental,Zendikar Incarnate's power is equal to the number of lands you control.,GR,GR,legal,not_legal,legal,eb12b1d8-c53e-4d48-89e5-2168ff34a853
a0af158b-f42a-4022-a438-e0a2e1fd6d9e,Zendikar Resurgent,{5}{G}{G},7.0,Enchantment,"Whenever you tap a land for mana, add one mana of any type that land produced. (The types of mana are white, blue, black, red, green, and colorless.)
Whenever you cast a creature spell, draw a card.",G,G,legal,not_legal,legal,33f64032-1e87-4d22-a211-c37e11ffa247
13aab4fc-4c89-45e6-8275-b074b00d0ee9,Zhalfirin Void,,0.0,Land,"When this land enters, scry 1. (Look at the top card of your library. You may put that card on the bottom.)
{T}: Add {C}.",,,legal,not_legal,legal,d481d871-d1e3-439b-bfd5-5b2212f9b0c8
ddc8c973-c31e-463f-be45-f3fa7d632362,Zombie,,0.0,Token Creature — Zombie,,B,B,not_legal,not_legal,not_legal,b82be730-c63b-4c2b-99f4-476befdb95cb
